{"type": "FeatureCollection", "name": "Tamamen sentetik Yenimahalle demo ağı", "crs": {"type": "name", "properties": {"name": "EPSG:4326"}}, "features": [{"type": "Feature", "properties": {"valve_code": "YMH-OSM-V-0001", "valve_type": "pressure_reducing", "diameter_mm": 250, "material": "çelik", "status": "open", "install_year": 2005, "related_pipe_code": "YMH-OSM-P-0156", "district": "Yenimahalle", "source": "synthetic_demo_yenimahalle_osm_20260721", "synthetic_notice": "Gerçek altyapı değildir; eğitim ve demo amaçlı sentetik veridir."}, "geometry": {"type": "Point", "coordinates": [32.7465925, 39.9711957]}}, {"type": "Feature", "properties": {"valve_code": "YMH-OSM-V-0002", "valve_type": "pressure_reducing", "diameter_mm": 400, "material": "çelik", "status": "open", "install_year": 2010, "related_pipe_code": "YMH-OSM-P-0245", "district": "Yenimahalle", "source": "synthetic_demo_yenimahalle_osm_20260721", "synthetic_notice": "Gerçek altyapı değildir; eğitim ve demo amaçlı sentetik veridir."}, "geometry": {"type": "Point", "coordinates": [32.7170813, 39.9698917]}}, {"type": "Feature", "properties": {"valve_code": "YMH-OSM-V-0003", "valve_type": "pressure_reducing", "diameter_mm": 400, "material": "çelik", "status": "open", "install_year": 2015, "related_pipe_code": "YMH-OSM-P-0248", "district": "Yenimahalle", "source": "synthetic_demo_yenimahalle_osm_20260721", "synthetic_notice": "Gerçek altyapı değildir; eğitim ve demo amaçlı sentetik veridir."}, "geometry": {"type": "Point", "coordinates": [32.7168848, 39.9701447]}}, {"type": "Feature", "properties": {"valve_code": "YMH-OSM-V-0004", "valve_type": "pressure_reducing", "diameter_mm": 315, "material": "çelik", "status": "open", "install_year": 2020, "related_pipe_code": "YMH-OSM-P-0169", "district": "Yenimahalle", "source": "synthetic_demo_yenimahalle_osm_20260721", "synthetic_notice": "Gerçek altyapı değildir; eğitim ve demo amaçlı sentetik veridir."}, "geometry": {"type": "Point", "coordinates": [32.7336327, 39.9662195]}}, {"type": "Feature", "properties": {"valve_code": "YMH-OSM-V-0005", "valve_type": "pressure_reducing", "diameter_mm": 400, "material": "çelik", "status": "open", "install_year": 2025, "related_pipe_code": "YMH-OSM-P-0173", "district": "Yenimahalle", "source": "synthetic_demo_yenimahalle_osm_20260721", "synthetic_notice": "Gerçek altyapı değildir; eğitim ve demo amaçlı sentetik veridir."}, "geometry": {"type": "Point", "coordinates": [32.7332368, 39.9661135]}}, {"type": "Feature", "properties": {"valve_code": "YMH-OSM-V-0006", "valve_type": "pressure_reducing", "diameter_mm": 400, "material": "çelik", "status": "open", "install_year": 2004, "related_pipe_code": "YMH-OSM-P-0536", "district": "Yenimahalle", "source": "synthetic_demo_yenimahalle_osm_20260721", "synthetic_notice": "Gerçek altyapı değildir; eğitim ve demo amaçlı sentetik veridir."}, "geometry": {"type": "Point", "coordinates": [32.7393876, 39.973577]}}, {"type": "Feature", "properties": {"valve_code": "YMH-OSM-V-0007", "valve_type": "pressure_reducing", "diameter_mm": 315, "material": "çelik", "status": "open", "install_year": 2009, "related_pipe_code": "YMH-OSM-P-0442", "district": "Yenimahalle", "source": "synthetic_demo_yenimahalle_osm_20260721", "synthetic_notice": "Gerçek altyapı değildir; eğitim ve demo amaçlı sentetik veridir."}, "geometry": {"type": "Point", "coordinates": [32.7077417, 39.9849506]}}, {"type": "Feature", "properties": {"valve_code": "YMH-OSM-V-0008", "valve_type": "pressure_reducing", "diameter_mm": 400, "material": "çelik", "status": "open", "install_year": 2014, "related_pipe_code": "YMH-OSM-P-0224", "district": "Yenimahalle", "source": "synthetic_demo_yenimahalle_osm_20260721", "synthetic_notice": "Gerçek altyapı değildir; eğitim ve demo amaçlı sentetik veridir."}, "geometry": {"type": "Point", "coordinates": [32.7235449, 39.9578702]}}, {"type": "Feature", "properties": {"valve_code": "YMH-OSM-V-0009", "valve_type": "pressure_reducing", "diameter_mm": 250, "material": "çelik", "status": "open", "install_year": 2019, "related_pipe_code": "YMH-OSM-P-0246", "district": "Yenimahalle", "source": "synthetic_demo_yenimahalle_osm_20260721", "synthetic_notice": "Gerçek altyapı değildir; eğitim ve demo amaçlı sentetik veridir."}, "geometry": {"type": "Point", "coordinates": [32.7206728, 39.958223]}}, {"type": "Feature", "properties": {"valve_code": "YMH-OSM-V-0010", "valve_type": "pressure_reducing", "diameter_mm": 315, "material": "çelik", "status": "open", "install_year": 2024, "related_pipe_code": "YMH-OSM-P-0223", "district": "Yenimahalle", "source": "synthetic_demo_yenimahalle_osm_20260721", "synthetic_notice": "Gerçek altyapı değildir; eğitim ve demo amaçlı sentetik veridir."}, "geometry": {"type": "Point", "coordinates": [32.7239756, 39.9578731]}}, {"type": "Feature", "properties": {"valve_code": "YMH-OSM-V-0011", "valve_type": "pressure_reducing", "diameter_mm": 400, "material": "çelik", "status": "open", "install_year": 2003, "related_pipe_code": "YMH-OSM-P-0251", "district": "Yenimahalle", "source": "synthetic_demo_yenimahalle_osm_20260721", "synthetic_notice": "Gerçek altyapı değildir; eğitim ve demo amaçlı sentetik veridir."}, "geometry": {"type": "Point", "coordinates": [32.7239325, 39.9580596]}}, {"type": "Feature", "properties": {"valve_code": "YMH-OSM-V-0012", "valve_type": "pressure_reducing", "diameter_mm": 315, "material": "çelik", "status": "open", "install_year": 2008, "related_pipe_code": "YMH-OSM-P-0232", "district": "Yenimahalle", "source": "synthetic_demo_yenimahalle_osm_20260721", "synthetic_notice": "Gerçek altyapı değildir; eğitim ve demo amaçlı sentetik veridir."}, "geometry": {"type": "Point", "coordinates": [32.7331255, 39.9542796]}}, {"type": "Feature", "properties": {"valve_code": "YMH-OSM-V-0013", "valve_type": "pressure_reducing", "diameter_mm": 400, "material": "çelik", "status": "open", "install_year": 2013, "related_pipe_code": "YMH-OSM-P-0440", "district": "Yenimahalle", "source": "synthetic_demo_yenimahalle_osm_20260721", "synthetic_notice": "Gerçek altyapı değildir; eğitim ve demo amaçlı sentetik veridir."}, "geometry": {"type": "Point", "coordinates": [32.7081226, 39.9849412]}}, {"type": "Feature", "properties": {"valve_code": "YMH-OSM-V-0014", "valve_type": "pressure_reducing", "diameter_mm": 400, "material": "çelik", "status": "open", "install_year": 2018, "related_pipe_code": "YMH-OSM-P-0389", "district": "Yenimahalle", "source": "synthetic_demo_yenimahalle_osm_20260721", "synthetic_notice": "Gerçek altyapı değildir; eğitim ve demo amaçlı sentetik veridir."}, "geometry": {"type": "Point", "coordinates": [32.7350292, 39.9758172]}}, {"type": "Feature", "properties": {"valve_code": "YMH-OSM-V-0015", "valve_type": "pressure_reducing", "diameter_mm": 400, "material": "çelik", "status": "open", "install_year": 2023, "related_pipe_code": "YMH-OSM-P-0284", "district": "Yenimahalle", "source": "synthetic_demo_yenimahalle_osm_20260721", "synthetic_notice": "Gerçek altyapı değildir; eğitim ve demo amaçlı sentetik veridir."}, "geometry": {"type": "Point", "coordinates": [32.7004756, 39.9967364]}}, {"type": "Feature", "properties": {"valve_code": "YMH-OSM-V-0016", "valve_type": "pressure_reducing", "diameter_mm": 250, "material": "çelik", "status": "open", "install_year": 2002, "related_pipe_code": "YMH-OSM-P-0330", "district": "Yenimahalle", "source": "synthetic_demo_yenimahalle_osm_20260721", "synthetic_notice": "Gerçek altyapı değildir; eğitim ve demo amaçlı sentetik veridir."}, "geometry": {"type": "Point", "coordinates": [32.790529, 39.9555738]}}, {"type": "Feature", "properties": {"valve_code": "YMH-OSM-V-0017", "valve_type": "pressure_reducing", "diameter_mm": 250, "material": "çelik", "status": "closed", "install_year": 2007, "related_pipe_code": "YMH-OSM-P-0174", "district": "Yenimahalle", "source": "synthetic_demo_yenimahalle_osm_20260721", "synthetic_notice": "Gerçek altyapı değildir; eğitim ve demo amaçlı sentetik veridir."}, "geometry": {"type": "Point", "coordinates": [32.7320626, 39.961794]}}, {"type": "Feature", "properties": {"valve_code": "YMH-OSM-V-0018", "valve_type": "pressure_reducing", "diameter_mm": 400, "material": "çelik", "status": "open", "install_year": 2012, "related_pipe_code": "YMH-OSM-P-0221", "district": "Yenimahalle", "source": "synthetic_demo_yenimahalle_osm_20260721", "synthetic_notice": "Gerçek altyapı değildir; eğitim ve demo amaçlı sentetik veridir."}, "geometry": {"type": "Point", "coordinates": [32.7319981, 39.9617045]}}, {"type": "Feature", "properties": {"valve_code": "YMH-OSM-V-0019", "valve_type": "pressure_reducing", "diameter_mm": 400, "material": "çelik", "status": "open", "install_year": 2017, "related_pipe_code": "YMH-OSM-P-0218", "district": "Yenimahalle", "source": "synthetic_demo_yenimahalle_osm_20260721", "synthetic_notice": "Gerçek altyapı değildir; eğitim ve demo amaçlı sentetik veridir."}, "geometry": {"type": "Point", "coordinates": [32.7321208, 39.9616273]}}, {"type": "Feature", "properties": {"valve_code": "YMH-OSM-V-0020", "valve_type": "pressure_reducing", "diameter_mm": 315, "material": "çelik", "status": "open", "install_year": 2022, "related_pipe_code": "YMH-OSM-P-0100", "district": "Yenimahalle", "source": "synthetic_demo_yenimahalle_osm_20260721", "synthetic_notice": "Gerçek altyapı değildir; eğitim ve demo amaçlı sentetik veridir."}, "geometry": {"type": "Point", "coordinates": [32.7602604, 39.9756277]}}, {"type": "Feature", "properties": {"valve_code": "YMH-OSM-V-0021", "valve_type": "pressure_reducing", "diameter_mm": 250, "material": "çelik", "status": "open", "install_year": 2001, "related_pipe_code": "YMH-OSM-P-0105", "district": "Yenimahalle", "source": "synthetic_demo_yenimahalle_osm_20260721", "synthetic_notice": "Gerçek altyapı değildir; eğitim ve demo amaçlı sentetik veridir."}, "geometry": {"type": "Point", "coordinates": [32.7603656, 39.9752613]}}, {"type": "Feature", "properties": {"valve_code": "YMH-OSM-V-0022", "valve_type": "pressure_reducing", "diameter_mm": 315, "material": "çelik", "status": "open", "install_year": 2006, "related_pipe_code": "YMH-OSM-P-0820", "district": "Yenimahalle", "source": "synthetic_demo_yenimahalle_osm_20260721", "synthetic_notice": "Gerçek altyapı değildir; eğitim ve demo amaçlı sentetik veridir."}, "geometry": {"type": "Point", "coordinates": [32.7499106, 39.9799322]}}, {"type": "Feature", "properties": {"valve_code": "YMH-OSM-V-0023", "valve_type": "pressure_reducing", "diameter_mm": 400, "material": "çelik", "status": "open", "install_year": 2011, "related_pipe_code": "YMH-OSM-P-0350", "district": "Yenimahalle", "source": "synthetic_demo_yenimahalle_osm_20260721", "synthetic_notice": "Gerçek altyapı değildir; eğitim ve demo amaçlı sentetik veridir."}, "geometry": {"type": "Point", "coordinates": [32.7392477, 39.9735442]}}, {"type": "Feature", "properties": {"valve_code": "YMH-OSM-V-0024", "valve_type": "pressure_reducing", "diameter_mm": 400, "material": "çelik", "status": "open", "install_year": 2016, "related_pipe_code": "YMH-OSM-P-0719", "district": "Yenimahalle", "source": "synthetic_demo_yenimahalle_osm_20260721", "synthetic_notice": "Gerçek altyapı değildir; eğitim ve demo amaçlı sentetik veridir."}, "geometry": {"type": "Point", "coordinates": [32.7399185, 39.9836668]}}, {"type": "Feature", "properties": {"valve_code": "YMH-OSM-V-0025", "valve_type": "pressure_reducing", "diameter_mm": 400, "material": "çelik", "status": "open", "install_year": 2021, "related_pipe_code": "YMH-OSM-P-0767", "district": "Yenimahalle", "source": "synthetic_demo_yenimahalle_osm_20260721", "synthetic_notice": "Gerçek altyapı değildir; eğitim ve demo amaçlı sentetik veridir."}, "geometry": {"type": "Point", "coordinates": [32.7397785, 39.9837386]}}, {"type": "Feature", "properties": {"valve_code": "YMH-OSM-V-0026", "valve_type": "pressure_reducing", "diameter_mm": 250, "material": "çelik", "status": "open", "install_year": 2000, "related_pipe_code": "YMH-OSM-P-0045", "district": "Yenimahalle", "source": "synthetic_demo_yenimahalle_osm_20260721", "synthetic_notice": "Gerçek altyapı değildir; eğitim ve demo amaçlı sentetik veridir."}, "geometry": {"type": "Point", "coordinates": [32.745468, 39.9860427]}}, {"type": "Feature", "properties": {"valve_code": "YMH-OSM-V-0027", "valve_type": "pressure_reducing", "diameter_mm": 400, "material": "çelik", "status": "open", "install_year": 2005, "related_pipe_code": "YMH-OSM-P-0764", "district": "Yenimahalle", "source": "synthetic_demo_yenimahalle_osm_20260721", "synthetic_notice": "Gerçek altyapı değildir; eğitim ve demo amaçlı sentetik veridir."}, "geometry": {"type": "Point", "coordinates": [32.7397643, 39.9835813]}}, {"type": "Feature", "properties": {"valve_code": "YMH-OSM-V-0028", "valve_type": "pressure_reducing", "diameter_mm": 400, "material": "çelik", "status": "open", "install_year": 2010, "related_pipe_code": "YMH-OSM-P-0092", "district": "Yenimahalle", "source": "synthetic_demo_yenimahalle_osm_20260721", "synthetic_notice": "Gerçek altyapı değildir; eğitim ve demo amaçlı sentetik veridir."}, "geometry": {"type": "Point", "coordinates": [32.7644864, 39.9810515]}}, {"type": "Feature", "properties": {"valve_code": "YMH-OSM-V-0029", "valve_type": "pressure_reducing", "diameter_mm": 250, "material": "çelik", "status": "open", "install_year": 2015, "related_pipe_code": "YMH-OSM-P-0102", "district": "Yenimahalle", "source": "synthetic_demo_yenimahalle_osm_20260721", "synthetic_notice": "Gerçek altyapı değildir; eğitim ve demo amaçlı sentetik veridir."}, "geometry": {"type": "Point", "coordinates": [32.7525545, 39.9802842]}}, {"type": "Feature", "properties": {"valve_code": "YMH-OSM-V-0030", "valve_type": "pressure_reducing", "diameter_mm": 315, "material": "çelik", "status": "open", "install_year": 2020, "related_pipe_code": "YMH-OSM-P-0124", "district": "Yenimahalle", "source": "synthetic_demo_yenimahalle_osm_20260721", "synthetic_notice": "Gerçek altyapı değildir; eğitim ve demo amaçlı sentetik veridir."}, "geometry": {"type": "Point", "coordinates": [32.764241, 39.9809703]}}, {"type": "Feature", "properties": {"valve_code": "YMH-OSM-V-0031", "valve_type": "pressure_reducing", "diameter_mm": 315, "material": "çelik", "status": "open", "install_year": 2025, "related_pipe_code": "YMH-OSM-P-0157", "district": "Yenimahalle", "source": "synthetic_demo_yenimahalle_osm_20260721", "synthetic_notice": "Gerçek altyapı değildir; eğitim ve demo amaçlı sentetik veridir."}, "geometry": {"type": "Point", "coordinates": [32.7461327, 39.9712252]}}, {"type": "Feature", "properties": {"valve_code": "YMH-OSM-V-0032", "valve_type": "pressure_reducing", "diameter_mm": 250, "material": "çelik", "status": "open", "install_year": 2004, "related_pipe_code": "YMH-OSM-P-0816", "district": "Yenimahalle", "source": "synthetic_demo_yenimahalle_osm_20260721", "synthetic_notice": "Gerçek altyapı değildir; eğitim ve demo amaçlı sentetik veridir."}, "geometry": {"type": "Point", "coordinates": [32.7498948, 39.9801643]}}, {"type": "Feature", "properties": {"valve_code": "YMH-OSM-V-0033", "valve_type": "pressure_reducing", "diameter_mm": 315, "material": "çelik", "status": "open", "install_year": 2009, "related_pipe_code": "YMH-OSM-P-0007", "district": "Yenimahalle", "source": "synthetic_demo_yenimahalle_osm_20260721", "synthetic_notice": "Gerçek altyapı değildir; eğitim ve demo amaçlı sentetik veridir."}, "geometry": {"type": "Point", "coordinates": [32.7475014, 39.9916896]}}, {"type": "Feature", "properties": {"valve_code": "YMH-OSM-V-0034", "valve_type": "pressure_reducing", "diameter_mm": 400, "material": "çelik", "status": "closed", "install_year": 2014, "related_pipe_code": "YMH-OSM-P-0080", "district": "Yenimahalle", "source": "synthetic_demo_yenimahalle_osm_20260721", "synthetic_notice": "Gerçek altyapı değildir; eğitim ve demo amaçlı sentetik veridir."}, "geometry": {"type": "Point", "coordinates": [32.7685538, 39.9889961]}}, {"type": "Feature", "properties": {"valve_code": "YMH-OSM-V-0035", "valve_type": "pressure_reducing", "diameter_mm": 400, "material": "çelik", "status": "open", "install_year": 2019, "related_pipe_code": "YMH-OSM-P-0065", "district": "Yenimahalle", "source": "synthetic_demo_yenimahalle_osm_20260721", "synthetic_notice": "Gerçek altyapı değildir; eğitim ve demo amaçlı sentetik veridir."}, "geometry": {"type": "Point", "coordinates": [32.7758696, 39.9867619]}}, {"type": "Feature", "properties": {"valve_code": "YMH-OSM-V-0036", "valve_type": "pressure_reducing", "diameter_mm": 250, "material": "çelik", "status": "open", "install_year": 2024, "related_pipe_code": "YMH-OSM-P-0057", "district": "Yenimahalle", "source": "synthetic_demo_yenimahalle_osm_20260721", "synthetic_notice": "Gerçek altyapı değildir; eğitim ve demo amaçlı sentetik veridir."}, "geometry": {"type": "Point", "coordinates": [32.7685709, 39.989217]}}, {"type": "Feature", "properties": {"valve_code": "YMH-OSM-V-0037", "valve_type": "pressure_reducing", "diameter_mm": 250, "material": "çelik", "status": "open", "install_year": 2003, "related_pipe_code": "YMH-OSM-P-0069", "district": "Yenimahalle", "source": "synthetic_demo_yenimahalle_osm_20260721", "synthetic_notice": "Gerçek altyapı değildir; eğitim ve demo amaçlı sentetik veridir."}, "geometry": {"type": "Point", "coordinates": [32.7751249, 39.974443]}}, {"type": "Feature", "properties": {"valve_code": "YMH-OSM-V-0038", "valve_type": "pressure_reducing", "diameter_mm": 400, "material": "çelik", "status": "open", "install_year": 2008, "related_pipe_code": "YMH-OSM-P-0254", "district": "Yenimahalle", "source": "synthetic_demo_yenimahalle_osm_20260721", "synthetic_notice": "Gerçek altyapı değildir; eğitim ve demo amaçlı sentetik veridir."}, "geometry": {"type": "Point", "coordinates": [32.7168024, 39.9697824]}}, {"type": "Feature", "properties": {"valve_code": "YMH-OSM-V-0039", "valve_type": "pressure_reducing", "diameter_mm": 315, "material": "çelik", "status": "open", "install_year": 2013, "related_pipe_code": "YMH-OSM-P-0277", "district": "Yenimahalle", "source": "synthetic_demo_yenimahalle_osm_20260721", "synthetic_notice": "Gerçek altyapı değildir; eğitim ve demo amaçlı sentetik veridir."}, "geometry": {"type": "Point", "coordinates": [32.7021429, 39.9722233]}}, {"type": "Feature", "properties": {"valve_code": "YMH-OSM-V-0040", "valve_type": "pressure_reducing", "diameter_mm": 315, "material": "çelik", "status": "open", "install_year": 2018, "related_pipe_code": "YMH-OSM-P-0598", "district": "Yenimahalle", "source": "synthetic_demo_yenimahalle_osm_20260721", "synthetic_notice": "Gerçek altyapı değildir; eğitim ve demo amaçlı sentetik veridir."}, "geometry": {"type": "Point", "coordinates": [32.7725693, 40.0289316]}}, {"type": "Feature", "properties": {"valve_code": "YMH-OSM-V-0041", "valve_type": "pressure_reducing", "diameter_mm": 250, "material": "çelik", "status": "open", "install_year": 2023, "related_pipe_code": "YMH-OSM-P-0600", "district": "Yenimahalle", "source": "synthetic_demo_yenimahalle_osm_20260721", "synthetic_notice": "Gerçek altyapı değildir; eğitim ve demo amaçlı sentetik veridir."}, "geometry": {"type": "Point", "coordinates": [32.7728306, 40.0287723]}}, {"type": "Feature", "properties": {"valve_code": "YMH-OSM-V-0042", "valve_type": "pressure_reducing", "diameter_mm": 250, "material": "çelik", "status": "open", "install_year": 2002, "related_pipe_code": "YMH-OSM-P-0747", "district": "Yenimahalle", "source": "synthetic_demo_yenimahalle_osm_20260721", "synthetic_notice": "Gerçek altyapı değildir; eğitim ve demo amaçlı sentetik veridir."}, "geometry": {"type": "Point", "coordinates": [32.7989783, 39.968528]}}, {"type": "Feature", "properties": {"valve_code": "YMH-OSM-V-0043", "valve_type": "pressure_reducing", "diameter_mm": 250, "material": "çelik", "status": "open", "install_year": 2007, "related_pipe_code": "YMH-OSM-P-0525", "district": "Yenimahalle", "source": "synthetic_demo_yenimahalle_osm_20260721", "synthetic_notice": "Gerçek altyapı değildir; eğitim ve demo amaçlı sentetik veridir."}, "geometry": {"type": "Point", "coordinates": [32.7980886, 39.9646647]}}, {"type": "Feature", "properties": {"valve_code": "YMH-OSM-V-0044", "valve_type": "pressure_reducing", "diameter_mm": 400, "material": "çelik", "status": "open", "install_year": 2012, "related_pipe_code": "YMH-OSM-P-0074", "district": "Yenimahalle", "source": "synthetic_demo_yenimahalle_osm_20260721", "synthetic_notice": "Gerçek altyapı değildir; eğitim ve demo amaçlı sentetik veridir."}, "geometry": {"type": "Point", "coordinates": [32.7752111, 39.9743174]}}, {"type": "Feature", "properties": {"valve_code": "YMH-OSM-V-0045", "valve_type": "pressure_reducing", "diameter_mm": 400, "material": "çelik", "status": "open", "install_year": 2017, "related_pipe_code": "YMH-OSM-P-0116", "district": "Yenimahalle", "source": "synthetic_demo_yenimahalle_osm_20260721", "synthetic_notice": "Gerçek altyapı değildir; eğitim ve demo amaçlı sentetik veridir."}, "geometry": {"type": "Point", "coordinates": [32.7604697, 39.9755871]}}, {"type": "Feature", "properties": {"valve_code": "YMH-OSM-V-0046", "valve_type": "pressure_reducing", "diameter_mm": 250, "material": "çelik", "status": "open", "install_year": 2022, "related_pipe_code": "YMH-OSM-P-0480", "district": "Yenimahalle", "source": "synthetic_demo_yenimahalle_osm_20260721", "synthetic_notice": "Gerçek altyapı değildir; eğitim ve demo amaçlı sentetik veridir."}, "geometry": {"type": "Point", "coordinates": [32.8113588, 39.9563554]}}, {"type": "Feature", "properties": {"valve_code": "YMH-OSM-V-0047", "valve_type": "pressure_reducing", "diameter_mm": 400, "material": "çelik", "status": "open", "install_year": 2001, "related_pipe_code": "YMH-OSM-P-0467", "district": "Yenimahalle", "source": "synthetic_demo_yenimahalle_osm_20260721", "synthetic_notice": "Gerçek altyapı değildir; eğitim ve demo amaçlı sentetik veridir."}, "geometry": {"type": "Point", "coordinates": [32.7845769, 39.9688]}}, {"type": "Feature", "properties": {"valve_code": "YMH-OSM-V-0048", "valve_type": "pressure_reducing", "diameter_mm": 250, "material": "çelik", "status": "open", "install_year": 2006, "related_pipe_code": "YMH-OSM-P-0633", "district": "Yenimahalle", "source": "synthetic_demo_yenimahalle_osm_20260721", "synthetic_notice": "Gerçek altyapı değildir; eğitim ve demo amaçlı sentetik veridir."}, "geometry": {"type": "Point", "coordinates": [32.7881475, 40.0334095]}}, {"type": "Feature", "properties": {"valve_code": "YMH-OSM-V-0049", "valve_type": "pressure_reducing", "diameter_mm": 400, "material": "çelik", "status": "open", "install_year": 2011, "related_pipe_code": "YMH-OSM-P-0638", "district": "Yenimahalle", "source": "synthetic_demo_yenimahalle_osm_20260721", "synthetic_notice": "Gerçek altyapı değildir; eğitim ve demo amaçlı sentetik veridir."}, "geometry": {"type": "Point", "coordinates": [32.788008, 40.0336163]}}, {"type": "Feature", "properties": {"valve_code": "YMH-OSM-V-0050", "valve_type": "pressure_reducing", "diameter_mm": 315, "material": "çelik", "status": "open", "install_year": 2016, "related_pipe_code": "YMH-OSM-P-0478", "district": "Yenimahalle", "source": "synthetic_demo_yenimahalle_osm_20260721", "synthetic_notice": "Gerçek altyapı değildir; eğitim ve demo amaçlı sentetik veridir."}, "geometry": {"type": "Point", "coordinates": [32.8113483, 39.956498]}}, {"type": "Feature", "properties": {"valve_code": "YMH-OSM-V-0051", "valve_type": "pressure_reducing", "diameter_mm": 250, "material": "çelik", "status": "closed", "install_year": 2021, "related_pipe_code": "YMH-OSM-P-0477", "district": "Yenimahalle", "source": "synthetic_demo_yenimahalle_osm_20260721", "synthetic_notice": "Gerçek altyapı değildir; eğitim ve demo amaçlı sentetik veridir."}, "geometry": {"type": "Point", "coordinates": [32.7952176, 39.9571953]}}, {"type": "Feature", "properties": {"valve_code": "YMH-OSM-V-0052", "valve_type": "pressure_reducing", "diameter_mm": 315, "material": "çelik", "status": "open", "install_year": 2000, "related_pipe_code": "YMH-OSM-P-0604", "district": "Yenimahalle", "source": "synthetic_demo_yenimahalle_osm_20260721", "synthetic_notice": "Gerçek altyapı değildir; eğitim ve demo amaçlı sentetik veridir."}, "geometry": {"type": "Point", "coordinates": [32.7757896, 40.0179493]}}, {"type": "Feature", "properties": {"valve_code": "YMH-OSM-V-0053", "valve_type": "pressure_reducing", "diameter_mm": 400, "material": "çelik", "status": "open", "install_year": 2005, "related_pipe_code": "YMH-OSM-P-0164", "district": "Yenimahalle", "source": "synthetic_demo_yenimahalle_osm_20260721", "synthetic_notice": "Gerçek altyapı değildir; eğitim ve demo amaçlı sentetik veridir."}, "geometry": {"type": "Point", "coordinates": [32.7461125, 39.9708808]}}, {"type": "Feature", "properties": {"valve_code": "YMH-OSM-V-0054", "valve_type": "pressure_reducing", "diameter_mm": 250, "material": "çelik", "status": "open", "install_year": 2010, "related_pipe_code": "YMH-OSM-P-0180", "district": "Yenimahalle", "source": "synthetic_demo_yenimahalle_osm_20260721", "synthetic_notice": "Gerçek altyapı değildir; eğitim ve demo amaçlı sentetik veridir."}, "geometry": {"type": "Point", "coordinates": [32.7466183, 39.9709196]}}, {"type": "Feature", "properties": {"valve_code": "YMH-OSM-V-0055", "valve_type": "pressure_reducing", "diameter_mm": 315, "material": "çelik", "status": "open", "install_year": 2015, "related_pipe_code": "YMH-OSM-P-0367", "district": "Yenimahalle", "source": "synthetic_demo_yenimahalle_osm_20260721", "synthetic_notice": "Gerçek altyapı değildir; eğitim ve demo amaçlı sentetik veridir."}, "geometry": {"type": "Point", "coordinates": [32.6883103, 39.9646285]}}, {"type": "Feature", "properties": {"valve_code": "YMH-OSM-V-0056", "valve_type": "pressure_reducing", "diameter_mm": 315, "material": "çelik", "status": "open", "install_year": 2020, "related_pipe_code": "YMH-OSM-P-0076", "district": "Yenimahalle", "source": "synthetic_demo_yenimahalle_osm_20260721", "synthetic_notice": "Gerçek altyapı değildir; eğitim ve demo amaçlı sentetik veridir."}, "geometry": {"type": "Point", "coordinates": [32.7778811, 39.9706686]}}, {"type": "Feature", "properties": {"valve_code": "YMH-OSM-V-0057", "valve_type": "pressure_reducing", "diameter_mm": 400, "material": "çelik", "status": "open", "install_year": 2025, "related_pipe_code": "YMH-OSM-P-0272", "district": "Yenimahalle", "source": "synthetic_demo_yenimahalle_osm_20260721", "synthetic_notice": "Gerçek altyapı değildir; eğitim ve demo amaçlı sentetik veridir."}, "geometry": {"type": "Point", "coordinates": [32.7021667, 39.972047]}}, {"type": "Feature", "properties": {"valve_code": "YMH-OSM-V-0058", "valve_type": "pressure_reducing", "diameter_mm": 250, "material": "çelik", "status": "open", "install_year": 2004, "related_pipe_code": "YMH-OSM-P-0201", "district": "Yenimahalle", "source": "synthetic_demo_yenimahalle_osm_20260721", "synthetic_notice": "Gerçek altyapı değildir; eğitim ve demo amaçlı sentetik veridir."}, "geometry": {"type": "Point", "coordinates": [32.7279445, 39.9678257]}}, {"type": "Feature", "properties": {"valve_code": "YMH-OSM-V-0059", "valve_type": "pressure_reducing", "diameter_mm": 315, "material": "çelik", "status": "open", "install_year": 2009, "related_pipe_code": "YMH-OSM-P-0163", "district": "Yenimahalle", "source": "synthetic_demo_yenimahalle_osm_20260721", "synthetic_notice": "Gerçek altyapı değildir; eğitim ve demo amaçlı sentetik veridir."}, "geometry": {"type": "Point", "coordinates": [32.7280306, 39.9679678]}}, {"type": "Feature", "properties": {"valve_code": "YMH-OSM-V-0060", "valve_type": "pressure_reducing", "diameter_mm": 315, "material": "çelik", "status": "open", "install_year": 2014, "related_pipe_code": "YMH-OSM-P-0253", "district": "Yenimahalle", "source": "synthetic_demo_yenimahalle_osm_20260721", "synthetic_notice": "Gerçek altyapı değildir; eğitim ve demo amaçlı sentetik veridir."}, "geometry": {"type": "Point", "coordinates": [32.7279288, 39.9680217]}}, {"type": "Feature", "properties": {"valve_code": "YMH-OSM-V-0061", "valve_type": "pressure_reducing", "diameter_mm": 400, "material": "çelik", "status": "open", "install_year": 2019, "related_pipe_code": "YMH-OSM-P-0242", "district": "Yenimahalle", "source": "synthetic_demo_yenimahalle_osm_20260721", "synthetic_notice": "Gerçek altyapı değildir; eğitim ve demo amaçlı sentetik veridir."}, "geometry": {"type": "Point", "coordinates": [32.727836, 39.9678844]}}, {"type": "Feature", "properties": {"valve_code": "YMH-OSM-V-0062", "valve_type": "pressure_reducing", "diameter_mm": 250, "material": "çelik", "status": "open", "install_year": 2024, "related_pipe_code": "YMH-OSM-P-0471", "district": "Yenimahalle", "source": "synthetic_demo_yenimahalle_osm_20260721", "synthetic_notice": "Gerçek altyapı değildir; eğitim ve demo amaçlı sentetik veridir."}, "geometry": {"type": "Point", "coordinates": [32.7950974, 39.9572134]}}, {"type": "Feature", "properties": {"valve_code": "YMH-OSM-V-0063", "valve_type": "pressure_reducing", "diameter_mm": 315, "material": "çelik", "status": "open", "install_year": 2003, "related_pipe_code": "YMH-OSM-P-0601", "district": "Yenimahalle", "source": "synthetic_demo_yenimahalle_osm_20260721", "synthetic_notice": "Gerçek altyapı değildir; eğitim ve demo amaçlı sentetik veridir."}, "geometry": {"type": "Point", "coordinates": [32.7766125, 40.0282506]}}, {"type": "Feature", "properties": {"valve_code": "YMH-OSM-V-0064", "valve_type": "pressure_reducing", "diameter_mm": 250, "material": "çelik", "status": "open", "install_year": 2008, "related_pipe_code": "YMH-OSM-P-0621", "district": "Yenimahalle", "source": "synthetic_demo_yenimahalle_osm_20260721", "synthetic_notice": "Gerçek altyapı değildir; eğitim ve demo amaçlı sentetik veridir."}, "geometry": {"type": "Point", "coordinates": [32.7765544, 40.0284673]}}, {"type": "Feature", "properties": {"valve_code": "YMH-OSM-V-0065", "valve_type": "pressure_reducing", "diameter_mm": 315, "material": "çelik", "status": "open", "install_year": 2013, "related_pipe_code": "YMH-OSM-P-0622", "district": "Yenimahalle", "source": "synthetic_demo_yenimahalle_osm_20260721", "synthetic_notice": "Gerçek altyapı değildir; eğitim ve demo amaçlı sentetik veridir."}, "geometry": {"type": "Point", "coordinates": [32.7730315, 40.028996]}}, {"type": "Feature", "properties": {"valve_code": "YMH-OSM-V-0066", "valve_type": "pressure_reducing", "diameter_mm": 400, "material": "çelik", "status": "open", "install_year": 2018, "related_pipe_code": "YMH-OSM-P-0644", "district": "Yenimahalle", "source": "synthetic_demo_yenimahalle_osm_20260721", "synthetic_notice": "Gerçek altyapı değildir; eğitim ve demo amaçlı sentetik veridir."}, "geometry": {"type": "Point", "coordinates": [32.7879016, 40.0333266]}}, {"type": "Feature", "properties": {"valve_code": "YMH-OSM-V-0067", "valve_type": "pressure_reducing", "diameter_mm": 315, "material": "çelik", "status": "open", "install_year": 2023, "related_pipe_code": "YMH-OSM-P-0616", "district": "Yenimahalle", "source": "synthetic_demo_yenimahalle_osm_20260721", "synthetic_notice": "Gerçek altyapı değildir; eğitim ve demo amaçlı sentetik veridir."}, "geometry": {"type": "Point", "coordinates": [32.7877782, 40.0335157]}}, {"type": "Feature", "properties": {"valve_code": "YMH-OSM-V-0068", "valve_type": "pressure_reducing", "diameter_mm": 250, "material": "çelik", "status": "closed", "install_year": 2002, "related_pipe_code": "YMH-OSM-P-0615", "district": "Yenimahalle", "source": "synthetic_demo_yenimahalle_osm_20260721", "synthetic_notice": "Gerçek altyapı değildir; eğitim ve demo amaçlı sentetik veridir."}, "geometry": {"type": "Point", "coordinates": [32.7768396, 40.0285143]}}, {"type": "Feature", "properties": {"valve_code": "YMH-OSM-V-0069", "valve_type": "pressure_reducing", "diameter_mm": 250, "material": "çelik", "status": "open", "install_year": 2007, "related_pipe_code": "YMH-OSM-P-0435", "district": "Yenimahalle", "source": "synthetic_demo_yenimahalle_osm_20260721", "synthetic_notice": "Gerçek altyapı değildir; eğitim ve demo amaçlı sentetik veridir."}, "geometry": {"type": "Point", "coordinates": [32.7243372, 39.9829485]}}, {"type": "Feature", "properties": {"valve_code": "YMH-OSM-V-0070", "valve_type": "pressure_reducing", "diameter_mm": 250, "material": "çelik", "status": "open", "install_year": 2012, "related_pipe_code": "YMH-OSM-P-0450", "district": "Yenimahalle", "source": "synthetic_demo_yenimahalle_osm_20260721", "synthetic_notice": "Gerçek altyapı değildir; eğitim ve demo amaçlı sentetik veridir."}, "geometry": {"type": "Point", "coordinates": [32.7246831, 39.9830336]}}, {"type": "Feature", "properties": {"valve_code": "YMH-OSM-V-0071", "valve_type": "pressure_reducing", "diameter_mm": 400, "material": "çelik", "status": "open", "install_year": 2017, "related_pipe_code": "YMH-OSM-P-0407", "district": "Yenimahalle", "source": "synthetic_demo_yenimahalle_osm_20260721", "synthetic_notice": "Gerçek altyapı değildir; eğitim ve demo amaçlı sentetik veridir."}, "geometry": {"type": "Point", "coordinates": [32.69854, 39.9651782]}}, {"type": "Feature", "properties": {"valve_code": "YMH-OSM-V-0072", "valve_type": "pressure_reducing", "diameter_mm": 315, "material": "çelik", "status": "open", "install_year": 2022, "related_pipe_code": "YMH-OSM-P-0247", "district": "Yenimahalle", "source": "synthetic_demo_yenimahalle_osm_20260721", "synthetic_notice": "Gerçek altyapı değildir; eğitim ve demo amaçlı sentetik veridir."}, "geometry": {"type": "Point", "coordinates": [32.7235818, 39.9580533]}}, {"type": "Feature", "properties": {"valve_code": "YMH-OSM-V-0073", "valve_type": "pressure_reducing", "diameter_mm": 400, "material": "çelik", "status": "open", "install_year": 2001, "related_pipe_code": "YMH-OSM-P-0203", "district": "Yenimahalle", "source": "synthetic_demo_yenimahalle_osm_20260721", "synthetic_notice": "Gerçek altyapı değildir; eğitim ve demo amaçlı sentetik veridir."}, "geometry": {"type": "Point", "coordinates": [32.7322185, 39.9617459]}}, {"type": "Feature", "properties": {"valve_code": "YMH-OSM-V-0074", "valve_type": "pressure_reducing", "diameter_mm": 315, "material": "çelik", "status": "open", "install_year": 2006, "related_pipe_code": "YMH-OSM-P-0229", "district": "Yenimahalle", "source": "synthetic_demo_yenimahalle_osm_20260721", "synthetic_notice": "Gerçek altyapı değildir; eğitim ve demo amaçlı sentetik veridir."}, "geometry": {"type": "Point", "coordinates": [32.732913, 39.9542446]}}, {"type": "Feature", "properties": {"valve_code": "YMH-OSM-V-0075", "valve_type": "pressure_reducing", "diameter_mm": 315, "material": "çelik", "status": "open", "install_year": 2011, "related_pipe_code": "YMH-OSM-P-0403", "district": "Yenimahalle", "source": "synthetic_demo_yenimahalle_osm_20260721", "synthetic_notice": "Gerçek altyapı değildir; eğitim ve demo amaçlı sentetik veridir."}, "geometry": {"type": "Point", "coordinates": [32.6983958, 39.9651979]}}, {"type": "Feature", "properties": {"valve_code": "YMH-OSM-V-0076", "valve_type": "pressure_reducing", "diameter_mm": 250, "material": "çelik", "status": "open", "install_year": 2016, "related_pipe_code": "YMH-OSM-P-0369", "district": "Yenimahalle", "source": "synthetic_demo_yenimahalle_osm_20260721", "synthetic_notice": "Gerçek altyapı değildir; eğitim ve demo amaçlı sentetik veridir."}, "geometry": {"type": "Point", "coordinates": [32.6985463, 39.9650414]}}, {"type": "Feature", "properties": {"valve_code": "YMH-OSM-V-0077", "valve_type": "pressure_reducing", "diameter_mm": 250, "material": "çelik", "status": "open", "install_year": 2021, "related_pipe_code": "YMH-OSM-P-0648", "district": "Yenimahalle", "source": "synthetic_demo_yenimahalle_osm_20260721", "synthetic_notice": "Gerçek altyapı değildir; eğitim ve demo amaçlı sentetik veridir."}, "geometry": {"type": "Point", "coordinates": [32.7758466, 40.0177335]}}, {"type": "Feature", "properties": {"valve_code": "YMH-OSM-V-0078", "valve_type": "pressure_reducing", "diameter_mm": 315, "material": "çelik", "status": "open", "install_year": 2000, "related_pipe_code": "YMH-OSM-P-0574", "district": "Yenimahalle", "source": "synthetic_demo_yenimahalle_osm_20260721", "synthetic_notice": "Gerçek altyapı değildir; eğitim ve demo amaçlı sentetik veridir."}, "geometry": {"type": "Point", "coordinates": [32.7674934, 39.9950061]}}, {"type": "Feature", "properties": {"valve_code": "YMH-OSM-V-0079", "valve_type": "pressure_reducing", "diameter_mm": 315, "material": "çelik", "status": "open", "install_year": 2005, "related_pipe_code": "YMH-OSM-P-0640", "district": "Yenimahalle", "source": "synthetic_demo_yenimahalle_osm_20260721", "synthetic_notice": "Gerçek altyapı değildir; eğitim ve demo amaçlı sentetik veridir."}, "geometry": {"type": "Point", "coordinates": [32.7727135, 40.0291183]}}, {"type": "Feature", "properties": {"valve_code": "YMH-OSM-V-0080", "valve_type": "pressure_reducing", "diameter_mm": 400, "material": "çelik", "status": "open", "install_year": 2010, "related_pipe_code": "YMH-OSM-P-0686", "district": "Yenimahalle", "source": "synthetic_demo_yenimahalle_osm_20260721", "synthetic_notice": "Gerçek altyapı değildir; eğitim ve demo amaçlı sentetik veridir."}, "geometry": {"type": "Point", "coordinates": [32.78621, 40.0212682]}}, {"type": "Feature", "properties": {"valve_code": "YMH-OSM-V-0081", "valve_type": "pressure_reducing", "diameter_mm": 400, "material": "çelik", "status": "open", "install_year": 2015, "related_pipe_code": "YMH-OSM-P-0605", "district": "Yenimahalle", "source": "synthetic_demo_yenimahalle_osm_20260721", "synthetic_notice": "Gerçek altyapı değildir; eğitim ve demo amaçlı sentetik veridir."}, "geometry": {"type": "Point", "coordinates": [32.7859801, 40.021166]}}, {"type": "Feature", "properties": {"valve_code": "YMH-OSM-V-0082", "valve_type": "pressure_reducing", "diameter_mm": 315, "material": "çelik", "status": "open", "install_year": 2020, "related_pipe_code": "YMH-OSM-P-0256", "district": "Yenimahalle", "source": "synthetic_demo_yenimahalle_osm_20260721", "synthetic_notice": "Gerçek altyapı değildir; eğitim ve demo amaçlı sentetik veridir."}, "geometry": {"type": "Point", "coordinates": [32.7079567, 39.9697965]}}, {"type": "Feature", "properties": {"valve_code": "YMH-OSM-V-0083", "valve_type": "pressure_reducing", "diameter_mm": 250, "material": "çelik", "status": "open", "install_year": 2025, "related_pipe_code": "YMH-OSM-P-0507", "district": "Yenimahalle", "source": "synthetic_demo_yenimahalle_osm_20260721", "synthetic_notice": "Gerçek altyapı değildir; eğitim ve demo amaçlı sentetik veridir."}, "geometry": {"type": "Point", "coordinates": [32.7984529, 39.9645832]}}, {"type": "Feature", "properties": {"valve_code": "YMH-OSM-V-0084", "valve_type": "pressure_reducing", "diameter_mm": 250, "material": "çelik", "status": "open", "install_year": 2004, "related_pipe_code": "YMH-OSM-P-0486", "district": "Yenimahalle", "source": "synthetic_demo_yenimahalle_osm_20260721", "synthetic_notice": "Gerçek altyapı değildir; eğitim ve demo amaçlı sentetik veridir."}, "geometry": {"type": "Point", "coordinates": [32.80844, 39.9629734]}}, {"type": "Feature", "properties": {"valve_code": "YMH-OSM-V-0085", "valve_type": "pressure_reducing", "diameter_mm": 315, "material": "çelik", "status": "closed", "install_year": 2009, "related_pipe_code": "YMH-OSM-P-0736", "district": "Yenimahalle", "source": "synthetic_demo_yenimahalle_osm_20260721", "synthetic_notice": "Gerçek altyapı değildir; eğitim ve demo amaçlı sentetik veridir."}, "geometry": {"type": "Point", "coordinates": [32.781798, 40.010786]}}, {"type": "Feature", "properties": {"valve_code": "YMH-OSM-V-0086", "valve_type": "pressure_reducing", "diameter_mm": 250, "material": "çelik", "status": "open", "install_year": 2014, "related_pipe_code": "YMH-OSM-P-0735", "district": "Yenimahalle", "source": "synthetic_demo_yenimahalle_osm_20260721", "synthetic_notice": "Gerçek altyapı değildir; eğitim ve demo amaçlı sentetik veridir."}, "geometry": {"type": "Point", "coordinates": [32.7816383, 40.0068059]}}, {"type": "Feature", "properties": {"valve_code": "YMH-OSM-V-0087", "valve_type": "pressure_reducing", "diameter_mm": 400, "material": "çelik", "status": "open", "install_year": 2019, "related_pipe_code": "YMH-OSM-P-0521", "district": "Yenimahalle", "source": "synthetic_demo_yenimahalle_osm_20260721", "synthetic_notice": "Gerçek altyapı değildir; eğitim ve demo amaçlı sentetik veridir."}, "geometry": {"type": "Point", "coordinates": [32.7855921, 39.9700014]}}, {"type": "Feature", "properties": {"valve_code": "YMH-OSM-V-0088", "valve_type": "pressure_reducing", "diameter_mm": 315, "material": "çelik", "status": "open", "install_year": 2024, "related_pipe_code": "YMH-OSM-P-0178", "district": "Yenimahalle", "source": "synthetic_demo_yenimahalle_osm_20260721", "synthetic_notice": "Gerçek altyapı değildir; eğitim ve demo amaçlı sentetik veridir."}, "geometry": {"type": "Point", "coordinates": [32.7476694, 39.9643644]}}, {"type": "Feature", "properties": {"valve_code": "YMH-OSM-V-0089", "valve_type": "pressure_reducing", "diameter_mm": 400, "material": "çelik", "status": "open", "install_year": 2003, "related_pipe_code": "YMH-OSM-P-0419", "district": "Yenimahalle", "source": "synthetic_demo_yenimahalle_osm_20260721", "synthetic_notice": "Gerçek altyapı değildir; eğitim ve demo amaçlı sentetik veridir."}, "geometry": {"type": "Point", "coordinates": [32.7465193, 39.9733665]}}, {"type": "Feature", "properties": {"valve_code": "YMH-OSM-V-0090", "valve_type": "pressure_reducing", "diameter_mm": 400, "material": "çelik", "status": "open", "install_year": 2008, "related_pipe_code": "YMH-OSM-P-0791", "district": "Yenimahalle", "source": "synthetic_demo_yenimahalle_osm_20260721", "synthetic_notice": "Gerçek altyapı değildir; eğitim ve demo amaçlı sentetik veridir."}, "geometry": {"type": "Point", "coordinates": [32.7800562, 39.9667257]}}, {"type": "Feature", "properties": {"valve_code": "YMH-OSM-V-0091", "valve_type": "pressure_reducing", "diameter_mm": 315, "material": "çelik", "status": "open", "install_year": 2013, "related_pipe_code": "YMH-OSM-P-0793", "district": "Yenimahalle", "source": "synthetic_demo_yenimahalle_osm_20260721", "synthetic_notice": "Gerçek altyapı değildir; eğitim ve demo amaçlı sentetik veridir."}, "geometry": {"type": "Point", "coordinates": [32.7759646, 39.9666389]}}, {"type": "Feature", "properties": {"valve_code": "YMH-OSM-V-0092", "valve_type": "pressure_reducing", "diameter_mm": 315, "material": "çelik", "status": "open", "install_year": 2018, "related_pipe_code": "YMH-OSM-P-0823", "district": "Yenimahalle", "source": "synthetic_demo_yenimahalle_osm_20260721", "synthetic_notice": "Gerçek altyapı değildir; eğitim ve demo amaçlı sentetik veridir."}, "geometry": {"type": "Point", "coordinates": [32.7486272, 39.9781042]}}, {"type": "Feature", "properties": {"valve_code": "YMH-OSM-V-0093", "valve_type": "pressure_reducing", "diameter_mm": 315, "material": "çelik", "status": "open", "install_year": 2023, "related_pipe_code": "YMH-OSM-P-0280", "district": "Yenimahalle", "source": "synthetic_demo_yenimahalle_osm_20260721", "synthetic_notice": "Gerçek altyapı değildir; eğitim ve demo amaçlı sentetik veridir."}, "geometry": {"type": "Point", "coordinates": [32.6919356, 39.9867612]}}, {"type": "Feature", "properties": {"valve_code": "YMH-OSM-V-0094", "valve_type": "pressure_reducing", "diameter_mm": 250, "material": "çelik", "status": "open", "install_year": 2002, "related_pipe_code": "YMH-OSM-P-0279", "district": "Yenimahalle", "source": "synthetic_demo_yenimahalle_osm_20260721", "synthetic_notice": "Gerçek altyapı değildir; eğitim ve demo amaçlı sentetik veridir."}, "geometry": {"type": "Point", "coordinates": [32.6936921, 39.9863539]}}, {"type": "Feature", "properties": {"valve_code": "YMH-OSM-V-0095", "valve_type": "pressure_reducing", "diameter_mm": 315, "material": "çelik", "status": "open", "install_year": 2007, "related_pipe_code": "YMH-OSM-P-0220", "district": "Yenimahalle", "source": "synthetic_demo_yenimahalle_osm_20260721", "synthetic_notice": "Gerçek altyapı değildir; eğitim ve demo amaçlı sentetik veridir."}, "geometry": {"type": "Point", "coordinates": [32.7289853, 39.9581642]}}, {"type": "Feature", "properties": {"valve_code": "YMH-OSM-V-0096", "valve_type": "pressure_reducing", "diameter_mm": 250, "material": "çelik", "status": "open", "install_year": 2012, "related_pipe_code": "YMH-OSM-P-0222", "district": "Yenimahalle", "source": "synthetic_demo_yenimahalle_osm_20260721", "synthetic_notice": "Gerçek altyapı değildir; eğitim ve demo amaçlı sentetik veridir."}, "geometry": {"type": "Point", "coordinates": [32.728869, 39.9578941]}}, {"type": "Feature", "properties": {"valve_code": "YMH-OSM-V-0097", "valve_type": "pressure_reducing", "diameter_mm": 315, "material": "çelik", "status": "maintenance", "install_year": 2017, "related_pipe_code": "YMH-OSM-P-0265", "district": "Yenimahalle", "source": "synthetic_demo_yenimahalle_osm_20260721", "synthetic_notice": "Gerçek altyapı değildir; eğitim ve demo amaçlı sentetik veridir."}, "geometry": {"type": "Point", "coordinates": [32.7204133, 39.9580749]}}, {"type": "Feature", "properties": {"valve_code": "YMH-OSM-V-0098", "valve_type": "pressure_reducing", "diameter_mm": 315, "material": "çelik", "status": "open", "install_year": 2022, "related_pipe_code": "YMH-OSM-P-0259", "district": "Yenimahalle", "source": "synthetic_demo_yenimahalle_osm_20260721", "synthetic_notice": "Gerçek altyapı değildir; eğitim ve demo amaçlı sentetik veridir."}, "geometry": {"type": "Point", "coordinates": [32.7206179, 39.9580285]}}, {"type": "Feature", "properties": {"valve_code": "YMH-OSM-V-0099", "valve_type": "pressure_reducing", "diameter_mm": 400, "material": "çelik", "status": "open", "install_year": 2001, "related_pipe_code": "YMH-OSM-P-0233", "district": "Yenimahalle", "source": "synthetic_demo_yenimahalle_osm_20260721", "synthetic_notice": "Gerçek altyapı değildir; eğitim ve demo amaçlı sentetik veridir."}, "geometry": {"type": "Point", "coordinates": [32.7386747, 39.9480937]}}, {"type": "Feature", "properties": {"valve_code": "YMH-OSM-V-0100", "valve_type": "pressure_reducing", "diameter_mm": 250, "material": "çelik", "status": "open", "install_year": 2006, "related_pipe_code": "YMH-OSM-P-0234", "district": "Yenimahalle", "source": "synthetic_demo_yenimahalle_osm_20260721", "synthetic_notice": "Gerçek altyapı değildir; eğitim ve demo amaçlı sentetik veridir."}, "geometry": {"type": "Point", "coordinates": [32.7383233, 39.9478259]}}, {"type": "Feature", "properties": {"valve_code": "YMH-OSM-V-0101", "valve_type": "pressure_reducing", "diameter_mm": 250, "material": "çelik", "status": "open", "install_year": 2011, "related_pipe_code": "YMH-OSM-P-0444", "district": "Yenimahalle", "source": "synthetic_demo_yenimahalle_osm_20260721", "synthetic_notice": "Gerçek altyapı değildir; eğitim ve demo amaçlı sentetik veridir."}, "geometry": {"type": "Point", "coordinates": [32.7077446, 39.9846427]}}, {"type": "Feature", "properties": {"valve_code": "YMH-OSM-V-0102", "valve_type": "pressure_reducing", "diameter_mm": 400, "material": "çelik", "status": "closed", "install_year": 2016, "related_pipe_code": "YMH-OSM-P-0437", "district": "Yenimahalle", "source": "synthetic_demo_yenimahalle_osm_20260721", "synthetic_notice": "Gerçek altyapı değildir; eğitim ve demo amaçlı sentetik veridir."}, "geometry": {"type": "Point", "coordinates": [32.7080879, 39.9846189]}}, {"type": "Feature", "properties": {"valve_code": "YMH-OSM-V-0103", "valve_type": "pressure_reducing", "diameter_mm": 400, "material": "çelik", "status": "open", "install_year": 2021, "related_pipe_code": "YMH-OSM-P-0362", "district": "Yenimahalle", "source": "synthetic_demo_yenimahalle_osm_20260721", "synthetic_notice": "Gerçek altyapı değildir; eğitim ve demo amaçlı sentetik veridir."}, "geometry": {"type": "Point", "coordinates": [32.7096492, 39.9557223]}}, {"type": "Feature", "properties": {"valve_code": "YMH-OSM-V-0104", "valve_type": "pressure_reducing", "diameter_mm": 250, "material": "çelik", "status": "open", "install_year": 2000, "related_pipe_code": "YMH-OSM-P-0549", "district": "Yenimahalle", "source": "synthetic_demo_yenimahalle_osm_20260721", "synthetic_notice": "Gerçek altyapı değildir; eğitim ve demo amaçlı sentetik veridir."}, "geometry": {"type": "Point", "coordinates": [32.7047519, 39.9632579]}}, {"type": "Feature", "properties": {"valve_code": "YMH-OSM-V-0105", "valve_type": "pressure_reducing", "diameter_mm": 315, "material": "çelik", "status": "open", "install_year": 2005, "related_pipe_code": "YMH-OSM-P-0550", "district": "Yenimahalle", "source": "synthetic_demo_yenimahalle_osm_20260721", "synthetic_notice": "Gerçek altyapı değildir; eğitim ve demo amaçlı sentetik veridir."}, "geometry": {"type": "Point", "coordinates": [32.7050176, 39.9631799]}}, {"type": "Feature", "properties": {"valve_code": "YMH-OSM-V-0106", "valve_type": "pressure_reducing", "diameter_mm": 250, "material": "çelik", "status": "open", "install_year": 2010, "related_pipe_code": "YMH-OSM-P-0339", "district": "Yenimahalle", "source": "synthetic_demo_yenimahalle_osm_20260721", "synthetic_notice": "Gerçek altyapı değildir; eğitim ve demo amaçlı sentetik veridir."}, "geometry": {"type": "Point", "coordinates": [32.721914, 39.9534777]}}, {"type": "Feature", "properties": {"valve_code": "YMH-OSM-V-0107", "valve_type": "pressure_reducing", "diameter_mm": 250, "material": "çelik", "status": "open", "install_year": 2015, "related_pipe_code": "YMH-OSM-P-0459", "district": "Yenimahalle", "source": "synthetic_demo_yenimahalle_osm_20260721", "synthetic_notice": "Gerçek altyapı değildir; eğitim ve demo amaçlı sentetik veridir."}, "geometry": {"type": "Point", "coordinates": [32.7278501, 39.9737952]}}, {"type": "Feature", "properties": {"valve_code": "YMH-OSM-V-0108", "valve_type": "pressure_reducing", "diameter_mm": 315, "material": "çelik", "status": "open", "install_year": 2020, "related_pipe_code": "YMH-OSM-P-0391", "district": "Yenimahalle", "source": "synthetic_demo_yenimahalle_osm_20260721", "synthetic_notice": "Gerçek altyapı değildir; eğitim ve demo amaçlı sentetik veridir."}, "geometry": {"type": "Point", "coordinates": [32.7351394, 39.9726551]}}, {"type": "Feature", "properties": {"valve_code": "YMH-OSM-V-0109", "valve_type": "pressure_reducing", "diameter_mm": 250, "material": "çelik", "status": "open", "install_year": 2025, "related_pipe_code": "YMH-OSM-P-0387", "district": "Yenimahalle", "source": "synthetic_demo_yenimahalle_osm_20260721", "synthetic_notice": "Gerçek altyapı değildir; eğitim ve demo amaçlı sentetik veridir."}, "geometry": {"type": "Point", "coordinates": [32.736077, 39.9603387]}}, {"type": "Feature", "properties": {"valve_code": "YMH-OSM-V-0110", "valve_type": "pressure_reducing", "diameter_mm": 250, "material": "çelik", "status": "open", "install_year": 2004, "related_pipe_code": "YMH-OSM-P-0237", "district": "Yenimahalle", "source": "synthetic_demo_yenimahalle_osm_20260721", "synthetic_notice": "Gerçek altyapı değildir; eğitim ve demo amaçlı sentetik veridir."}, "geometry": {"type": "Point", "coordinates": [32.7386279, 39.9478194]}}, {"type": "Feature", "properties": {"valve_code": "YMH-OSM-V-0111", "valve_type": "pressure_reducing", "diameter_mm": 400, "material": "çelik", "status": "open", "install_year": 2009, "related_pipe_code": "YMH-OSM-P-0377", "district": "Yenimahalle", "source": "synthetic_demo_yenimahalle_osm_20260721", "synthetic_notice": "Gerçek altyapı değildir; eğitim ve demo amaçlı sentetik veridir."}, "geometry": {"type": "Point", "coordinates": [32.7140206, 39.960063]}}, {"type": "Feature", "properties": {"valve_code": "YMH-OSM-V-0112", "valve_type": "pressure_reducing", "diameter_mm": 250, "material": "çelik", "status": "open", "install_year": 2014, "related_pipe_code": "YMH-OSM-P-0663", "district": "Yenimahalle", "source": "synthetic_demo_yenimahalle_osm_20260721", "synthetic_notice": "Gerçek altyapı değildir; eğitim ve demo amaçlı sentetik veridir."}, "geometry": {"type": "Point", "coordinates": [32.7715504, 39.9665109]}}, {"type": "Feature", "properties": {"valve_code": "YMH-OSM-V-0113", "valve_type": "pressure_reducing", "diameter_mm": 315, "material": "çelik", "status": "open", "install_year": 2019, "related_pipe_code": "YMH-OSM-P-0181", "district": "Yenimahalle", "source": "synthetic_demo_yenimahalle_osm_20260721", "synthetic_notice": "Gerçek altyapı değildir; eğitim ve demo amaçlı sentetik veridir."}, "geometry": {"type": "Point", "coordinates": [32.7465026, 39.9703085]}}, {"type": "Feature", "properties": {"valve_code": "YMH-OSM-V-0114", "valve_type": "pressure_reducing", "diameter_mm": 400, "material": "çelik", "status": "open", "install_year": 2024, "related_pipe_code": "YMH-OSM-P-0329", "district": "Yenimahalle", "source": "synthetic_demo_yenimahalle_osm_20260721", "synthetic_notice": "Gerçek altyapı değildir; eğitim ve demo amaçlı sentetik veridir."}, "geometry": {"type": "Point", "coordinates": [32.7902654, 39.957853]}}, {"type": "Feature", "properties": {"valve_code": "YMH-OSM-V-0115", "valve_type": "pressure_reducing", "diameter_mm": 400, "material": "çelik", "status": "open", "install_year": 2003, "related_pipe_code": "YMH-OSM-P-0299", "district": "Yenimahalle", "source": "synthetic_demo_yenimahalle_osm_20260721", "synthetic_notice": "Gerçek altyapı değildir; eğitim ve demo amaçlı sentetik veridir."}, "geometry": {"type": "Point", "coordinates": [32.6874971, 39.9905369]}}, {"type": "Feature", "properties": {"valve_code": "YMH-OSM-V-0116", "valve_type": "pressure_reducing", "diameter_mm": 250, "material": "çelik", "status": "open", "install_year": 2008, "related_pipe_code": "YMH-OSM-P-0813", "district": "Yenimahalle", "source": "synthetic_demo_yenimahalle_osm_20260721", "synthetic_notice": "Gerçek altyapı değildir; eğitim ve demo amaçlı sentetik veridir."}, "geometry": {"type": "Point", "coordinates": [32.7496325, 39.9801667]}}, {"type": "Feature", "properties": {"valve_code": "YMH-OSM-V-0117", "valve_type": "pressure_reducing", "diameter_mm": 315, "material": "çelik", "status": "open", "install_year": 2013, "related_pipe_code": "YMH-OSM-P-0814", "district": "Yenimahalle", "source": "synthetic_demo_yenimahalle_osm_20260721", "synthetic_notice": "Gerçek altyapı değildir; eğitim ve demo amaçlı sentetik veridir."}, "geometry": {"type": "Point", "coordinates": [32.7496671, 39.9799436]}}, {"type": "Feature", "properties": {"valve_code": "YMH-OSM-V-0118", "valve_type": "pressure_reducing", "diameter_mm": 400, "material": "çelik", "status": "open", "install_year": 2018, "related_pipe_code": "YMH-OSM-P-0113", "district": "Yenimahalle", "source": "synthetic_demo_yenimahalle_osm_20260721", "synthetic_notice": "Gerçek altyapı değildir; eğitim ve demo amaçlı sentetik veridir."}, "geometry": {"type": "Point", "coordinates": [32.760111, 39.9753362]}}, {"type": "Feature", "properties": {"valve_code": "YMH-OSM-V-0119", "valve_type": "pressure_reducing", "diameter_mm": 315, "material": "çelik", "status": "closed", "install_year": 2023, "related_pipe_code": "YMH-OSM-P-0106", "district": "Yenimahalle", "source": "synthetic_demo_yenimahalle_osm_20260721", "synthetic_notice": "Gerçek altyapı değildir; eğitim ve demo amaçlı sentetik veridir."}, "geometry": {"type": "Point", "coordinates": [32.759774, 39.9749113]}}, {"type": "Feature", "properties": {"valve_code": "YMH-OSM-V-0120", "valve_type": "pressure_reducing", "diameter_mm": 400, "material": "çelik", "status": "open", "install_year": 2002, "related_pipe_code": "YMH-OSM-P-0563", "district": "Yenimahalle", "source": "synthetic_demo_yenimahalle_osm_20260721", "synthetic_notice": "Gerçek altyapı değildir; eğitim ve demo amaçlı sentetik veridir."}, "geometry": {"type": "Point", "coordinates": [32.7461723, 39.9735286]}}, {"type": "Feature", "properties": {"valve_code": "YMH-OSM-V-0121", "valve_type": "pressure_reducing", "diameter_mm": 250, "material": "çelik", "status": "open", "install_year": 2007, "related_pipe_code": "YMH-OSM-P-0810", "district": "Yenimahalle", "source": "synthetic_demo_yenimahalle_osm_20260721", "synthetic_notice": "Gerçek altyapı değildir; eğitim ve demo amaçlı sentetik veridir."}, "geometry": {"type": "Point", "coordinates": [32.7469919, 39.9848094]}}, {"type": "Feature", "properties": {"valve_code": "YMH-OSM-V-0122", "valve_type": "pressure_reducing", "diameter_mm": 250, "material": "çelik", "status": "open", "install_year": 2012, "related_pipe_code": "YMH-OSM-P-0423", "district": "Yenimahalle", "source": "synthetic_demo_yenimahalle_osm_20260721", "synthetic_notice": "Gerçek altyapı değildir; eğitim ve demo amaçlı sentetik veridir."}, "geometry": {"type": "Point", "coordinates": [32.7462748, 39.9732985]}}, {"type": "Feature", "properties": {"valve_code": "YMH-OSM-V-0123", "valve_type": "pressure_reducing", "diameter_mm": 400, "material": "çelik", "status": "open", "install_year": 2017, "related_pipe_code": "YMH-OSM-P-0413", "district": "Yenimahalle", "source": "synthetic_demo_yenimahalle_osm_20260721", "synthetic_notice": "Gerçek altyapı değildir; eğitim ve demo amaçlı sentetik veridir."}, "geometry": {"type": "Point", "coordinates": [32.7497299, 39.9716357]}}, {"type": "Feature", "properties": {"valve_code": "YMH-OSM-V-0124", "valve_type": "pressure_reducing", "diameter_mm": 400, "material": "çelik", "status": "open", "install_year": 2022, "related_pipe_code": "YMH-OSM-P-0755", "district": "Yenimahalle", "source": "synthetic_demo_yenimahalle_osm_20260721", "synthetic_notice": "Gerçek altyapı değildir; eğitim ve demo amaçlı sentetik veridir."}, "geometry": {"type": "Point", "coordinates": [32.7498387, 39.9715166]}}, {"type": "Feature", "properties": {"valve_code": "YMH-OSM-V-0125", "valve_type": "pressure_reducing", "diameter_mm": 315, "material": "çelik", "status": "open", "install_year": 2001, "related_pipe_code": "YMH-OSM-P-0043", "district": "Yenimahalle", "source": "synthetic_demo_yenimahalle_osm_20260721", "synthetic_notice": "Gerçek altyapı değildir; eğitim ve demo amaçlı sentetik veridir."}, "geometry": {"type": "Point", "coordinates": [32.7473452, 39.9858818]}}, {"type": "Feature", "properties": {"valve_code": "YMH-OSM-V-0126", "valve_type": "pressure_reducing", "diameter_mm": 400, "material": "çelik", "status": "open", "install_year": 2006, "related_pipe_code": "YMH-OSM-P-0044", "district": "Yenimahalle", "source": "synthetic_demo_yenimahalle_osm_20260721", "synthetic_notice": "Gerçek altyapı değildir; eğitim ve demo amaçlı sentetik veridir."}, "geometry": {"type": "Point", "coordinates": [32.7521151, 39.9893704]}}, {"type": "Feature", "properties": {"valve_code": "YMH-OSM-V-0127", "valve_type": "pressure_reducing", "diameter_mm": 315, "material": "çelik", "status": "open", "install_year": 2011, "related_pipe_code": "YMH-OSM-P-0004", "district": "Yenimahalle", "source": "synthetic_demo_yenimahalle_osm_20260721", "synthetic_notice": "Gerçek altyapı değildir; eğitim ve demo amaçlı sentetik veridir."}, "geometry": {"type": "Point", "coordinates": [32.73926, 39.9892816]}}, {"type": "Feature", "properties": {"valve_code": "YMH-OSM-V-0128", "valve_type": "pressure_reducing", "diameter_mm": 250, "material": "çelik", "status": "open", "install_year": 2016, "related_pipe_code": "YMH-OSM-P-0039", "district": "Yenimahalle", "source": "synthetic_demo_yenimahalle_osm_20260721", "synthetic_notice": "Gerçek altyapı değildir; eğitim ve demo amaçlı sentetik veridir."}, "geometry": {"type": "Point", "coordinates": [32.7396427, 39.9890906]}}, {"type": "Feature", "properties": {"valve_code": "YMH-OSM-V-0129", "valve_type": "pressure_reducing", "diameter_mm": 315, "material": "çelik", "status": "open", "install_year": 2021, "related_pipe_code": "YMH-OSM-P-0001", "district": "Yenimahalle", "source": "synthetic_demo_yenimahalle_osm_20260721", "synthetic_notice": "Gerçek altyapı değildir; eğitim ve demo amaçlı sentetik veridir."}, "geometry": {"type": "Point", "coordinates": [32.7392725, 39.9894597]}}, {"type": "Feature", "properties": {"valve_code": "YMH-OSM-V-0130", "valve_type": "pressure_reducing", "diameter_mm": 250, "material": "çelik", "status": "open", "install_year": 2000, "related_pipe_code": "YMH-OSM-P-0003", "district": "Yenimahalle", "source": "synthetic_demo_yenimahalle_osm_20260721", "synthetic_notice": "Gerçek altyapı değildir; eğitim ve demo amaçlı sentetik veridir."}, "geometry": {"type": "Point", "coordinates": [32.7391135, 39.9893945]}}, {"type": "Feature", "properties": {"valve_code": "YMH-OSM-V-0131", "valve_type": "pressure_reducing", "diameter_mm": 315, "material": "çelik", "status": "open", "install_year": 2005, "related_pipe_code": "YMH-OSM-P-0532", "district": "Yenimahalle", "source": "synthetic_demo_yenimahalle_osm_20260721", "synthetic_notice": "Gerçek altyapı değildir; eğitim ve demo amaçlı sentetik veridir."}, "geometry": {"type": "Point", "coordinates": [32.7850541, 39.9702956]}}, {"type": "Feature", "properties": {"valve_code": "YMH-OSM-V-0132", "valve_type": "pressure_reducing", "diameter_mm": 315, "material": "çelik", "status": "open", "install_year": 2010, "related_pipe_code": "YMH-OSM-P-0514", "district": "Yenimahalle", "source": "synthetic_demo_yenimahalle_osm_20260721", "synthetic_notice": "Gerçek altyapı değildir; eğitim ve demo amaçlı sentetik veridir."}, "geometry": {"type": "Point", "coordinates": [32.7852158, 39.9699797]}}, {"type": "Feature", "properties": {"valve_code": "YMH-OSM-V-0133", "valve_type": "pressure_reducing", "diameter_mm": 250, "material": "çelik", "status": "open", "install_year": 2015, "related_pipe_code": "YMH-OSM-P-0465", "district": "Yenimahalle", "source": "synthetic_demo_yenimahalle_osm_20260721", "synthetic_notice": "Gerçek altyapı değildir; eğitim ve demo amaçlı sentetik veridir."}, "geometry": {"type": "Point", "coordinates": [32.7815711, 39.9609073]}}, {"type": "Feature", "properties": {"valve_code": "YMH-OSM-V-0134", "valve_type": "pressure_reducing", "diameter_mm": 400, "material": "çelik", "status": "open", "install_year": 2020, "related_pipe_code": "YMH-OSM-P-0125", "district": "Yenimahalle", "source": "synthetic_demo_yenimahalle_osm_20260721", "synthetic_notice": "Gerçek altyapı değildir; eğitim ve demo amaçlı sentetik veridir."}, "geometry": {"type": "Point", "coordinates": [32.7710227, 39.98053]}}, {"type": "Feature", "properties": {"valve_code": "YMH-OSM-V-0135", "valve_type": "pressure_reducing", "diameter_mm": 400, "material": "çelik", "status": "open", "install_year": 2025, "related_pipe_code": "YMH-OSM-P-0368", "district": "Yenimahalle", "source": "synthetic_demo_yenimahalle_osm_20260721", "synthetic_notice": "Gerçek altyapı değildir; eğitim ve demo amaçlı sentetik veridir."}, "geometry": {"type": "Point", "coordinates": [32.6909747, 39.9649787]}}, {"type": "Feature", "properties": {"valve_code": "YMH-OSM-V-0136", "valve_type": "pressure_reducing", "diameter_mm": 315, "material": "çelik", "status": "closed", "install_year": 2004, "related_pipe_code": "YMH-OSM-P-0376", "district": "Yenimahalle", "source": "synthetic_demo_yenimahalle_osm_20260721", "synthetic_notice": "Gerçek altyapı değildir; eğitim ve demo amaçlı sentetik veridir."}, "geometry": {"type": "Point", "coordinates": [32.7003515, 39.9593082]}}, {"type": "Feature", "properties": {"valve_code": "YMH-OSM-V-0137", "valve_type": "pressure_reducing", "diameter_mm": 315, "material": "çelik", "status": "open", "install_year": 2009, "related_pipe_code": "YMH-OSM-P-0433", "district": "Yenimahalle", "source": "synthetic_demo_yenimahalle_osm_20260721", "synthetic_notice": "Gerçek altyapı değildir; eğitim ve demo amaçlı sentetik veridir."}, "geometry": {"type": "Point", "coordinates": [32.7159117, 39.975706]}}, {"type": "Feature", "properties": {"valve_code": "YMH-OSM-V-0138", "valve_type": "pressure_reducing", "diameter_mm": 315, "material": "çelik", "status": "open", "install_year": 2014, "related_pipe_code": "YMH-OSM-P-0625", "district": "Yenimahalle", "source": "synthetic_demo_yenimahalle_osm_20260721", "synthetic_notice": "Gerçek altyapı değildir; eğitim ve demo amaçlı sentetik veridir."}, "geometry": {"type": "Point", "coordinates": [32.7704664, 40.0476419]}}, {"type": "Feature", "properties": {"valve_code": "YMH-OSM-V-0139", "valve_type": "pressure_reducing", "diameter_mm": 315, "material": "çelik", "status": "open", "install_year": 2019, "related_pipe_code": "YMH-OSM-P-0547", "district": "Yenimahalle", "source": "synthetic_demo_yenimahalle_osm_20260721", "synthetic_notice": "Gerçek altyapı değildir; eğitim ve demo amaçlı sentetik veridir."}, "geometry": {"type": "Point", "coordinates": [32.6869657, 39.9808105]}}, {"type": "Feature", "properties": {"valve_code": "YMH-OSM-V-0140", "valve_type": "pressure_reducing", "diameter_mm": 250, "material": "çelik", "status": "open", "install_year": 2024, "related_pipe_code": "YMH-OSM-P-0297", "district": "Yenimahalle", "source": "synthetic_demo_yenimahalle_osm_20260721", "synthetic_notice": "Gerçek altyapı değildir; eğitim ve demo amaçlı sentetik veridir."}, "geometry": {"type": "Point", "coordinates": [32.6878698, 39.9903308]}}, {"type": "Feature", "properties": {"valve_code": "YMH-OSM-V-0141", "valve_type": "pressure_reducing", "diameter_mm": 315, "material": "çelik", "status": "open", "install_year": 2003, "related_pipe_code": "YMH-OSM-P-0421", "district": "Yenimahalle", "source": "synthetic_demo_yenimahalle_osm_20260721", "synthetic_notice": "Gerçek altyapı değildir; eğitim ve demo amaçlı sentetik veridir."}, "geometry": {"type": "Point", "coordinates": [32.6870914, 39.9807146]}}, {"type": "Feature", "properties": {"valve_code": "YMH-OSM-V-0142", "valve_type": "pressure_reducing", "diameter_mm": 400, "material": "çelik", "status": "open", "install_year": 2008, "related_pipe_code": "YMH-OSM-P-0032", "district": "Yenimahalle", "source": "synthetic_demo_yenimahalle_osm_20260721", "synthetic_notice": "Gerçek altyapı değildir; eğitim ve demo amaçlı sentetik veridir."}, "geometry": {"type": "Point", "coordinates": [32.7387938, 39.9896681]}}, {"type": "Feature", "properties": {"valve_code": "YMH-OSM-V-0143", "valve_type": "pressure_reducing", "diameter_mm": 250, "material": "çelik", "status": "open", "install_year": 2013, "related_pipe_code": "YMH-OSM-P-0294", "district": "Yenimahalle", "source": "synthetic_demo_yenimahalle_osm_20260721", "synthetic_notice": "Gerçek altyapı değildir; eğitim ve demo amaçlı sentetik veridir."}, "geometry": {"type": "Point", "coordinates": [32.6919398, 39.9870029]}}, {"type": "Feature", "properties": {"valve_code": "YMH-OSM-V-0144", "valve_type": "pressure_reducing", "diameter_mm": 315, "material": "çelik", "status": "open", "install_year": 2018, "related_pipe_code": "YMH-OSM-P-0568", "district": "Yenimahalle", "source": "synthetic_demo_yenimahalle_osm_20260721", "synthetic_notice": "Gerçek altyapı değildir; eğitim ve demo amaçlı sentetik veridir."}, "geometry": {"type": "Point", "coordinates": [32.7464037, 39.9735701]}}, {"type": "Feature", "properties": {"valve_code": "YMH-OSM-V-0145", "valve_type": "pressure_reducing", "diameter_mm": 315, "material": "çelik", "status": "open", "install_year": 2023, "related_pipe_code": "YMH-OSM-P-0019", "district": "Yenimahalle", "source": "synthetic_demo_yenimahalle_osm_20260721", "synthetic_notice": "Gerçek altyapı değildir; eğitim ve demo amaçlı sentetik veridir."}, "geometry": {"type": "Point", "coordinates": [32.7483068, 39.9915454]}}, {"type": "Feature", "properties": {"valve_code": "YMH-OSM-V-0146", "valve_type": "pressure_reducing", "diameter_mm": 400, "material": "çelik", "status": "open", "install_year": 2002, "related_pipe_code": "YMH-OSM-P-0023", "district": "Yenimahalle", "source": "synthetic_demo_yenimahalle_osm_20260721", "synthetic_notice": "Gerçek altyapı değildir; eğitim ve demo amaçlı sentetik veridir."}, "geometry": {"type": "Point", "coordinates": [32.7559412, 39.9868708]}}, {"type": "Feature", "properties": {"valve_code": "YMH-OSM-V-0147", "valve_type": "pressure_reducing", "diameter_mm": 400, "material": "çelik", "status": "open", "install_year": 2007, "related_pipe_code": "YMH-OSM-P-0020", "district": "Yenimahalle", "source": "synthetic_demo_yenimahalle_osm_20260721", "synthetic_notice": "Gerçek altyapı değildir; eğitim ve demo amaçlı sentetik veridir."}, "geometry": {"type": "Point", "coordinates": [32.7520763, 39.9898019]}}, {"type": "Feature", "properties": {"valve_code": "YMH-OSM-V-0148", "valve_type": "pressure_reducing", "diameter_mm": 400, "material": "çelik", "status": "open", "install_year": 2012, "related_pipe_code": "YMH-OSM-P-0578", "district": "Yenimahalle", "source": "synthetic_demo_yenimahalle_osm_20260721", "synthetic_notice": "Gerçek altyapı değildir; eğitim ve demo amaçlı sentetik veridir."}, "geometry": {"type": "Point", "coordinates": [32.752642, 39.9898539]}}, {"type": "Feature", "properties": {"valve_code": "YMH-OSM-V-0149", "valve_type": "pressure_reducing", "diameter_mm": 315, "material": "çelik", "status": "open", "install_year": 2017, "related_pipe_code": "YMH-OSM-P-0607", "district": "Yenimahalle", "source": "synthetic_demo_yenimahalle_osm_20260721", "synthetic_notice": "Gerçek altyapı değildir; eğitim ve demo amaçlı sentetik veridir."}, "geometry": {"type": "Point", "coordinates": [32.7704961, 40.0278448]}}, {"type": "Feature", "properties": {"valve_code": "YMH-OSM-V-0150", "valve_type": "pressure_reducing", "diameter_mm": 315, "material": "çelik", "status": "open", "install_year": 2022, "related_pipe_code": "YMH-OSM-P-0082", "district": "Yenimahalle", "source": "synthetic_demo_yenimahalle_osm_20260721", "synthetic_notice": "Gerçek altyapı değildir; eğitim ve demo amaçlı sentetik veridir."}, "geometry": {"type": "Point", "coordinates": [32.7660022, 39.9858453]}}, {"type": "Feature", "properties": {"valve_code": "YMH-OSM-V-0151", "valve_type": "pressure_reducing", "diameter_mm": 250, "material": "çelik", "status": "open", "install_year": 2001, "related_pipe_code": "YMH-OSM-P-0081", "district": "Yenimahalle", "source": "synthetic_demo_yenimahalle_osm_20260721", "synthetic_notice": "Gerçek altyapı değildir; eğitim ve demo amaçlı sentetik veridir."}, "geometry": {"type": "Point", "coordinates": [32.7682187, 39.9885351]}}, {"type": "Feature", "properties": {"valve_code": "YMH-OSM-V-0152", "valve_type": "pressure_reducing", "diameter_mm": 315, "material": "çelik", "status": "open", "install_year": 2006, "related_pipe_code": "YMH-OSM-P-0058", "district": "Yenimahalle", "source": "synthetic_demo_yenimahalle_osm_20260721", "synthetic_notice": "Gerçek altyapı değildir; eğitim ve demo amaçlı sentetik veridir."}, "geometry": {"type": "Point", "coordinates": [32.7692324, 39.9889421]}}, {"type": "Feature", "properties": {"valve_code": "YMH-OSM-V-0153", "valve_type": "pressure_reducing", "diameter_mm": 315, "material": "çelik", "status": "closed", "install_year": 2011, "related_pipe_code": "YMH-OSM-P-0064", "district": "Yenimahalle", "source": "synthetic_demo_yenimahalle_osm_20260721", "synthetic_notice": "Gerçek altyapı değildir; eğitim ve demo amaçlı sentetik veridir."}, "geometry": {"type": "Point", "coordinates": [32.7736473, 39.9869828]}}, {"type": "Feature", "properties": {"valve_code": "YMH-OSM-V-0154", "valve_type": "pressure_reducing", "diameter_mm": 315, "material": "çelik", "status": "open", "install_year": 2016, "related_pipe_code": "YMH-OSM-P-0097", "district": "Yenimahalle", "source": "synthetic_demo_yenimahalle_osm_20260721", "synthetic_notice": "Gerçek altyapı değildir; eğitim ve demo amaçlı sentetik veridir."}, "geometry": {"type": "Point", "coordinates": [32.7605113, 39.9758624]}}, {"type": "Feature", "properties": {"valve_code": "YMH-OSM-V-0155", "valve_type": "pressure_reducing", "diameter_mm": 400, "material": "çelik", "status": "open", "install_year": 2021, "related_pipe_code": "YMH-OSM-P-0056", "district": "Yenimahalle", "source": "synthetic_demo_yenimahalle_osm_20260721", "synthetic_notice": "Gerçek altyapı değildir; eğitim ve demo amaçlı sentetik veridir."}, "geometry": {"type": "Point", "coordinates": [32.7676437, 39.9950007]}}, {"type": "Feature", "properties": {"valve_code": "YMH-OSM-V-0156", "valve_type": "pressure_reducing", "diameter_mm": 400, "material": "çelik", "status": "open", "install_year": 2000, "related_pipe_code": "YMH-OSM-P-0068", "district": "Yenimahalle", "source": "synthetic_demo_yenimahalle_osm_20260721", "synthetic_notice": "Gerçek altyapı değildir; eğitim ve demo amaçlı sentetik veridir."}, "geometry": {"type": "Point", "coordinates": [32.7784013, 39.9801985]}}, {"type": "Feature", "properties": {"valve_code": "YMH-OSM-V-0157", "valve_type": "pressure_reducing", "diameter_mm": 400, "material": "çelik", "status": "open", "install_year": 2005, "related_pipe_code": "YMH-OSM-P-0077", "district": "Yenimahalle", "source": "synthetic_demo_yenimahalle_osm_20260721", "synthetic_notice": "Gerçek altyapı değildir; eğitim ve demo amaçlı sentetik veridir."}, "geometry": {"type": "Point", "coordinates": [32.7771194, 39.9707423]}}, {"type": "Feature", "properties": {"valve_code": "YMH-OSM-V-0158", "valve_type": "pressure_reducing", "diameter_mm": 315, "material": "çelik", "status": "open", "install_year": 2010, "related_pipe_code": "YMH-OSM-P-0079", "district": "Yenimahalle", "source": "synthetic_demo_yenimahalle_osm_20260721", "synthetic_notice": "Gerçek altyapı değildir; eğitim ve demo amaçlı sentetik veridir."}, "geometry": {"type": "Point", "coordinates": [32.7779174, 39.9705258]}}, {"type": "Feature", "properties": {"valve_code": "YMH-OSM-V-0159", "valve_type": "pressure_reducing", "diameter_mm": 315, "material": "çelik", "status": "open", "install_year": 2015, "related_pipe_code": "YMH-OSM-P-0784", "district": "Yenimahalle", "source": "synthetic_demo_yenimahalle_osm_20260721", "synthetic_notice": "Gerçek altyapı değildir; eğitim ve demo amaçlı sentetik veridir."}, "geometry": {"type": "Point", "coordinates": [32.7804964, 39.9693557]}}, {"type": "Feature", "properties": {"valve_code": "YMH-OSM-V-0160", "valve_type": "pressure_reducing", "diameter_mm": 250, "material": "çelik", "status": "open", "install_year": 2020, "related_pipe_code": "YMH-OSM-P-0783", "district": "Yenimahalle", "source": "synthetic_demo_yenimahalle_osm_20260721", "synthetic_notice": "Gerçek altyapı değildir; eğitim ve demo amaçlı sentetik veridir."}, "geometry": {"type": "Point", "coordinates": [32.7809727, 39.9701246]}}, {"type": "Feature", "properties": {"valve_code": "YMH-OSM-V-0161", "valve_type": "pressure_reducing", "diameter_mm": 315, "material": "çelik", "status": "open", "install_year": 2025, "related_pipe_code": "YMH-OSM-P-0469", "district": "Yenimahalle", "source": "synthetic_demo_yenimahalle_osm_20260721", "synthetic_notice": "Gerçek altyapı değildir; eğitim ve demo amaçlı sentetik veridir."}, "geometry": {"type": "Point", "coordinates": [32.7977298, 39.9641476]}}, {"type": "Feature", "properties": {"valve_code": "YMH-OSM-V-0162", "valve_type": "pressure_reducing", "diameter_mm": 250, "material": "çelik", "status": "open", "install_year": 2004, "related_pipe_code": "YMH-OSM-P-0504", "district": "Yenimahalle", "source": "synthetic_demo_yenimahalle_osm_20260721", "synthetic_notice": "Gerçek altyapı değildir; eğitim ve demo amaçlı sentetik veridir."}, "geometry": {"type": "Point", "coordinates": [32.8111974, 39.9563695]}}, {"type": "Feature", "properties": {"valve_code": "YMH-OSM-V-0163", "valve_type": "pressure_reducing", "diameter_mm": 400, "material": "çelik", "status": "open", "install_year": 2009, "related_pipe_code": "YMH-OSM-P-0380", "district": "Yenimahalle", "source": "synthetic_demo_yenimahalle_osm_20260721", "synthetic_notice": "Gerçek altyapı değildir; eğitim ve demo amaçlı sentetik veridir."}, "geometry": {"type": "Point", "coordinates": [32.7049093, 39.9634975]}}, {"type": "Feature", "properties": {"valve_code": "YMH-OSM-V-0164", "valve_type": "pressure_reducing", "diameter_mm": 315, "material": "çelik", "status": "open", "install_year": 2014, "related_pipe_code": "YMH-OSM-P-0001", "district": "Yenimahalle", "source": "synthetic_demo_yenimahalle_osm_20260721", "synthetic_notice": "Gerçek altyapı değildir; eğitim ve demo amaçlı sentetik veridir."}, "geometry": {"type": "Point", "coordinates": [32.7676368, 40.0004465]}}, {"type": "Feature", "properties": {"valve_code": "YMH-OSM-V-0165", "valve_type": "pressure_reducing", "diameter_mm": 400, "material": "çelik", "status": "open", "install_year": 2019, "related_pipe_code": "YMH-OSM-P-0458", "district": "Yenimahalle", "source": "synthetic_demo_yenimahalle_osm_20260721", "synthetic_notice": "Gerçek altyapı değildir; eğitim ve demo amaçlı sentetik veridir."}, "geometry": {"type": "Point", "coordinates": [32.7161408, 39.9756952]}}, {"type": "Feature", "properties": {"valve_code": "YMH-OSM-V-0166", "valve_type": "pressure_reducing", "diameter_mm": 315, "material": "çelik", "status": "open", "install_year": 2024, "related_pipe_code": "YMH-OSM-P-0022", "district": "Yenimahalle", "source": "synthetic_demo_yenimahalle_osm_20260721", "synthetic_notice": "Gerçek altyapı değildir; eğitim ve demo amaçlı sentetik veridir."}, "geometry": {"type": "Point", "coordinates": [32.7526323, 39.9894095]}}, {"type": "Feature", "properties": {"valve_code": "YMH-OSM-V-0167", "valve_type": "pressure_reducing", "diameter_mm": 250, "material": "çelik", "status": "open", "install_year": 2003, "related_pipe_code": "YMH-OSM-P-0048", "district": "Yenimahalle", "source": "synthetic_demo_yenimahalle_osm_20260721", "synthetic_notice": "Gerçek altyapı değildir; eğitim ve demo amaçlı sentetik veridir."}, "geometry": {"type": "Point", "coordinates": [32.7523723, 39.9895343]}}, {"type": "Feature", "properties": {"valve_code": "YMH-OSM-V-0168", "valve_type": "pressure_reducing", "diameter_mm": 250, "material": "çelik", "status": "open", "install_year": 2008, "related_pipe_code": "YMH-OSM-P-0579", "district": "Yenimahalle", "source": "synthetic_demo_yenimahalle_osm_20260721", "synthetic_notice": "Gerçek altyapı değildir; eğitim ve demo amaçlı sentetik veridir."}, "geometry": {"type": "Point", "coordinates": [32.7674509, 39.9951358]}}, {"type": "Feature", "properties": {"valve_code": "YMH-OSM-V-0169", "valve_type": "pressure_reducing", "diameter_mm": 250, "material": "çelik", "status": "open", "install_year": 2013, "related_pipe_code": "YMH-OSM-P-0576", "district": "Yenimahalle", "source": "synthetic_demo_yenimahalle_osm_20260721", "synthetic_notice": "Gerçek altyapı değildir; eğitim ve demo amaçlı sentetik veridir."}, "geometry": {"type": "Point", "coordinates": [32.7663706, 39.9951054]}}, {"type": "Feature", "properties": {"valve_code": "YMH-OSM-V-0170", "valve_type": "pressure_reducing", "diameter_mm": 400, "material": "çelik", "status": "closed", "install_year": 2018, "related_pipe_code": "YMH-OSM-P-0059", "district": "Yenimahalle", "source": "synthetic_demo_yenimahalle_osm_20260721", "synthetic_notice": "Gerçek altyapı değildir; eğitim ve demo amaçlı sentetik veridir."}, "geometry": {"type": "Point", "coordinates": [32.7716487, 39.988382]}}, {"type": "Feature", "properties": {"valve_code": "YMH-OSM-V-0171", "valve_type": "pressure_reducing", "diameter_mm": 315, "material": "çelik", "status": "open", "install_year": 2023, "related_pipe_code": "YMH-OSM-P-0031", "district": "Yenimahalle", "source": "synthetic_demo_yenimahalle_osm_20260721", "synthetic_notice": "Gerçek altyapı değildir; eğitim ve demo amaçlı sentetik veridir."}, "geometry": {"type": "Point", "coordinates": [32.7658912, 39.9859906]}}, {"type": "Feature", "properties": {"valve_code": "YMH-OSM-V-0172", "valve_type": "pressure_reducing", "diameter_mm": 315, "material": "çelik", "status": "open", "install_year": 2002, "related_pipe_code": "YMH-OSM-P-0085", "district": "Yenimahalle", "source": "synthetic_demo_yenimahalle_osm_20260721", "synthetic_notice": "Gerçek altyapı değildir; eğitim ve demo amaçlı sentetik veridir."}, "geometry": {"type": "Point", "coordinates": [32.7682883, 39.9890272]}}, {"type": "Feature", "properties": {"valve_code": "YMH-OSM-V-0173", "valve_type": "pressure_reducing", "diameter_mm": 400, "material": "çelik", "status": "open", "install_year": 2007, "related_pipe_code": "YMH-OSM-P-0041", "district": "Yenimahalle", "source": "synthetic_demo_yenimahalle_osm_20260721", "synthetic_notice": "Gerçek altyapı değildir; eğitim ve demo amaçlı sentetik veridir."}, "geometry": {"type": "Point", "coordinates": [32.7429273, 39.9864471]}}, {"type": "Feature", "properties": {"valve_code": "YMH-OSM-V-0174", "valve_type": "pressure_reducing", "diameter_mm": 315, "material": "çelik", "status": "open", "install_year": 2012, "related_pipe_code": "YMH-OSM-P-0040", "district": "Yenimahalle", "source": "synthetic_demo_yenimahalle_osm_20260721", "synthetic_notice": "Gerçek altyapı değildir; eğitim ve demo amaçlı sentetik veridir."}, "geometry": {"type": "Point", "coordinates": [32.7425833, 39.9867027]}}, {"type": "Feature", "properties": {"valve_code": "YMH-OSM-V-0175", "valve_type": "pressure_reducing", "diameter_mm": 250, "material": "çelik", "status": "open", "install_year": 2017, "related_pipe_code": "YMH-OSM-P-0699", "district": "Yenimahalle", "source": "synthetic_demo_yenimahalle_osm_20260721", "synthetic_notice": "Gerçek altyapı değildir; eğitim ve demo amaçlı sentetik veridir."}, "geometry": {"type": "Point", "coordinates": [32.7660452, 39.9861482]}}, {"type": "Feature", "properties": {"valve_code": "YMH-OSM-V-0176", "valve_type": "pressure_reducing", "diameter_mm": 400, "material": "çelik", "status": "open", "install_year": 2022, "related_pipe_code": "YMH-OSM-P-0095", "district": "Yenimahalle", "source": "synthetic_demo_yenimahalle_osm_20260721", "synthetic_notice": "Gerçek altyapı değildir; eğitim ve demo amaçlı sentetik veridir."}, "geometry": {"type": "Point", "coordinates": [32.7642407, 39.9807176]}}, {"type": "Feature", "properties": {"valve_code": "YMH-OSM-V-0177", "valve_type": "pressure_reducing", "diameter_mm": 250, "material": "çelik", "status": "open", "install_year": 2001, "related_pipe_code": "YMH-OSM-P-0084", "district": "Yenimahalle", "source": "synthetic_demo_yenimahalle_osm_20260721", "synthetic_notice": "Gerçek altyapı değildir; eğitim ve demo amaçlı sentetik veridir."}, "geometry": {"type": "Point", "coordinates": [32.7645099, 39.9813779]}}, {"type": "Feature", "properties": {"valve_code": "YMH-OSM-V-0178", "valve_type": "pressure_reducing", "diameter_mm": 250, "material": "çelik", "status": "open", "install_year": 2006, "related_pipe_code": "YMH-OSM-P-0345", "district": "Yenimahalle", "source": "synthetic_demo_yenimahalle_osm_20260721", "synthetic_notice": "Gerçek altyapı değildir; eğitim ve demo amaçlı sentetik veridir."}, "geometry": {"type": "Point", "coordinates": [32.7349927, 39.9726031]}}, {"type": "Feature", "properties": {"valve_code": "YMH-OSM-V-0179", "valve_type": "pressure_reducing", "diameter_mm": 315, "material": "çelik", "status": "open", "install_year": 2011, "related_pipe_code": "YMH-OSM-P-0166", "district": "Yenimahalle", "source": "synthetic_demo_yenimahalle_osm_20260721", "synthetic_notice": "Gerçek altyapı değildir; eğitim ve demo amaçlı sentetik veridir."}, "geometry": {"type": "Point", "coordinates": [32.7415789, 39.9694762]}}, {"type": "Feature", "properties": {"valve_code": "YMH-OSM-V-0180", "valve_type": "pressure_reducing", "diameter_mm": 400, "material": "çelik", "status": "open", "install_year": 2016, "related_pipe_code": "YMH-OSM-P-0107", "district": "Yenimahalle", "source": "synthetic_demo_yenimahalle_osm_20260721", "synthetic_notice": "Gerçek altyapı değildir; eğitim ve demo amaçlı sentetik veridir."}, "geometry": {"type": "Point", "coordinates": [32.7539411, 39.9727063]}}, {"type": "Feature", "properties": {"valve_code": "YMH-OSM-V-0181", "valve_type": "pressure_reducing", "diameter_mm": 400, "material": "çelik", "status": "open", "install_year": 2021, "related_pipe_code": "YMH-OSM-P-0158", "district": "Yenimahalle", "source": "synthetic_demo_yenimahalle_osm_20260721", "synthetic_notice": "Gerçek altyapı değildir; eğitim ve demo amaçlı sentetik veridir."}, "geometry": {"type": "Point", "coordinates": [32.7355437, 39.9675346]}}, {"type": "Feature", "properties": {"valve_code": "YMH-OSM-V-0182", "valve_type": "pressure_reducing", "diameter_mm": 400, "material": "çelik", "status": "open", "install_year": 2000, "related_pipe_code": "YMH-OSM-P-0110", "district": "Yenimahalle", "source": "synthetic_demo_yenimahalle_osm_20260721", "synthetic_notice": "Gerçek altyapı değildir; eğitim ve demo amaçlı sentetik veridir."}, "geometry": {"type": "Point", "coordinates": [32.749867, 39.9716799]}}, {"type": "Feature", "properties": {"valve_code": "YMH-OSM-V-0183", "valve_type": "pressure_reducing", "diameter_mm": 400, "material": "çelik", "status": "open", "install_year": 2005, "related_pipe_code": "YMH-OSM-P-0176", "district": "Yenimahalle", "source": "synthetic_demo_yenimahalle_osm_20260721", "synthetic_notice": "Gerçek altyapı değildir; eğitim ve demo amaçlı sentetik veridir."}, "geometry": {"type": "Point", "coordinates": [32.7461559, 39.9703375]}}, {"type": "Feature", "properties": {"valve_code": "YMH-OSM-V-0184", "valve_type": "pressure_reducing", "diameter_mm": 400, "material": "çelik", "status": "open", "install_year": 2010, "related_pipe_code": "YMH-OSM-P-0752", "district": "Yenimahalle", "source": "synthetic_demo_yenimahalle_osm_20260721", "synthetic_notice": "Gerçek altyapı değildir; eğitim ve demo amaçlı sentetik veridir."}, "geometry": {"type": "Point", "coordinates": [32.7990798, 39.9686697]}}, {"type": "Feature", "properties": {"valve_code": "YMH-OSM-V-0185", "valve_type": "pressure_reducing", "diameter_mm": 250, "material": "çelik", "status": "open", "install_year": 2015, "related_pipe_code": "YMH-OSM-P-0750", "district": "Yenimahalle", "source": "synthetic_demo_yenimahalle_osm_20260721", "synthetic_notice": "Gerçek altyapı değildir; eğitim ve demo amaçlı sentetik veridir."}, "geometry": {"type": "Point", "coordinates": [32.7990501, 39.9690905]}}, {"type": "Feature", "properties": {"valve_code": "YMH-OSM-V-0186", "valve_type": "pressure_reducing", "diameter_mm": 400, "material": "çelik", "status": "open", "install_year": 2020, "related_pipe_code": "YMH-OSM-P-0746", "district": "Yenimahalle", "source": "synthetic_demo_yenimahalle_osm_20260721", "synthetic_notice": "Gerçek altyapı değildir; eğitim ve demo amaçlı sentetik veridir."}, "geometry": {"type": "Point", "coordinates": [32.7987766, 39.9686795]}}, {"type": "Feature", "properties": {"valve_code": "YMH-OSM-V-0187", "valve_type": "pressure_reducing", "diameter_mm": 315, "material": "çelik", "status": "closed", "install_year": 2025, "related_pipe_code": "YMH-OSM-P-0589", "district": "Yenimahalle", "source": "synthetic_demo_yenimahalle_osm_20260721", "synthetic_notice": "Gerçek altyapı değildir; eğitim ve demo amaçlı sentetik veridir."}, "geometry": {"type": "Point", "coordinates": [32.7664603, 39.9747059]}}, {"type": "Feature", "properties": {"valve_code": "YMH-OSM-V-0188", "valve_type": "pressure_reducing", "diameter_mm": 400, "material": "çelik", "status": "open", "install_year": 2004, "related_pipe_code": "YMH-OSM-P-0119", "district": "Yenimahalle", "source": "synthetic_demo_yenimahalle_osm_20260721", "synthetic_notice": "Gerçek altyapı değildir; eğitim ve demo amaçlı sentetik veridir."}, "geometry": {"type": "Point", "coordinates": [32.7665642, 39.9748993]}}, {"type": "Feature", "properties": {"valve_code": "YMH-OSM-V-0189", "valve_type": "pressure_reducing", "diameter_mm": 250, "material": "çelik", "status": "open", "install_year": 2009, "related_pipe_code": "YMH-OSM-P-0519", "district": "Yenimahalle", "source": "synthetic_demo_yenimahalle_osm_20260721", "synthetic_notice": "Gerçek altyapı değildir; eğitim ve demo amaçlı sentetik veridir."}, "geometry": {"type": "Point", "coordinates": [32.7975363, 39.9649406]}}, {"type": "Feature", "properties": {"valve_code": "YMH-OSM-V-0190", "valve_type": "pressure_reducing", "diameter_mm": 315, "material": "çelik", "status": "open", "install_year": 2014, "related_pipe_code": "YMH-OSM-P-0112", "district": "Yenimahalle", "source": "synthetic_demo_yenimahalle_osm_20260721", "synthetic_notice": "Gerçek altyapı değildir; eğitim ve demo amaçlı sentetik veridir."}, "geometry": {"type": "Point", "coordinates": [32.766144, 39.9749263]}}, {"type": "Feature", "properties": {"valve_code": "YMH-OSM-V-0191", "valve_type": "pressure_reducing", "diameter_mm": 400, "material": "çelik", "status": "open", "install_year": 2019, "related_pipe_code": "YMH-OSM-P-0086", "district": "Yenimahalle", "source": "synthetic_demo_yenimahalle_osm_20260721", "synthetic_notice": "Gerçek altyapı değildir; eğitim ve demo amaçlı sentetik veridir."}, "geometry": {"type": "Point", "coordinates": [32.7747085, 39.9743895]}}, {"type": "Feature", "properties": {"valve_code": "YMH-OSM-V-0192", "valve_type": "pressure_reducing", "diameter_mm": 250, "material": "çelik", "status": "open", "install_year": 2024, "related_pipe_code": "YMH-OSM-P-0087", "district": "Yenimahalle", "source": "synthetic_demo_yenimahalle_osm_20260721", "synthetic_notice": "Gerçek altyapı değildir; eğitim ve demo amaçlı sentetik veridir."}, "geometry": {"type": "Point", "coordinates": [32.7720429, 39.9746002]}}, {"type": "Feature", "properties": {"valve_code": "YMH-OSM-V-0193", "valve_type": "pressure_reducing", "diameter_mm": 400, "material": "çelik", "status": "open", "install_year": 2003, "related_pipe_code": "YMH-OSM-P-0422", "district": "Yenimahalle", "source": "synthetic_demo_yenimahalle_osm_20260721", "synthetic_notice": "Gerçek altyapı değildir; eğitim ve demo amaçlı sentetik veridir."}, "geometry": {"type": "Point", "coordinates": [32.684157, 39.9761879]}}, {"type": "Feature", "properties": {"valve_code": "YMH-OSM-V-0194", "valve_type": "pressure_reducing", "diameter_mm": 400, "material": "çelik", "status": "maintenance", "install_year": 2008, "related_pipe_code": "YMH-OSM-P-0596", "district": "Yenimahalle", "source": "synthetic_demo_yenimahalle_osm_20260721", "synthetic_notice": "Gerçek altyapı değildir; eğitim ve demo amaçlı sentetik veridir."}, "geometry": {"type": "Point", "coordinates": [32.7755512, 40.0178838]}}, {"type": "Feature", "properties": {"valve_code": "YMH-OSM-V-0195", "valve_type": "pressure_reducing", "diameter_mm": 250, "material": "çelik", "status": "open", "install_year": 2013, "related_pipe_code": "YMH-OSM-P-0150", "district": "Yenimahalle", "source": "synthetic_demo_yenimahalle_osm_20260721", "synthetic_notice": "Gerçek altyapı değildir; eğitim ve demo amaçlı sentetik veridir."}, "geometry": {"type": "Point", "coordinates": [32.7756207, 40.0177076]}}, {"type": "Feature", "properties": {"valve_code": "YMH-OSM-V-0196", "valve_type": "pressure_reducing", "diameter_mm": 250, "material": "çelik", "status": "open", "install_year": 2018, "related_pipe_code": "YMH-OSM-P-0675", "district": "Yenimahalle", "source": "synthetic_demo_yenimahalle_osm_20260721", "synthetic_notice": "Gerçek altyapı değildir; eğitim ve demo amaçlı sentetik veridir."}, "geometry": {"type": "Point", "coordinates": [32.7767309, 40.0110737]}}, {"type": "Feature", "properties": {"valve_code": "YMH-OSM-V-0197", "valve_type": "pressure_reducing", "diameter_mm": 315, "material": "çelik", "status": "open", "install_year": 2023, "related_pipe_code": "YMH-OSM-P-0652", "district": "Yenimahalle", "source": "synthetic_demo_yenimahalle_osm_20260721", "synthetic_notice": "Gerçek altyapı değildir; eğitim ve demo amaçlı sentetik veridir."}, "geometry": {"type": "Point", "coordinates": [32.7756284, 40.0113376]}}, {"type": "Feature", "properties": {"valve_code": "YMH-OSM-V-0198", "valve_type": "pressure_reducing", "diameter_mm": 250, "material": "çelik", "status": "open", "install_year": 2002, "related_pipe_code": "YMH-OSM-P-0042", "district": "Yenimahalle", "source": "synthetic_demo_yenimahalle_osm_20260721", "synthetic_notice": "Gerçek altyapı değildir; eğitim ve demo amaçlı sentetik veridir."}, "geometry": {"type": "Point", "coordinates": [32.7453048, 39.9861431]}}, {"type": "Feature", "properties": {"valve_code": "YMH-OSM-V-0199", "valve_type": "pressure_reducing", "diameter_mm": 315, "material": "çelik", "status": "open", "install_year": 2007, "related_pipe_code": "YMH-OSM-P-0829", "district": "Yenimahalle", "source": "synthetic_demo_yenimahalle_osm_20260721", "synthetic_notice": "Gerçek altyapı değildir; eğitim ve demo amaçlı sentetik veridir."}, "geometry": {"type": "Point", "coordinates": [32.74868, 39.9779281]}}, {"type": "Feature", "properties": {"valve_code": "YMH-OSM-V-0200", "valve_type": "pressure_reducing", "diameter_mm": 315, "material": "çelik", "status": "open", "install_year": 2012, "related_pipe_code": "YMH-OSM-P-0115", "district": "Yenimahalle", "source": "synthetic_demo_yenimahalle_osm_20260721", "synthetic_notice": "Gerçek altyapı değildir; eğitim ve demo amaçlı sentetik veridir."}, "geometry": {"type": "Point", "coordinates": [32.7607946, 39.9754959]}}, {"type": "Feature", "properties": {"valve_code": "YMH-OSM-V-0201", "valve_type": "pressure_reducing", "diameter_mm": 250, "material": "çelik", "status": "open", "install_year": 2017, "related_pipe_code": "YMH-OSM-P-0711", "district": "Yenimahalle", "source": "synthetic_demo_yenimahalle_osm_20260721", "synthetic_notice": "Gerçek altyapı değildir; eğitim ve demo amaçlı sentetik veridir."}, "geometry": {"type": "Point", "coordinates": [32.775773, 39.9672618]}}, {"type": "Feature", "properties": {"valve_code": "YMH-OSM-V-0202", "valve_type": "pressure_reducing", "diameter_mm": 400, "material": "çelik", "status": "open", "install_year": 2022, "related_pipe_code": "YMH-OSM-P-0326", "district": "Yenimahalle", "source": "synthetic_demo_yenimahalle_osm_20260721", "synthetic_notice": "Gerçek altyapı değildir; eğitim ve demo amaçlı sentetik veridir."}, "geometry": {"type": "Point", "coordinates": [32.7899348, 39.9579188]}}, {"type": "Feature", "properties": {"valve_code": "YMH-OSM-V-0203", "valve_type": "pressure_reducing", "diameter_mm": 250, "material": "çelik", "status": "open", "install_year": 2001, "related_pipe_code": "YMH-OSM-P-0054", "district": "Yenimahalle", "source": "synthetic_demo_yenimahalle_osm_20260721", "synthetic_notice": "Gerçek altyapı değildir; eğitim ve demo amaçlı sentetik veridir."}, "geometry": {"type": "Point", "coordinates": [32.7676478, 39.9951785]}}, {"type": "Feature", "properties": {"valve_code": "YMH-OSM-V-0204", "valve_type": "pressure_reducing", "diameter_mm": 400, "material": "çelik", "status": "closed", "install_year": 2006, "related_pipe_code": "YMH-OSM-P-0572", "district": "Yenimahalle", "source": "synthetic_demo_yenimahalle_osm_20260721", "synthetic_notice": "Gerçek altyapı değildir; eğitim ve demo amaçlı sentetik veridir."}, "geometry": {"type": "Point", "coordinates": [32.7683095, 39.9892157]}}, {"type": "Feature", "properties": {"valve_code": "YMH-OSM-V-0205", "valve_type": "pressure_reducing", "diameter_mm": 400, "material": "çelik", "status": "open", "install_year": 2011, "related_pipe_code": "YMH-OSM-P-0656", "district": "Yenimahalle", "source": "synthetic_demo_yenimahalle_osm_20260721", "synthetic_notice": "Gerçek altyapı değildir; eğitim ve demo amaçlı sentetik veridir."}, "geometry": {"type": "Point", "coordinates": [32.773045, 39.9954281]}}, {"type": "Feature", "properties": {"valve_code": "YMH-OSM-V-0206", "valve_type": "pressure_reducing", "diameter_mm": 400, "material": "çelik", "status": "open", "install_year": 2016, "related_pipe_code": "YMH-OSM-P-0062", "district": "Yenimahalle", "source": "synthetic_demo_yenimahalle_osm_20260721", "synthetic_notice": "Gerçek altyapı değildir; eğitim ve demo amaçlı sentetik veridir."}, "geometry": {"type": "Point", "coordinates": [32.7731618, 39.9873783]}}, {"type": "Feature", "properties": {"valve_code": "YMH-OSM-V-0207", "valve_type": "pressure_reducing", "diameter_mm": 250, "material": "çelik", "status": "open", "install_year": 2021, "related_pipe_code": "YMH-OSM-P-0603", "district": "Yenimahalle", "source": "synthetic_demo_yenimahalle_osm_20260721", "synthetic_notice": "Gerçek altyapı değildir; eğitim ve demo amaçlı sentetik veridir."}, "geometry": {"type": "Point", "coordinates": [32.7709247, 40.0271644]}}, {"type": "Feature", "properties": {"valve_code": "YMH-OSM-V-0208", "valve_type": "pressure_reducing", "diameter_mm": 250, "material": "çelik", "status": "open", "install_year": 2000, "related_pipe_code": "YMH-OSM-P-0303", "district": "Yenimahalle", "source": "synthetic_demo_yenimahalle_osm_20260721", "synthetic_notice": "Gerçek altyapı değildir; eğitim ve demo amaçlı sentetik veridir."}, "geometry": {"type": "Point", "coordinates": [32.6872785, 39.9902635]}}, {"type": "Feature", "properties": {"valve_code": "YMH-OSM-V-0209", "valve_type": "pressure_reducing", "diameter_mm": 400, "material": "çelik", "status": "open", "install_year": 2005, "related_pipe_code": "YMH-OSM-P-0296", "district": "Yenimahalle", "source": "synthetic_demo_yenimahalle_osm_20260721", "synthetic_notice": "Gerçek altyapı değildir; eğitim ve demo amaçlı sentetik veridir."}, "geometry": {"type": "Point", "coordinates": [32.687593, 39.9900513]}}, {"type": "Feature", "properties": {"valve_code": "YMH-OSM-V-0210", "valve_type": "pressure_reducing", "diameter_mm": 315, "material": "çelik", "status": "open", "install_year": 2010, "related_pipe_code": "YMH-OSM-P-0352", "district": "Yenimahalle", "source": "synthetic_demo_yenimahalle_osm_20260721", "synthetic_notice": "Gerçek altyapı değildir; eğitim ve demo amaçlı sentetik veridir."}, "geometry": {"type": "Point", "coordinates": [32.7187731, 39.9502691]}}, {"type": "Feature", "properties": {"valve_code": "YMH-OSM-V-0211", "valve_type": "pressure_reducing", "diameter_mm": 400, "material": "çelik", "status": "open", "install_year": 2015, "related_pipe_code": "YMH-OSM-P-0230", "district": "Yenimahalle", "source": "synthetic_demo_yenimahalle_osm_20260721", "synthetic_notice": "Gerçek altyapı değildir; eğitim ve demo amaçlı sentetik veridir."}, "geometry": {"type": "Point", "coordinates": [32.7383275, 39.9481161]}}, {"type": "Feature", "properties": {"valve_code": "YMH-OSM-V-0212", "valve_type": "pressure_reducing", "diameter_mm": 250, "material": "çelik", "status": "open", "install_year": 2020, "related_pipe_code": "YMH-OSM-P-0366", "district": "Yenimahalle", "source": "synthetic_demo_yenimahalle_osm_20260721", "synthetic_notice": "Gerçek altyapı değildir; eğitim ve demo amaçlı sentetik veridir."}, "geometry": {"type": "Point", "coordinates": [32.6998715, 39.9581393]}}, {"type": "Feature", "properties": {"valve_code": "YMH-OSM-V-0213", "valve_type": "pressure_reducing", "diameter_mm": 400, "material": "çelik", "status": "open", "install_year": 2025, "related_pipe_code": "YMH-OSM-P-0281", "district": "Yenimahalle", "source": "synthetic_demo_yenimahalle_osm_20260721", "synthetic_notice": "Gerçek altyapı değildir; eğitim ve demo amaçlı sentetik veridir."}, "geometry": {"type": "Point", "coordinates": [32.6918481, 39.9840619]}}, {"type": "Feature", "properties": {"valve_code": "YMH-OSM-V-0214", "valve_type": "pressure_reducing", "diameter_mm": 400, "material": "çelik", "status": "open", "install_year": 2004, "related_pipe_code": "YMH-OSM-P-0290", "district": "Yenimahalle", "source": "synthetic_demo_yenimahalle_osm_20260721", "synthetic_notice": "Gerçek altyapı değildir; eğitim ve demo amaçlı sentetik veridir."}, "geometry": {"type": "Point", "coordinates": [32.7001436, 39.9968794]}}, {"type": "Feature", "properties": {"valve_code": "YMH-OSM-V-0215", "valve_type": "pressure_reducing", "diameter_mm": 250, "material": "çelik", "status": "open", "install_year": 2009, "related_pipe_code": "YMH-OSM-P-0447", "district": "Yenimahalle", "source": "synthetic_demo_yenimahalle_osm_20260721", "synthetic_notice": "Gerçek altyapı değildir; eğitim ve demo amaçlı sentetik veridir."}, "geometry": {"type": "Point", "coordinates": [32.7246305, 39.9833335]}}, {"type": "Feature", "properties": {"valve_code": "YMH-OSM-V-0216", "valve_type": "pressure_reducing", "diameter_mm": 250, "material": "çelik", "status": "open", "install_year": 2014, "related_pipe_code": "YMH-OSM-P-0534", "district": "Yenimahalle", "source": "synthetic_demo_yenimahalle_osm_20260721", "synthetic_notice": "Gerçek altyapı değildir; eğitim ve demo amaçlı sentetik veridir."}, "geometry": {"type": "Point", "coordinates": [32.7785243, 39.980006]}}, {"type": "Feature", "properties": {"valve_code": "YMH-OSM-V-0217", "valve_type": "pressure_reducing", "diameter_mm": 400, "material": "çelik", "status": "open", "install_year": 2019, "related_pipe_code": "YMH-OSM-P-0593", "district": "Yenimahalle", "source": "synthetic_demo_yenimahalle_osm_20260721", "synthetic_notice": "Gerçek altyapı değildir; eğitim ve demo amaçlı sentetik veridir."}, "geometry": {"type": "Point", "coordinates": [32.7638788, 39.9620523]}}, {"type": "Feature", "properties": {"valve_code": "YMH-OSM-V-0218", "valve_type": "pressure_reducing", "diameter_mm": 315, "material": "çelik", "status": "open", "install_year": 2024, "related_pipe_code": "YMH-OSM-P-0292", "district": "Yenimahalle", "source": "synthetic_demo_yenimahalle_osm_20260721", "synthetic_notice": "Gerçek altyapı değildir; eğitim ve demo amaçlı sentetik veridir."}, "geometry": {"type": "Point", "coordinates": [32.6999367, 39.996606]}}, {"type": "Feature", "properties": {"valve_code": "YMH-OSM-V-0219", "valve_type": "pressure_reducing", "diameter_mm": 400, "material": "çelik", "status": "open", "install_year": 2003, "related_pipe_code": "YMH-OSM-P-0257", "district": "Yenimahalle", "source": "synthetic_demo_yenimahalle_osm_20260721", "synthetic_notice": "Gerçek altyapı değildir; eğitim ve demo amaçlı sentetik veridir."}, "geometry": {"type": "Point", "coordinates": [32.7166402, 39.9700383]}}, {"type": "Feature", "properties": {"valve_code": "YMH-OSM-V-0220", "valve_type": "pressure_reducing", "diameter_mm": 315, "material": "çelik", "status": "open", "install_year": 2008, "related_pipe_code": "YMH-OSM-P-0418", "district": "Yenimahalle", "source": "synthetic_demo_yenimahalle_osm_20260721", "synthetic_notice": "Gerçek altyapı değildir; eğitim ve demo amaçlı sentetik veridir."}, "geometry": {"type": "Point", "coordinates": [32.7480324, 39.9599707]}}, {"type": "Feature", "properties": {"valve_code": "YMH-OSM-V-0221", "valve_type": "pressure_reducing", "diameter_mm": 315, "material": "çelik", "status": "closed", "install_year": 2013, "related_pipe_code": "YMH-OSM-P-0475", "district": "Yenimahalle", "source": "synthetic_demo_yenimahalle_osm_20260721", "synthetic_notice": "Gerçek altyapı değildir; eğitim ve demo amaçlı sentetik veridir."}, "geometry": {"type": "Point", "coordinates": [32.7951791, 39.9570463]}}, {"type": "Feature", "properties": {"valve_code": "YMH-OSM-V-0222", "valve_type": "pressure_reducing", "diameter_mm": 315, "material": "çelik", "status": "open", "install_year": 2018, "related_pipe_code": "YMH-OSM-P-0628", "district": "Yenimahalle", "source": "synthetic_demo_yenimahalle_osm_20260721", "synthetic_notice": "Gerçek altyapı değildir; eğitim ve demo amaçlı sentetik veridir."}, "geometry": {"type": "Point", "coordinates": [32.7708634, 40.0380085]}}, {"type": "Feature", "properties": {"valve_code": "YMH-OSM-V-0223", "valve_type": "pressure_reducing", "diameter_mm": 400, "material": "çelik", "status": "open", "install_year": 2023, "related_pipe_code": "YMH-OSM-P-0716", "district": "Yenimahalle", "source": "synthetic_demo_yenimahalle_osm_20260721", "synthetic_notice": "Gerçek altyapı değildir; eğitim ve demo amaçlı sentetik veridir."}, "geometry": {"type": "Point", "coordinates": [32.7665718, 40.0367393]}}, {"type": "Feature", "properties": {"valve_code": "YMH-OSM-V-0224", "valve_type": "pressure_reducing", "diameter_mm": 400, "material": "çelik", "status": "open", "install_year": 2002, "related_pipe_code": "YMH-OSM-P-0725", "district": "Yenimahalle", "source": "synthetic_demo_yenimahalle_osm_20260721", "synthetic_notice": "Gerçek altyapı değildir; eğitim ve demo amaçlı sentetik veridir."}, "geometry": {"type": "Point", "coordinates": [32.7665625, 40.0368665]}}, {"type": "Feature", "properties": {"valve_code": "YMH-OSM-V-0225", "valve_type": "pressure_reducing", "diameter_mm": 250, "material": "çelik", "status": "open", "install_year": 2007, "related_pipe_code": "YMH-OSM-P-0546", "district": "Yenimahalle", "source": "synthetic_demo_yenimahalle_osm_20260721", "synthetic_notice": "Gerçek altyapı değildir; eğitim ve demo amaçlı sentetik veridir."}, "geometry": {"type": "Point", "coordinates": [32.6837997, 39.9761804]}}, {"type": "Feature", "properties": {"valve_code": "YMH-OSM-V-0226", "valve_type": "pressure_reducing", "diameter_mm": 400, "material": "çelik", "status": "open", "install_year": 2012, "related_pipe_code": "YMH-OSM-P-0683", "district": "Yenimahalle", "source": "synthetic_demo_yenimahalle_osm_20260721", "synthetic_notice": "Gerçek altyapı değildir; eğitim ve demo amaçlı sentetik veridir."}, "geometry": {"type": "Point", "coordinates": [32.7745397, 39.9666101]}}, {"type": "Feature", "properties": {"valve_code": "YMH-OSM-V-0227", "valve_type": "pressure_reducing", "diameter_mm": 400, "material": "çelik", "status": "open", "install_year": 2017, "related_pipe_code": "YMH-OSM-P-0275", "district": "Yenimahalle", "source": "synthetic_demo_yenimahalle_osm_20260721", "synthetic_notice": "Gerçek altyapı değildir; eğitim ve demo amaçlı sentetik veridir."}, "geometry": {"type": "Point", "coordinates": [32.6930725, 39.9843467]}}, {"type": "Feature", "properties": {"valve_code": "YMH-OSM-V-0228", "valve_type": "pressure_reducing", "diameter_mm": 250, "material": "çelik", "status": "open", "install_year": 2022, "related_pipe_code": "YMH-OSM-P-0378", "district": "Yenimahalle", "source": "synthetic_demo_yenimahalle_osm_20260721", "synthetic_notice": "Gerçek altyapı değildir; eğitim ve demo amaçlı sentetik veridir."}, "geometry": {"type": "Point", "coordinates": [32.7051454, 39.9633896]}}, {"type": "Feature", "properties": {"valve_code": "YMH-OSM-V-0229", "valve_type": "pressure_reducing", "diameter_mm": 250, "material": "çelik", "status": "open", "install_year": 2001, "related_pipe_code": "YMH-OSM-P-0219", "district": "Yenimahalle", "source": "synthetic_demo_yenimahalle_osm_20260721", "synthetic_notice": "Gerçek altyapı değildir; eğitim ve demo amaçlı sentetik veridir."}, "geometry": {"type": "Point", "coordinates": [32.7292445, 39.9580729]}}, {"type": "Feature", "properties": {"valve_code": "YMH-OSM-V-0230", "valve_type": "pressure_reducing", "diameter_mm": 400, "material": "çelik", "status": "open", "install_year": 2006, "related_pipe_code": "YMH-OSM-P-0383", "district": "Yenimahalle", "source": "synthetic_demo_yenimahalle_osm_20260721", "synthetic_notice": "Gerçek altyapı değildir; eğitim ve demo amaçlı sentetik veridir."}, "geometry": {"type": "Point", "coordinates": [32.7480968, 39.9600745]}}, {"type": "Feature", "properties": {"valve_code": "YMH-OSM-V-0231", "valve_type": "pressure_reducing", "diameter_mm": 315, "material": "çelik", "status": "open", "install_year": 2011, "related_pipe_code": "YMH-OSM-P-0196", "district": "Yenimahalle", "source": "synthetic_demo_yenimahalle_osm_20260721", "synthetic_notice": "Gerçek altyapı değildir; eğitim ve demo amaçlı sentetik veridir."}, "geometry": {"type": "Point", "coordinates": [32.7481463, 39.9640677]}}, {"type": "Feature", "properties": {"valve_code": "YMH-OSM-V-0232", "valve_type": "pressure_reducing", "diameter_mm": 250, "material": "çelik", "status": "open", "install_year": 2016, "related_pipe_code": "YMH-OSM-P-0255", "district": "Yenimahalle", "source": "synthetic_demo_yenimahalle_osm_20260721", "synthetic_notice": "Gerçek altyapı değildir; eğitim ve demo amaçlı sentetik veridir."}, "geometry": {"type": "Point", "coordinates": [32.7204897, 39.9582568]}}, {"type": "Feature", "properties": {"valve_code": "YMH-OSM-V-0233", "valve_type": "pressure_reducing", "diameter_mm": 250, "material": "çelik", "status": "open", "install_year": 2021, "related_pipe_code": "YMH-OSM-P-0726", "district": "Yenimahalle", "source": "synthetic_demo_yenimahalle_osm_20260721", "synthetic_notice": "Gerçek altyapı değildir; eğitim ve demo amaçlı sentetik veridir."}, "geometry": {"type": "Point", "coordinates": [32.7663917, 40.0377883]}}, {"type": "Feature", "properties": {"valve_code": "YMH-OSM-V-0234", "valve_type": "pressure_reducing", "diameter_mm": 250, "material": "çelik", "status": "open", "install_year": 2000, "related_pipe_code": "YMH-OSM-P-0183", "district": "Yenimahalle", "source": "synthetic_demo_yenimahalle_osm_20260721", "synthetic_notice": "Gerçek altyapı değildir; eğitim ve demo amaçlı sentetik veridir."}, "geometry": {"type": "Point", "coordinates": [32.7478144, 39.9639948]}}, {"type": "Feature", "properties": {"valve_code": "YMH-OSM-V-0235", "valve_type": "pressure_reducing", "diameter_mm": 400, "material": "çelik", "status": "open", "install_year": 2005, "related_pipe_code": "YMH-OSM-P-0473", "district": "Yenimahalle", "source": "synthetic_demo_yenimahalle_osm_20260721", "synthetic_notice": "Gerçek altyapı değildir; eğitim ve demo amaçlı sentetik veridir."}, "geometry": {"type": "Point", "coordinates": [32.7950563, 39.9570667]}}, {"type": "Feature", "properties": {"valve_code": "YMH-OSM-V-0236", "valve_type": "pressure_reducing", "diameter_mm": 315, "material": "çelik", "status": "open", "install_year": 2010, "related_pipe_code": "YMH-OSM-P-0676", "district": "Yenimahalle", "source": "synthetic_demo_yenimahalle_osm_20260721", "synthetic_notice": "Gerçek altyapı değildir; eğitim ve demo amaçlı sentetik veridir."}, "geometry": {"type": "Point", "coordinates": [32.7809865, 40.0114272]}}, {"type": "Feature", "properties": {"valve_code": "YMH-OSM-V-0237", "valve_type": "pressure_reducing", "diameter_mm": 250, "material": "çelik", "status": "open", "install_year": 2015, "related_pipe_code": "YMH-OSM-P-0012", "district": "Yenimahalle", "source": "synthetic_demo_yenimahalle_osm_20260721", "synthetic_notice": "Gerçek altyapı değildir; eğitim ve demo amaçlı sentetik veridir."}, "geometry": {"type": "Point", "coordinates": [32.7726946, 40.000325]}}, {"type": "Feature", "properties": {"valve_code": "YMH-OSM-V-0238", "valve_type": "pressure_reducing", "diameter_mm": 400, "material": "çelik", "status": "closed", "install_year": 2020, "related_pipe_code": "YMH-OSM-P-0731", "district": "Yenimahalle", "source": "synthetic_demo_yenimahalle_osm_20260721", "synthetic_notice": "Gerçek altyapı değildir; eğitim ve demo amaçlı sentetik veridir."}, "geometry": {"type": "Point", "coordinates": [32.7809603, 40.0051533]}}, {"type": "Feature", "properties": {"valve_code": "YMH-OSM-V-0239", "valve_type": "pressure_reducing", "diameter_mm": 315, "material": "çelik", "status": "open", "install_year": 2025, "related_pipe_code": "YMH-OSM-P-0733", "district": "Yenimahalle", "source": "synthetic_demo_yenimahalle_osm_20260721", "synthetic_notice": "Gerçek altyapı değildir; eğitim ve demo amaçlı sentetik veridir."}, "geometry": {"type": "Point", "coordinates": [32.7810551, 40.0057751]}}, {"type": "Feature", "properties": {"valve_code": "YMH-OSM-V-0240", "valve_type": "pressure_reducing", "diameter_mm": 250, "material": "çelik", "status": "open", "install_year": 2004, "related_pipe_code": "YMH-OSM-P-0732", "district": "Yenimahalle", "source": "synthetic_demo_yenimahalle_osm_20260721", "synthetic_notice": "Gerçek altyapı değildir; eğitim ve demo amaçlı sentetik veridir."}, "geometry": {"type": "Point", "coordinates": [32.7808944, 40.0058036]}}, {"type": "Feature", "properties": {"valve_code": "YMH-OSM-V-0241", "valve_type": "pressure_reducing", "diameter_mm": 400, "material": "çelik", "status": "open", "install_year": 2009, "related_pipe_code": "YMH-OSM-P-0734", "district": "Yenimahalle", "source": "synthetic_demo_yenimahalle_osm_20260721", "synthetic_notice": "Gerçek altyapı değildir; eğitim ve demo amaçlı sentetik veridir."}, "geometry": {"type": "Point", "coordinates": [32.7812114, 40.0060838]}}, {"type": "Feature", "properties": {"valve_code": "YMH-OSM-V-0242", "valve_type": "pressure_reducing", "diameter_mm": 315, "material": "çelik", "status": "open", "install_year": 2014, "related_pipe_code": "YMH-OSM-P-0682", "district": "Yenimahalle", "source": "synthetic_demo_yenimahalle_osm_20260721", "synthetic_notice": "Gerçek altyapı değildir; eğitim ve demo amaçlı sentetik veridir."}, "geometry": {"type": "Point", "coordinates": [32.7718099, 39.9663469]}}, {"type": "Feature", "properties": {"valve_code": "YMH-OSM-V-0243", "valve_type": "pressure_reducing", "diameter_mm": 250, "material": "çelik", "status": "open", "install_year": 2019, "related_pipe_code": "YMH-OSM-P-0438", "district": "Yenimahalle", "source": "synthetic_demo_yenimahalle_osm_20260721", "synthetic_notice": "Gerçek altyapı değildir; eğitim ve demo amaçlı sentetik veridir."}, "geometry": {"type": "Point", "coordinates": [32.7242699, 39.9832933]}}, {"type": "Feature", "properties": {"valve_code": "YMH-OSM-V-0244", "valve_type": "pressure_reducing", "diameter_mm": 250, "material": "çelik", "status": "open", "install_year": 2024, "related_pipe_code": "YMH-OSM-P-0768", "district": "Yenimahalle", "source": "synthetic_demo_yenimahalle_osm_20260721", "synthetic_notice": "Gerçek altyapı değildir; eğitim ve demo amaçlı sentetik veridir."}, "geometry": {"type": "Point", "coordinates": [32.7350268, 39.9856743]}}, {"type": "Feature", "properties": {"valve_code": "YMH-OSM-V-0245", "valve_type": "pressure_reducing", "diameter_mm": 315, "material": "çelik", "status": "open", "install_year": 2003, "related_pipe_code": "YMH-OSM-P-0571", "district": "Yenimahalle", "source": "synthetic_demo_yenimahalle_osm_20260721", "synthetic_notice": "Gerçek altyapı değildir; eğitim ve demo amaçlı sentetik veridir."}, "geometry": {"type": "Point", "coordinates": [32.741281, 39.9825263]}}, {"type": "Feature", "properties": {"valve_code": "YMH-OSM-V-0246", "valve_type": "pressure_reducing", "diameter_mm": 315, "material": "çelik", "status": "open", "install_year": 2008, "related_pipe_code": "YMH-OSM-P-0481", "district": "Yenimahalle", "source": "synthetic_demo_yenimahalle_osm_20260721", "synthetic_notice": "Gerçek altyapı değildir; eğitim ve demo amaçlı sentetik veridir."}, "geometry": {"type": "Point", "coordinates": [32.8187028, 39.9562891]}}, {"type": "Feature", "properties": {"valve_code": "YMH-OSM-V-0247", "valve_type": "pressure_reducing", "diameter_mm": 250, "material": "çelik", "status": "open", "install_year": 2013, "related_pipe_code": "YMH-OSM-P-0327", "district": "Yenimahalle", "source": "synthetic_demo_yenimahalle_osm_20260721", "synthetic_notice": "Gerçek altyapı değildir; eğitim ve demo amaçlı sentetik veridir."}, "geometry": {"type": "Point", "coordinates": [32.7901076, 39.9581848]}}, {"type": "Feature", "properties": {"valve_code": "YMH-OSM-V-0248", "valve_type": "pressure_reducing", "diameter_mm": 400, "material": "çelik", "status": "open", "install_year": 2018, "related_pipe_code": "YMH-OSM-P-0197", "district": "Yenimahalle", "source": "synthetic_demo_yenimahalle_osm_20260721", "synthetic_notice": "Gerçek altyapı değildir; eğitim ve demo amaçlı sentetik veridir."}, "geometry": {"type": "Point", "coordinates": [32.7479492, 39.964452]}}, {"type": "Feature", "properties": {"valve_code": "YMH-OSM-V-0249", "valve_type": "pressure_reducing", "diameter_mm": 250, "material": "çelik", "status": "open", "install_year": 2023, "related_pipe_code": "YMH-OSM-P-0780", "district": "Yenimahalle", "source": "synthetic_demo_yenimahalle_osm_20260721", "synthetic_notice": "Gerçek altyapı değildir; eğitim ve demo amaçlı sentetik veridir."}, "geometry": {"type": "Point", "coordinates": [32.7780888, 39.9705002]}}, {"type": "Feature", "properties": {"valve_code": "YMH-OSM-V-0250", "valve_type": "pressure_reducing", "diameter_mm": 400, "material": "çelik", "status": "open", "install_year": 2002, "related_pipe_code": "YMH-OSM-P-0782", "district": "Yenimahalle", "source": "synthetic_demo_yenimahalle_osm_20260721", "synthetic_notice": "Gerçek altyapı değildir; eğitim ve demo amaçlı sentetik veridir."}, "geometry": {"type": "Point", "coordinates": [32.7818504, 39.9697435]}}, {"type": "Feature", "properties": {"valve_code": "YMH-OSM-V-0251", "valve_type": "pressure_reducing", "diameter_mm": 315, "material": "çelik", "status": "open", "install_year": 2007, "related_pipe_code": "YMH-OSM-P-0718", "district": "Yenimahalle", "source": "synthetic_demo_yenimahalle_osm_20260721", "synthetic_notice": "Gerçek altyapı değildir; eğitim ve demo amaçlı sentetik veridir."}, "geometry": {"type": "Point", "coordinates": [32.7411828, 39.9826639]}}, {"type": "Feature", "properties": {"valve_code": "YMH-OSM-V-0252", "valve_type": "pressure_reducing", "diameter_mm": 400, "material": "çelik", "status": "open", "install_year": 2012, "related_pipe_code": "YMH-OSM-P-0401", "district": "Yenimahalle", "source": "synthetic_demo_yenimahalle_osm_20260721", "synthetic_notice": "Gerçek altyapı değildir; eğitim ve demo amaçlı sentetik veridir."}, "geometry": {"type": "Point", "coordinates": [32.7349336, 39.9568182]}}, {"type": "Feature", "properties": {"valve_code": "YMH-OSM-V-0253", "valve_type": "pressure_reducing", "diameter_mm": 250, "material": "çelik", "status": "open", "install_year": 2017, "related_pipe_code": "YMH-OSM-P-0291", "district": "Yenimahalle", "source": "synthetic_demo_yenimahalle_osm_20260721", "synthetic_notice": "Gerçek altyapı değildir; eğitim ve demo amaçlı sentetik veridir."}, "geometry": {"type": "Point", "coordinates": [32.6927627, 39.9876789]}}, {"type": "Feature", "properties": {"valve_code": "YMH-OSM-V-0254", "valve_type": "pressure_reducing", "diameter_mm": 400, "material": "çelik", "status": "open", "install_year": 2022, "related_pipe_code": "YMH-OSM-P-0278", "district": "Yenimahalle", "source": "synthetic_demo_yenimahalle_osm_20260721", "synthetic_notice": "Gerçek altyapı değildir; eğitim ve demo amaçlı sentetik veridir."}, "geometry": {"type": "Point", "coordinates": [32.7077878, 39.9700189]}}, {"type": "Feature", "properties": {"valve_code": "YMH-OSM-V-0255", "valve_type": "pressure_reducing", "diameter_mm": 250, "material": "çelik", "status": "closed", "install_year": 2001, "related_pipe_code": "YMH-OSM-P-0270", "district": "Yenimahalle", "source": "synthetic_demo_yenimahalle_osm_20260721", "synthetic_notice": "Gerçek altyapı değildir; eğitim ve demo amaçlı sentetik veridir."}, "geometry": {"type": "Point", "coordinates": [32.7077305, 39.9698291]}}, {"type": "Feature", "properties": {"valve_code": "YMH-OSM-V-0256", "valve_type": "pressure_reducing", "diameter_mm": 250, "material": "çelik", "status": "open", "install_year": 2006, "related_pipe_code": "YMH-OSM-P-0282", "district": "Yenimahalle", "source": "synthetic_demo_yenimahalle_osm_20260721", "synthetic_notice": "Gerçek altyapı değildir; eğitim ve demo amaçlı sentetik veridir."}, "geometry": {"type": "Point", "coordinates": [32.6938962, 39.9872301]}}, {"type": "Feature", "properties": {"valve_code": "YMH-OSM-V-0257", "valve_type": "pressure_reducing", "diameter_mm": 315, "material": "çelik", "status": "open", "install_year": 2011, "related_pipe_code": "YMH-OSM-P-0274", "district": "Yenimahalle", "source": "synthetic_demo_yenimahalle_osm_20260721", "synthetic_notice": "Gerçek altyapı değildir; eğitim ve demo amaçlı sentetik veridir."}, "geometry": {"type": "Point", "coordinates": [32.6921685, 39.9839937]}}, {"type": "Feature", "properties": {"valve_code": "YMH-OSM-V-0258", "valve_type": "pressure_reducing", "diameter_mm": 250, "material": "çelik", "status": "open", "install_year": 2016, "related_pipe_code": "YMH-OSM-P-0228", "district": "Yenimahalle", "source": "synthetic_demo_yenimahalle_osm_20260721", "synthetic_notice": "Gerçek altyapı değildir; eğitim ve demo amaçlı sentetik veridir."}, "geometry": {"type": "Point", "coordinates": [32.7289851, 39.9578352]}}, {"type": "Feature", "properties": {"valve_code": "YMH-OSM-V-0259", "valve_type": "pressure_reducing", "diameter_mm": 250, "material": "çelik", "status": "open", "install_year": 2021, "related_pipe_code": "YMH-OSM-P-0231", "district": "Yenimahalle", "source": "synthetic_demo_yenimahalle_osm_20260721", "synthetic_notice": "Gerçek altyapı değildir; eğitim ve demo amaçlı sentetik veridir."}, "geometry": {"type": "Point", "coordinates": [32.729266, 39.9580007]}}, {"type": "Feature", "properties": {"valve_code": "YMH-OSM-V-0260", "valve_type": "pressure_reducing", "diameter_mm": 315, "material": "çelik", "status": "open", "install_year": 2000, "related_pipe_code": "YMH-OSM-P-0610", "district": "Yenimahalle", "source": "synthetic_demo_yenimahalle_osm_20260721", "synthetic_notice": "Gerçek altyapı değildir; eğitim ve demo amaçlı sentetik veridir."}, "geometry": {"type": "Point", "coordinates": [32.786371, 40.0210794]}}, {"type": "Feature", "properties": {"valve_code": "YMH-OSM-V-0261", "valve_type": "pressure_reducing", "diameter_mm": 250, "material": "çelik", "status": "open", "install_year": 2005, "related_pipe_code": "YMH-OSM-P-0612", "district": "Yenimahalle", "source": "synthetic_demo_yenimahalle_osm_20260721", "synthetic_notice": "Gerçek altyapı değildir; eğitim ve demo amaçlı sentetik veridir."}, "geometry": {"type": "Point", "coordinates": [32.7888468, 40.0312566]}}, {"type": "Feature", "properties": {"valve_code": "YMH-OSM-V-0262", "valve_type": "pressure_reducing", "diameter_mm": 315, "material": "çelik", "status": "open", "install_year": 2010, "related_pipe_code": "YMH-OSM-P-0238", "district": "Yenimahalle", "source": "synthetic_demo_yenimahalle_osm_20260721", "synthetic_notice": "Gerçek altyapı değildir; eğitim ve demo amaçlı sentetik veridir."}, "geometry": {"type": "Point", "coordinates": [32.7387855, 39.9457276]}}, {"type": "Feature", "properties": {"valve_code": "YMH-OSM-V-0263", "valve_type": "pressure_reducing", "diameter_mm": 250, "material": "çelik", "status": "open", "install_year": 2015, "related_pipe_code": "YMH-OSM-P-0264", "district": "Yenimahalle", "source": "synthetic_demo_yenimahalle_osm_20260721", "synthetic_notice": "Gerçek altyapı değildir; eğitim ve demo amaçlı sentetik veridir."}, "geometry": {"type": "Point", "coordinates": [32.7079979, 39.9699873]}}, {"type": "Feature", "properties": {"valve_code": "YMH-OSM-V-0264", "valve_type": "pressure_reducing", "diameter_mm": 400, "material": "çelik", "status": "open", "install_year": 2020, "related_pipe_code": "YMH-OSM-P-0485", "district": "Yenimahalle", "source": "synthetic_demo_yenimahalle_osm_20260721", "synthetic_notice": "Gerçek altyapı değildir; eğitim ve demo amaçlı sentetik veridir."}, "geometry": {"type": "Point", "coordinates": [32.8110798, 39.962254]}}, {"type": "Feature", "properties": {"valve_code": "YMH-OSM-V-0265", "valve_type": "pressure_reducing", "diameter_mm": 400, "material": "çelik", "status": "open", "install_year": 2025, "related_pipe_code": "YMH-OSM-P-0500", "district": "Yenimahalle", "source": "synthetic_demo_yenimahalle_osm_20260721", "synthetic_notice": "Gerçek altyapı değildir; eğitim ve demo amaçlı sentetik veridir."}, "geometry": {"type": "Point", "coordinates": [32.8208725, 39.9538493]}}, {"type": "Feature", "properties": {"valve_code": "YMH-OSM-V-0266", "valve_type": "pressure_reducing", "diameter_mm": 315, "material": "çelik", "status": "open", "install_year": 2004, "related_pipe_code": "YMH-OSM-P-0499", "district": "Yenimahalle", "source": "synthetic_demo_yenimahalle_osm_20260721", "synthetic_notice": "Gerçek altyapı değildir; eğitim ve demo amaçlı sentetik veridir."}, "geometry": {"type": "Point", "coordinates": [32.8202689, 39.9545849]}}, {"type": "Feature", "properties": {"valve_code": "YMH-OSM-V-0267", "valve_type": "pressure_reducing", "diameter_mm": 315, "material": "çelik", "status": "open", "install_year": 2009, "related_pipe_code": "YMH-OSM-P-0502", "district": "Yenimahalle", "source": "synthetic_demo_yenimahalle_osm_20260721", "synthetic_notice": "Gerçek altyapı değildir; eğitim ve demo amaçlı sentetik veridir."}, "geometry": {"type": "Point", "coordinates": [32.8290658, 39.947251]}}, {"type": "Feature", "properties": {"valve_code": "YMH-OSM-V-0268", "valve_type": "pressure_reducing", "diameter_mm": 250, "material": "çelik", "status": "open", "install_year": 2014, "related_pipe_code": "YMH-OSM-P-0501", "district": "Yenimahalle", "source": "synthetic_demo_yenimahalle_osm_20260721", "synthetic_notice": "Gerçek altyapı değildir; eğitim ve demo amaçlı sentetik veridir."}, "geometry": {"type": "Point", "coordinates": [32.8223079, 39.9524249]}}, {"type": "Feature", "properties": {"valve_code": "YMH-OSM-V-0269", "valve_type": "pressure_reducing", "diameter_mm": 250, "material": "çelik", "status": "open", "install_year": 2019, "related_pipe_code": "YMH-OSM-P-0468", "district": "Yenimahalle", "source": "synthetic_demo_yenimahalle_osm_20260721", "synthetic_notice": "Gerçek altyapı değildir; eğitim ve demo amaçlı sentetik veridir."}, "geometry": {"type": "Point", "coordinates": [32.7928733, 39.9659612]}}, {"type": "Feature", "properties": {"valve_code": "YMH-OSM-V-0270", "valve_type": "pressure_reducing", "diameter_mm": 250, "material": "çelik", "status": "open", "install_year": 2024, "related_pipe_code": "YMH-OSM-P-0333", "district": "Yenimahalle", "source": "synthetic_demo_yenimahalle_osm_20260721", "synthetic_notice": "Gerçek altyapı değildir; eğitim ve demo amaçlı sentetik veridir."}, "geometry": {"type": "Point", "coordinates": [32.7902532, 39.9581648]}}, {"type": "Feature", "properties": {"valve_code": "YMH-OSM-V-0271", "valve_type": "pressure_reducing", "diameter_mm": 315, "material": "çelik", "status": "open", "install_year": 2003, "related_pipe_code": "YMH-OSM-P-0520", "district": "Yenimahalle", "source": "synthetic_demo_yenimahalle_osm_20260721", "synthetic_notice": "Gerçek altyapı değildir; eğitim ve demo amaçlı sentetik veridir."}, "geometry": {"type": "Point", "coordinates": [32.7931721, 39.9668198]}}, {"type": "Feature", "properties": {"valve_code": "YMH-OSM-V-0272", "valve_type": "pressure_reducing", "diameter_mm": 400, "material": "çelik", "status": "closed", "install_year": 2008, "related_pipe_code": "YMH-OSM-P-0533", "district": "Yenimahalle", "source": "synthetic_demo_yenimahalle_osm_20260721", "synthetic_notice": "Gerçek altyapı değildir; eğitim ve demo amaçlı sentetik veridir."}, "geometry": {"type": "Point", "coordinates": [32.7810574, 39.9759144]}}, {"type": "Feature", "properties": {"valve_code": "YMH-OSM-V-0273", "valve_type": "pressure_reducing", "diameter_mm": 250, "material": "çelik", "status": "open", "install_year": 2013, "related_pipe_code": "YMH-OSM-P-0177", "district": "Yenimahalle", "source": "synthetic_demo_yenimahalle_osm_20260721", "synthetic_notice": "Gerçek altyapı değildir; eğitim ve demo amaçlı sentetik veridir."}, "geometry": {"type": "Point", "coordinates": [32.7460927, 39.9692234]}}, {"type": "Feature", "properties": {"valve_code": "YMH-OSM-V-0274", "valve_type": "pressure_reducing", "diameter_mm": 250, "material": "çelik", "status": "open", "install_year": 2018, "related_pipe_code": "YMH-OSM-P-0429", "district": "Yenimahalle", "source": "synthetic_demo_yenimahalle_osm_20260721", "synthetic_notice": "Gerçek altyapı değildir; eğitim ve demo amaçlı sentetik veridir."}, "geometry": {"type": "Point", "coordinates": [32.7847881, 39.9546166]}}, {"type": "Feature", "properties": {"valve_code": "YMH-OSM-V-0275", "valve_type": "pressure_reducing", "diameter_mm": 315, "material": "çelik", "status": "open", "install_year": 2023, "related_pipe_code": "YMH-OSM-P-0397", "district": "Yenimahalle", "source": "synthetic_demo_yenimahalle_osm_20260721", "synthetic_notice": "Gerçek altyapı değildir; eğitim ve demo amaçlı sentetik veridir."}, "geometry": {"type": "Point", "coordinates": [32.7867121, 39.9551908]}}, {"type": "Feature", "properties": {"valve_code": "YMH-OSM-V-0276", "valve_type": "pressure_reducing", "diameter_mm": 315, "material": "çelik", "status": "open", "install_year": 2002, "related_pipe_code": "YMH-OSM-P-0412", "district": "Yenimahalle", "source": "synthetic_demo_yenimahalle_osm_20260721", "synthetic_notice": "Gerçek altyapı değildir; eğitim ve demo amaçlı sentetik veridir."}, "geometry": {"type": "Point", "coordinates": [32.7939266, 39.9559278]}}, {"type": "Feature", "properties": {"valve_code": "YMH-OSM-V-0277", "valve_type": "pressure_reducing", "diameter_mm": 400, "material": "çelik", "status": "open", "install_year": 2007, "related_pipe_code": "YMH-OSM-P-0824", "district": "Yenimahalle", "source": "synthetic_demo_yenimahalle_osm_20260721", "synthetic_notice": "Gerçek altyapı değildir; eğitim ve demo amaçlı sentetik veridir."}, "geometry": {"type": "Point", "coordinates": [32.7392643, 39.9736908]}}, {"type": "Feature", "properties": {"valve_code": "YMH-OSM-V-0278", "valve_type": "pressure_reducing", "diameter_mm": 315, "material": "çelik", "status": "open", "install_year": 2012, "related_pipe_code": "YMH-OSM-P-0835", "district": "Yenimahalle", "source": "synthetic_demo_yenimahalle_osm_20260721", "synthetic_notice": "Gerçek altyapı değildir; eğitim ve demo amaçlı sentetik veridir."}, "geometry": {"type": "Point", "coordinates": [32.751263, 39.9735902]}}, {"type": "Feature", "properties": {"valve_code": "YMH-OSM-V-0279", "valve_type": "pressure_reducing", "diameter_mm": 250, "material": "çelik", "status": "open", "install_year": 2017, "related_pipe_code": "YMH-OSM-P-0834", "district": "Yenimahalle", "source": "synthetic_demo_yenimahalle_osm_20260721", "synthetic_notice": "Gerçek altyapı değildir; eğitim ve demo amaçlı sentetik veridir."}, "geometry": {"type": "Point", "coordinates": [32.7489227, 39.9780197]}}, {"type": "Feature", "properties": {"valve_code": "YMH-OSM-V-0280", "valve_type": "pressure_reducing", "diameter_mm": 400, "material": "çelik", "status": "open", "install_year": 2022, "related_pipe_code": "YMH-OSM-P-0395", "district": "Yenimahalle", "source": "synthetic_demo_yenimahalle_osm_20260721", "synthetic_notice": "Gerçek altyapı değildir; eğitim ve demo amaçlı sentetik veridir."}, "geometry": {"type": "Point", "coordinates": [32.7080357, 39.9859599]}}, {"type": "Feature", "properties": {"valve_code": "YMH-OSM-V-0281", "valve_type": "pressure_reducing", "diameter_mm": 315, "material": "çelik", "status": "open", "install_year": 2001, "related_pipe_code": "YMH-OSM-P-0394", "district": "Yenimahalle", "source": "synthetic_demo_yenimahalle_osm_20260721", "synthetic_notice": "Gerçek altyapı değildir; eğitim ve demo amaçlı sentetik veridir."}, "geometry": {"type": "Point", "coordinates": [32.7075047, 39.9926368]}}, {"type": "Feature", "properties": {"valve_code": "YMH-OSM-V-0282", "valve_type": "pressure_reducing", "diameter_mm": 250, "material": "çelik", "status": "open", "install_year": 2006, "related_pipe_code": "YMH-OSM-P-0456", "district": "Yenimahalle", "source": "synthetic_demo_yenimahalle_osm_20260721", "synthetic_notice": "Gerçek altyapı değildir; eğitim ve demo amaçlı sentetik veridir."}, "geometry": {"type": "Point", "coordinates": [32.7059665, 39.9947778]}}, {"type": "Feature", "properties": {"valve_code": "YMH-OSM-V-0283", "valve_type": "pressure_reducing", "diameter_mm": 400, "material": "çelik", "status": "open", "install_year": 2011, "related_pipe_code": "YMH-OSM-P-0266", "district": "Yenimahalle", "source": "synthetic_demo_yenimahalle_osm_20260721", "synthetic_notice": "Gerçek altyapı değildir; eğitim ve demo amaçlı sentetik veridir."}, "geometry": {"type": "Point", "coordinates": [32.7147894, 39.9516053]}}, {"type": "Feature", "properties": {"valve_code": "YMH-OSM-V-0284", "valve_type": "pressure_reducing", "diameter_mm": 315, "material": "çelik", "status": "open", "install_year": 2016, "related_pipe_code": "YMH-OSM-P-0235", "district": "Yenimahalle", "source": "synthetic_demo_yenimahalle_osm_20260721", "synthetic_notice": "Gerçek altyapı değildir; eğitim ve demo amaçlı sentetik veridir."}, "geometry": {"type": "Point", "coordinates": [32.738578, 39.9457275]}}, {"type": "Feature", "properties": {"valve_code": "YMH-OSM-V-0285", "valve_type": "pressure_reducing", "diameter_mm": 315, "material": "çelik", "status": "open", "install_year": 2021, "related_pipe_code": "YMH-OSM-P-0445", "district": "Yenimahalle", "source": "synthetic_demo_yenimahalle_osm_20260721", "synthetic_notice": "Gerçek altyapı değildir; eğitim ve demo amaçlı sentetik veridir."}, "geometry": {"type": "Point", "coordinates": [32.6964609, 39.9857415]}}, {"type": "Feature", "properties": {"valve_code": "YMH-OSM-V-0286", "valve_type": "pressure_reducing", "diameter_mm": 315, "material": "çelik", "status": "open", "install_year": 2000, "related_pipe_code": "YMH-OSM-P-0373", "district": "Yenimahalle", "source": "synthetic_demo_yenimahalle_osm_20260721", "synthetic_notice": "Gerçek altyapı değildir; eğitim ve demo amaçlı sentetik veridir."}, "geometry": {"type": "Point", "coordinates": [32.6860602, 39.9643565]}}, {"type": "Feature", "properties": {"valve_code": "YMH-OSM-V-0287", "valve_type": "pressure_reducing", "diameter_mm": 250, "material": "çelik", "status": "open", "install_year": 2005, "related_pipe_code": "YMH-OSM-P-0363", "district": "Yenimahalle", "source": "synthetic_demo_yenimahalle_osm_20260721", "synthetic_notice": "Gerçek altyapı değildir; eğitim ve demo amaçlı sentetik veridir."}, "geometry": {"type": "Point", "coordinates": [32.7051929, 39.9567871]}}, {"type": "Feature", "properties": {"valve_code": "YMH-OSM-V-0288", "valve_type": "pressure_reducing", "diameter_mm": 400, "material": "çelik", "status": "open", "install_year": 2010, "related_pipe_code": "YMH-OSM-P-0554", "district": "Yenimahalle", "source": "synthetic_demo_yenimahalle_osm_20260721", "synthetic_notice": "Gerçek altyapı değildir; eğitim ve demo amaçlı sentetik veridir."}, "geometry": {"type": "Point", "coordinates": [32.7028159, 39.9574213]}}, {"type": "Feature", "properties": {"valve_code": "YMH-OSM-V-0289", "valve_type": "pressure_reducing", "diameter_mm": 400, "material": "çelik", "status": "closed", "install_year": 2015, "related_pipe_code": "YMH-OSM-P-0551", "district": "Yenimahalle", "source": "synthetic_demo_yenimahalle_osm_20260721", "synthetic_notice": "Gerçek altyapı değildir; eğitim ve demo amaçlı sentetik veridir."}, "geometry": {"type": "Point", "coordinates": [32.7030563, 39.9573617]}}, {"type": "Feature", "properties": {"valve_code": "YMH-OSM-V-0290", "valve_type": "pressure_reducing", "diameter_mm": 250, "material": "çelik", "status": "open", "install_year": 2020, "related_pipe_code": "YMH-OSM-P-0414", "district": "Yenimahalle", "source": "synthetic_demo_yenimahalle_osm_20260721", "synthetic_notice": "Gerçek altyapı değildir; eğitim ve demo amaçlı sentetik veridir."}, "geometry": {"type": "Point", "coordinates": [32.7011563, 39.971441]}}, {"type": "Feature", "properties": {"valve_code": "YMH-OSM-V-0291", "valve_type": "pressure_reducing", "diameter_mm": 400, "material": "çelik", "status": "maintenance", "install_year": 2025, "related_pipe_code": "YMH-OSM-P-0569", "district": "Yenimahalle", "source": "synthetic_demo_yenimahalle_osm_20260721", "synthetic_notice": "Gerçek altyapı değildir; eğitim ve demo amaçlı sentetik veridir."}, "geometry": {"type": "Point", "coordinates": [32.7423546, 39.9806569]}}, {"type": "Feature", "properties": {"valve_code": "YMH-OSM-V-0292", "valve_type": "pressure_reducing", "diameter_mm": 250, "material": "çelik", "status": "open", "install_year": 2004, "related_pipe_code": "YMH-OSM-P-0285", "district": "Yenimahalle", "source": "synthetic_demo_yenimahalle_osm_20260721", "synthetic_notice": "Gerçek altyapı değildir; eğitim ve demo amaçlı sentetik veridir."}, "geometry": {"type": "Point", "coordinates": [32.7067996, 40.0124124]}}, {"type": "Feature", "properties": {"valve_code": "YMH-OSM-V-0293", "valve_type": "pressure_reducing", "diameter_mm": 315, "material": "çelik", "status": "open", "install_year": 2009, "related_pipe_code": "YMH-OSM-P-0262", "district": "Yenimahalle", "source": "synthetic_demo_yenimahalle_osm_20260721", "synthetic_notice": "Gerçek altyapı değildir; eğitim ve demo amaçlı sentetik veridir."}, "geometry": {"type": "Point", "coordinates": [32.7144106, 39.9510545]}}, {"type": "Feature", "properties": {"valve_code": "YMH-OSM-V-0294", "valve_type": "pressure_reducing", "diameter_mm": 400, "material": "çelik", "status": "open", "install_year": 2014, "related_pipe_code": "YMH-OSM-P-0353", "district": "Yenimahalle", "source": "synthetic_demo_yenimahalle_osm_20260721", "synthetic_notice": "Gerçek altyapı değildir; eğitim ve demo amaçlı sentetik veridir."}, "geometry": {"type": "Point", "coordinates": [32.7353886, 39.948387]}}, {"type": "Feature", "properties": {"valve_code": "YMH-OSM-V-0295", "valve_type": "pressure_reducing", "diameter_mm": 250, "material": "çelik", "status": "open", "install_year": 2019, "related_pipe_code": "YMH-OSM-P-0261", "district": "Yenimahalle", "source": "synthetic_demo_yenimahalle_osm_20260721", "synthetic_notice": "Gerçek altyapı değildir; eğitim ve demo amaçlı sentetik veridir."}, "geometry": {"type": "Point", "coordinates": [32.7149125, 39.9515352]}}, {"type": "Feature", "properties": {"valve_code": "YMH-OSM-V-0296", "valve_type": "pressure_reducing", "diameter_mm": 250, "material": "çelik", "status": "open", "install_year": 2024, "related_pipe_code": "YMH-OSM-P-0267", "district": "Yenimahalle", "source": "synthetic_demo_yenimahalle_osm_20260721", "synthetic_notice": "Gerçek altyapı değildir; eğitim ve demo amaçlı sentetik veridir."}, "geometry": {"type": "Point", "coordinates": [32.7143142, 39.9511297]}}, {"type": "Feature", "properties": {"valve_code": "YMH-OSM-V-0297", "valve_type": "pressure_reducing", "diameter_mm": 315, "material": "çelik", "status": "open", "install_year": 2003, "related_pipe_code": "YMH-OSM-P-0331", "district": "Yenimahalle", "source": "synthetic_demo_yenimahalle_osm_20260721", "synthetic_notice": "Gerçek altyapı değildir; eğitim ve demo amaçlı sentetik veridir."}, "geometry": {"type": "Point", "coordinates": [32.7909708, 39.9532271]}}, {"type": "Feature", "properties": {"valve_code": "YMH-OSM-V-0298", "valve_type": "pressure_reducing", "diameter_mm": 315, "material": "çelik", "status": "open", "install_year": 2008, "related_pipe_code": "YMH-OSM-P-0148", "district": "Yenimahalle", "source": "synthetic_demo_yenimahalle_osm_20260721", "synthetic_notice": "Gerçek altyapı değildir; eğitim ve demo amaçlı sentetik veridir."}, "geometry": {"type": "Point", "coordinates": [32.7734932, 39.9431148]}}, {"type": "Feature", "properties": {"valve_code": "YMH-OSM-V-0299", "valve_type": "pressure_reducing", "diameter_mm": 400, "material": "çelik", "status": "open", "install_year": 2013, "related_pipe_code": "YMH-OSM-P-0146", "district": "Yenimahalle", "source": "synthetic_demo_yenimahalle_osm_20260721", "synthetic_notice": "Gerçek altyapı değildir; eğitim ve demo amaçlı sentetik veridir."}, "geometry": {"type": "Point", "coordinates": [32.7712468, 39.9495921]}}, {"type": "Feature", "properties": {"valve_code": "YMH-OSM-V-0300", "valve_type": "pressure_reducing", "diameter_mm": 250, "material": "çelik", "status": "open", "install_year": 2018, "related_pipe_code": "YMH-OSM-P-0147", "district": "Yenimahalle", "source": "synthetic_demo_yenimahalle_osm_20260721", "synthetic_notice": "Gerçek altyapı değildir; eğitim ve demo amaçlı sentetik veridir."}, "geometry": {"type": "Point", "coordinates": [32.7733082, 39.943566]}}, {"type": "Feature", "properties": {"valve_code": "YMH-OSM-V-0301", "valve_type": "pressure_reducing", "diameter_mm": 400, "material": "çelik", "status": "open", "install_year": 2023, "related_pipe_code": "YMH-OSM-P-0668", "district": "Yenimahalle", "source": "synthetic_demo_yenimahalle_osm_20260721", "synthetic_notice": "Gerçek altyapı değildir; eğitim ve demo amaçlı sentetik veridir."}, "geometry": {"type": "Point", "coordinates": [32.7711902, 39.9524183]}}, {"type": "Feature", "properties": {"valve_code": "YMH-OSM-V-0302", "valve_type": "pressure_reducing", "diameter_mm": 315, "material": "çelik", "status": "open", "install_year": 2002, "related_pipe_code": "YMH-OSM-P-0667", "district": "Yenimahalle", "source": "synthetic_demo_yenimahalle_osm_20260721", "synthetic_notice": "Gerçek altyapı değildir; eğitim ve demo amaçlı sentetik veridir."}, "geometry": {"type": "Point", "coordinates": [32.7715176, 39.9592661]}}, {"type": "Feature", "properties": {"valve_code": "YMH-OSM-V-0303", "valve_type": "pressure_reducing", "diameter_mm": 400, "material": "çelik", "status": "open", "install_year": 2007, "related_pipe_code": "YMH-OSM-P-0662", "district": "Yenimahalle", "source": "synthetic_demo_yenimahalle_osm_20260721", "synthetic_notice": "Gerçek altyapı değildir; eğitim ve demo amaçlı sentetik veridir."}, "geometry": {"type": "Point", "coordinates": [32.7708249, 39.9704221]}}, {"type": "Feature", "properties": {"valve_code": "YMH-OSM-V-0304", "valve_type": "pressure_reducing", "diameter_mm": 315, "material": "çelik", "status": "open", "install_year": 2012, "related_pipe_code": "YMH-OSM-P-0244", "district": "Yenimahalle", "source": "synthetic_demo_yenimahalle_osm_20260721", "synthetic_notice": "Gerçek altyapı değildir; eğitim ve demo amaçlı sentetik veridir."}, "geometry": {"type": "Point", "coordinates": [32.7265831, 39.9686017]}}, {"type": "Feature", "properties": {"valve_code": "YMH-OSM-V-0305", "valve_type": "pressure_reducing", "diameter_mm": 400, "material": "çelik", "status": "open", "install_year": 2017, "related_pipe_code": "YMH-OSM-P-0206", "district": "Yenimahalle", "source": "synthetic_demo_yenimahalle_osm_20260721", "synthetic_notice": "Gerçek altyapı değildir; eğitim ve demo amaçlı sentetik veridir."}, "geometry": {"type": "Point", "coordinates": [32.7341452, 39.9657305]}}, {"type": "Feature", "properties": {"valve_code": "YMH-OSM-V-0306", "valve_type": "pressure_reducing", "diameter_mm": 250, "material": "çelik", "status": "closed", "install_year": 2022, "related_pipe_code": "YMH-OSM-P-0207", "district": "Yenimahalle", "source": "synthetic_demo_yenimahalle_osm_20260721", "synthetic_notice": "Gerçek altyapı değildir; eğitim ve demo amaçlı sentetik veridir."}, "geometry": {"type": "Point", "coordinates": [32.7441583, 39.9633899]}}, {"type": "Feature", "properties": {"valve_code": "YMH-OSM-V-0307", "valve_type": "pressure_reducing", "diameter_mm": 400, "material": "çelik", "status": "open", "install_year": 2001, "related_pipe_code": "YMH-OSM-P-0182", "district": "Yenimahalle", "source": "synthetic_demo_yenimahalle_osm_20260721", "synthetic_notice": "Gerçek altyapı değildir; eğitim ve demo amaçlı sentetik veridir."}, "geometry": {"type": "Point", "coordinates": [32.7477917, 39.9647014]}}, {"type": "Feature", "properties": {"valve_code": "YMH-OSM-V-0308", "valve_type": "pressure_reducing", "diameter_mm": 400, "material": "çelik", "status": "open", "install_year": 2006, "related_pipe_code": "YMH-OSM-P-0425", "district": "Yenimahalle", "source": "synthetic_demo_yenimahalle_osm_20260721", "synthetic_notice": "Gerçek altyapı değildir; eğitim ve demo amaçlı sentetik veridir."}, "geometry": {"type": "Point", "coordinates": [32.7354392, 39.9588517]}}, {"type": "Feature", "properties": {"valve_code": "YMH-OSM-V-0309", "valve_type": "pressure_reducing", "diameter_mm": 250, "material": "çelik", "status": "open", "install_year": 2011, "related_pipe_code": "YMH-OSM-P-0300", "district": "Yenimahalle", "source": "synthetic_demo_yenimahalle_osm_20260721", "synthetic_notice": "Gerçek altyapı değildir; eğitim ve demo amaçlı sentetik veridir."}, "geometry": {"type": "Point", "coordinates": [32.6608067, 39.9909409]}}, {"type": "Feature", "properties": {"valve_code": "YMH-OSM-V-0310", "valve_type": "pressure_reducing", "diameter_mm": 315, "material": "çelik", "status": "open", "install_year": 2016, "related_pipe_code": "YMH-OSM-P-0817", "district": "Yenimahalle", "source": "synthetic_demo_yenimahalle_osm_20260721", "synthetic_notice": "Gerçek altyapı değildir; eğitim ve demo amaçlı sentetik veridir."}, "geometry": {"type": "Point", "coordinates": [32.7483938, 39.98266]}}, {"type": "Feature", "properties": {"valve_code": "YMH-OSM-V-0311", "valve_type": "pressure_reducing", "diameter_mm": 400, "material": "çelik", "status": "open", "install_year": 2021, "related_pipe_code": "YMH-OSM-P-0812", "district": "Yenimahalle", "source": "synthetic_demo_yenimahalle_osm_20260721", "synthetic_notice": "Gerçek altyapı değildir; eğitim ve demo amaçlı sentetik veridir."}, "geometry": {"type": "Point", "coordinates": [32.7470955, 39.9846787]}}, {"type": "Feature", "properties": {"valve_code": "YMH-OSM-V-0312", "valve_type": "pressure_reducing", "diameter_mm": 400, "material": "çelik", "status": "open", "install_year": 2000, "related_pipe_code": "YMH-OSM-P-0101", "district": "Yenimahalle", "source": "synthetic_demo_yenimahalle_osm_20260721", "synthetic_notice": "Gerçek altyapı değildir; eğitim ve demo amaçlı sentetik veridir."}, "geometry": {"type": "Point", "coordinates": [32.7559735, 39.9780372]}}, {"type": "Feature", "properties": {"valve_code": "YMH-OSM-V-0313", "valve_type": "pressure_reducing", "diameter_mm": 400, "material": "çelik", "status": "open", "install_year": 2005, "related_pipe_code": "YMH-OSM-P-0818", "district": "Yenimahalle", "source": "synthetic_demo_yenimahalle_osm_20260721", "synthetic_notice": "Gerçek altyapı değildir; eğitim ve demo amaçlı sentetik veridir."}, "geometry": {"type": "Point", "coordinates": [32.7472268, 39.9847183]}}, {"type": "Feature", "properties": {"valve_code": "YMH-OSM-V-0314", "valve_type": "pressure_reducing", "diameter_mm": 315, "material": "çelik", "status": "open", "install_year": 2010, "related_pipe_code": "YMH-OSM-P-0826", "district": "Yenimahalle", "source": "synthetic_demo_yenimahalle_osm_20260721", "synthetic_notice": "Gerçek altyapı değildir; eğitim ve demo amaçlı sentetik veridir."}, "geometry": {"type": "Point", "coordinates": [32.7471279, 39.9848816]}}, {"type": "Feature", "properties": {"valve_code": "YMH-OSM-V-0315", "valve_type": "pressure_reducing", "diameter_mm": 250, "material": "çelik", "status": "open", "install_year": 2015, "related_pipe_code": "YMH-OSM-P-0837", "district": "Yenimahalle", "source": "synthetic_demo_yenimahalle_osm_20260721", "synthetic_notice": "Gerçek altyapı değildir; eğitim ve demo amaçlı sentetik veridir."}, "geometry": {"type": "Point", "coordinates": [32.7518421, 39.9717894]}}, {"type": "Feature", "properties": {"valve_code": "YMH-OSM-V-0316", "valve_type": "pressure_reducing", "diameter_mm": 250, "material": "çelik", "status": "open", "install_year": 2020, "related_pipe_code": "YMH-OSM-P-0168", "district": "Yenimahalle", "source": "synthetic_demo_yenimahalle_osm_20260721", "synthetic_notice": "Gerçek altyapı değildir; eğitim ve demo amaçlı sentetik veridir."}, "geometry": {"type": "Point", "coordinates": [32.7387181, 39.9684894]}}, {"type": "Feature", "properties": {"valve_code": "YMH-OSM-V-0317", "valve_type": "pressure_reducing", "diameter_mm": 400, "material": "çelik", "status": "open", "install_year": 2025, "related_pipe_code": "YMH-OSM-P-0167", "district": "Yenimahalle", "source": "synthetic_demo_yenimahalle_osm_20260721", "synthetic_notice": "Gerçek altyapı değildir; eğitim ve demo amaçlı sentetik veridir."}, "geometry": {"type": "Point", "coordinates": [32.7401429, 39.9689808]}}, {"type": "Feature", "properties": {"valve_code": "YMH-OSM-V-0318", "valve_type": "pressure_reducing", "diameter_mm": 250, "material": "çelik", "status": "open", "install_year": 2004, "related_pipe_code": "YMH-OSM-P-0186", "district": "Yenimahalle", "source": "synthetic_demo_yenimahalle_osm_20260721", "synthetic_notice": "Gerçek altyapı değildir; eğitim ve demo amaçlı sentetik veridir."}, "geometry": {"type": "Point", "coordinates": [32.752084, 39.9643404]}}, {"type": "Feature", "properties": {"valve_code": "YMH-OSM-V-0319", "valve_type": "pressure_reducing", "diameter_mm": 315, "material": "çelik", "status": "open", "install_year": 2009, "related_pipe_code": "YMH-OSM-P-0046", "district": "Yenimahalle", "source": "synthetic_demo_yenimahalle_osm_20260721", "synthetic_notice": "Gerçek altyapı değildir; eğitim ve demo amaçlı sentetik veridir."}, "geometry": {"type": "Point", "coordinates": [32.7430083, 39.9862869]}}, {"type": "Feature", "properties": {"valve_code": "YMH-OSM-V-0320", "valve_type": "pressure_reducing", "diameter_mm": 250, "material": "çelik", "status": "open", "install_year": 2014, "related_pipe_code": "YMH-OSM-P-0720", "district": "Yenimahalle", "source": "synthetic_demo_yenimahalle_osm_20260721", "synthetic_notice": "Gerçek altyapı değildir; eğitim ve demo amaçlı sentetik veridir."}, "geometry": {"type": "Point", "coordinates": [32.7428873, 39.9862458]}}, {"type": "Feature", "properties": {"valve_code": "YMH-OSM-V-0321", "valve_type": "pressure_reducing", "diameter_mm": 315, "material": "çelik", "status": "open", "install_year": 2019, "related_pipe_code": "YMH-OSM-P-0772", "district": "Yenimahalle", "source": "synthetic_demo_yenimahalle_osm_20260721", "synthetic_notice": "Gerçek altyapı değildir; eğitim ve demo amaçlı sentetik veridir."}, "geometry": {"type": "Point", "coordinates": [32.7427616, 39.9863228]}}, {"type": "Feature", "properties": {"valve_code": "YMH-OSM-V-0322", "valve_type": "pressure_reducing", "diameter_mm": 400, "material": "çelik", "status": "open", "install_year": 2024, "related_pipe_code": "YMH-OSM-P-0047", "district": "Yenimahalle", "source": "synthetic_demo_yenimahalle_osm_20260721", "synthetic_notice": "Gerçek altyapı değildir; eğitim ve demo amaçlı sentetik veridir."}, "geometry": {"type": "Point", "coordinates": [32.7471103, 39.9848815]}}, {"type": "Feature", "properties": {"valve_code": "YMH-OSM-V-0323", "valve_type": "pressure_reducing", "diameter_mm": 400, "material": "çelik", "status": "closed", "install_year": 2003, "related_pipe_code": "YMH-OSM-P-0827", "district": "Yenimahalle", "source": "synthetic_demo_yenimahalle_osm_20260721", "synthetic_notice": "Gerçek altyapı değildir; eğitim ve demo amaçlı sentetik veridir."}, "geometry": {"type": "Point", "coordinates": [32.7475112, 39.985051]}}, {"type": "Feature", "properties": {"valve_code": "YMH-OSM-V-0324", "valve_type": "pressure_reducing", "diameter_mm": 315, "material": "çelik", "status": "open", "install_year": 2008, "related_pipe_code": "YMH-OSM-P-0103", "district": "Yenimahalle", "source": "synthetic_demo_yenimahalle_osm_20260721", "synthetic_notice": "Gerçek altyapı değildir; eğitim ve demo amaçlı sentetik veridir."}, "geometry": {"type": "Point", "coordinates": [32.7560821, 39.9815485]}}, {"type": "Feature", "properties": {"valve_code": "YMH-OSM-V-0325", "valve_type": "pressure_reducing", "diameter_mm": 250, "material": "çelik", "status": "open", "install_year": 2013, "related_pipe_code": "YMH-OSM-P-0672", "district": "Yenimahalle", "source": "synthetic_demo_yenimahalle_osm_20260721", "synthetic_notice": "Gerçek altyapı değildir; eğitim ve demo amaçlı sentetik veridir."}, "geometry": {"type": "Point", "coordinates": [32.7736252, 39.943361]}}, {"type": "Feature", "properties": {"valve_code": "YMH-OSM-V-0326", "valve_type": "pressure_reducing", "diameter_mm": 400, "material": "çelik", "status": "open", "install_year": 2018, "related_pipe_code": "YMH-OSM-P-0671", "district": "Yenimahalle", "source": "synthetic_demo_yenimahalle_osm_20260721", "synthetic_notice": "Gerçek altyapı değildir; eğitim ve demo amaçlı sentetik veridir."}, "geometry": {"type": "Point", "coordinates": [32.7735084, 39.9435852]}}, {"type": "Feature", "properties": {"valve_code": "YMH-OSM-V-0327", "valve_type": "pressure_reducing", "diameter_mm": 315, "material": "çelik", "status": "open", "install_year": 2023, "related_pipe_code": "YMH-OSM-P-0670", "district": "Yenimahalle", "source": "synthetic_demo_yenimahalle_osm_20260721", "synthetic_notice": "Gerçek altyapı değildir; eğitim ve demo amaçlı sentetik veridir."}, "geometry": {"type": "Point", "coordinates": [32.7714205, 39.9496144]}}, {"type": "Feature", "properties": {"valve_code": "YMH-OSM-V-0328", "valve_type": "pressure_reducing", "diameter_mm": 250, "material": "çelik", "status": "open", "install_year": 2002, "related_pipe_code": "YMH-OSM-P-0618", "district": "Yenimahalle", "source": "synthetic_demo_yenimahalle_osm_20260721", "synthetic_notice": "Gerçek altyapı değildir; eğitim ve demo amaçlı sentetik veridir."}, "geometry": {"type": "Point", "coordinates": [32.7936497, 40.0419935]}}, {"type": "Feature", "properties": {"valve_code": "YMH-OSM-V-0329", "valve_type": "pressure_reducing", "diameter_mm": 400, "material": "çelik", "status": "open", "install_year": 2007, "related_pipe_code": "YMH-OSM-P-0470", "district": "Yenimahalle", "source": "synthetic_demo_yenimahalle_osm_20260721", "synthetic_notice": "Gerçek altyapı değildir; eğitim ve demo amaçlı sentetik veridir."}, "geometry": {"type": "Point", "coordinates": [32.7959902, 39.9595619]}}, {"type": "Feature", "properties": {"valve_code": "YMH-OSM-V-0330", "valve_type": "pressure_reducing", "diameter_mm": 315, "material": "çelik", "status": "open", "install_year": 2012, "related_pipe_code": "YMH-OSM-P-0286", "district": "Yenimahalle", "source": "synthetic_demo_yenimahalle_osm_20260721", "synthetic_notice": "Gerçek altyapı değildir; eğitim ve demo amaçlı sentetik veridir."}, "geometry": {"type": "Point", "coordinates": [32.7060664, 40.0211523]}}, {"type": "Feature", "properties": {"valve_code": "YMH-OSM-V-0331", "valve_type": "pressure_reducing", "diameter_mm": 250, "material": "çelik", "status": "open", "install_year": 2017, "related_pipe_code": "YMH-OSM-P-0036", "district": "Yenimahalle", "source": "synthetic_demo_yenimahalle_osm_20260721", "synthetic_notice": "Gerçek altyapı değildir; eğitim ve demo amaçlı sentetik veridir."}, "geometry": {"type": "Point", "coordinates": [32.7378153, 40.0072593]}}, {"type": "Feature", "properties": {"valve_code": "YMH-OSM-V-0332", "valve_type": "pressure_reducing", "diameter_mm": 250, "material": "çelik", "status": "open", "install_year": 2022, "related_pipe_code": "YMH-OSM-P-0522", "district": "Yenimahalle", "source": "synthetic_demo_yenimahalle_osm_20260721", "synthetic_notice": "Gerçek altyapı değildir; eğitim ve demo amaçlı sentetik veridir."}, "geometry": {"type": "Point", "coordinates": [32.794917, 39.9560049]}}, {"type": "Feature", "properties": {"valve_code": "YMH-OSM-V-0333", "valve_type": "pressure_reducing", "diameter_mm": 315, "material": "çelik", "status": "open", "install_year": 2001, "related_pipe_code": "YMH-OSM-P-0787", "district": "Yenimahalle", "source": "synthetic_demo_yenimahalle_osm_20260721", "synthetic_notice": "Gerçek altyapı değildir; eğitim ve demo amaçlı sentetik veridir."}, "geometry": {"type": "Point", "coordinates": [32.7802428, 39.9703198]}}, {"type": "Feature", "properties": {"valve_code": "YMH-OSM-V-0334", "valve_type": "pressure_reducing", "diameter_mm": 315, "material": "çelik", "status": "open", "install_year": 2006, "related_pipe_code": "YMH-OSM-P-0073", "district": "Yenimahalle", "source": "synthetic_demo_yenimahalle_osm_20260721", "synthetic_notice": "Gerçek altyapı değildir; eğitim ve demo amaçlı sentetik veridir."}, "geometry": {"type": "Point", "coordinates": [32.7759195, 39.97436]}}, {"type": "Feature", "properties": {"valve_code": "YMH-OSM-V-0335", "valve_type": "pressure_reducing", "diameter_mm": 250, "material": "çelik", "status": "open", "install_year": 2011, "related_pipe_code": "YMH-OSM-P-0849", "district": "Yenimahalle", "source": "synthetic_demo_yenimahalle_osm_20260721", "synthetic_notice": "Gerçek altyapı değildir; eğitim ve demo amaçlı sentetik veridir."}, "geometry": {"type": "Point", "coordinates": [32.7761887, 39.9656072]}}, {"type": "Feature", "properties": {"valve_code": "YMH-OSM-V-0336", "valve_type": "pressure_reducing", "diameter_mm": 315, "material": "çelik", "status": "open", "install_year": 2016, "related_pipe_code": "YMH-OSM-P-0466", "district": "Yenimahalle", "source": "synthetic_demo_yenimahalle_osm_20260721", "synthetic_notice": "Gerçek altyapı değildir; eğitim ve demo amaçlı sentetik veridir."}, "geometry": {"type": "Point", "coordinates": [32.784104, 39.9678967]}}, {"type": "Feature", "properties": {"valve_code": "YMH-OSM-V-0337", "valve_type": "pressure_reducing", "diameter_mm": 250, "material": "çelik", "status": "open", "install_year": 2021, "related_pipe_code": "YMH-OSM-P-0555", "district": "Yenimahalle", "source": "synthetic_demo_yenimahalle_osm_20260721", "synthetic_notice": "Gerçek altyapı değildir; eğitim ve demo amaçlı sentetik veridir."}, "geometry": {"type": "Point", "coordinates": [32.7028222, 39.9571739]}}, {"type": "Feature", "properties": {"valve_code": "YMH-OSM-V-0338", "valve_type": "pressure_reducing", "diameter_mm": 250, "material": "çelik", "status": "open", "install_year": 2000, "related_pipe_code": "YMH-OSM-P-0552", "district": "Yenimahalle", "source": "synthetic_demo_yenimahalle_osm_20260721", "synthetic_notice": "Gerçek altyapı değildir; eğitim ve demo amaçlı sentetik veridir."}, "geometry": {"type": "Point", "coordinates": [32.7030133, 39.9571277]}}, {"type": "Feature", "properties": {"valve_code": "YMH-OSM-V-0339", "valve_type": "pressure_reducing", "diameter_mm": 400, "material": "çelik", "status": "open", "install_year": 2005, "related_pipe_code": "YMH-OSM-P-0434", "district": "Yenimahalle", "source": "synthetic_demo_yenimahalle_osm_20260721", "synthetic_notice": "Gerçek altyapı değildir; eğitim ve demo amaçlı sentetik veridir."}, "geometry": {"type": "Point", "coordinates": [32.7247358, 39.9807028]}}, {"type": "Feature", "properties": {"valve_code": "YMH-OSM-V-0340", "valve_type": "pressure_reducing", "diameter_mm": 400, "material": "çelik", "status": "closed", "install_year": 2010, "related_pipe_code": "YMH-OSM-P-0623", "district": "Yenimahalle", "source": "synthetic_demo_yenimahalle_osm_20260721", "synthetic_notice": "Gerçek altyapı değildir; eğitim ve demo amaçlı sentetik veridir."}, "geometry": {"type": "Point", "coordinates": [32.7710573, 40.0371034]}}, {"type": "Feature", "properties": {"valve_code": "YMH-OSM-V-0341", "valve_type": "pressure_reducing", "diameter_mm": 315, "material": "çelik", "status": "open", "install_year": 2015, "related_pipe_code": "YMH-OSM-P-0283", "district": "Yenimahalle", "source": "synthetic_demo_yenimahalle_osm_20260721", "synthetic_notice": "Gerçek altyapı değildir; eğitim ve demo amaçlı sentetik veridir."}, "geometry": {"type": "Point", "coordinates": [32.6965788, 39.9916864]}}, {"type": "Feature", "properties": {"valve_code": "YMH-OSM-V-0342", "valve_type": "pressure_reducing", "diameter_mm": 315, "material": "çelik", "status": "open", "install_year": 2020, "related_pipe_code": "YMH-OSM-P-0436", "district": "Yenimahalle", "source": "synthetic_demo_yenimahalle_osm_20260721", "synthetic_notice": "Gerçek altyapı değildir; eğitim ve demo amaçlı sentetik veridir."}, "geometry": {"type": "Point", "coordinates": [32.7159479, 39.9836147]}}, {"type": "Feature", "properties": {"valve_code": "YMH-OSM-V-0343", "valve_type": "pressure_reducing", "diameter_mm": 250, "material": "çelik", "status": "open", "install_year": 2025, "related_pipe_code": "YMH-OSM-P-0033", "district": "Yenimahalle", "source": "synthetic_demo_yenimahalle_osm_20260721", "synthetic_notice": "Gerçek altyapı değildir; eğitim ve demo amaçlı sentetik veridir."}, "geometry": {"type": "Point", "coordinates": [32.7336856, 39.9940757]}}, {"type": "Feature", "properties": {"valve_code": "YMH-OSM-V-0344", "valve_type": "pressure_reducing", "diameter_mm": 315, "material": "çelik", "status": "open", "install_year": 2004, "related_pipe_code": "YMH-OSM-P-0034", "district": "Yenimahalle", "source": "synthetic_demo_yenimahalle_osm_20260721", "synthetic_notice": "Gerçek altyapı değildir; eğitim ve demo amaçlı sentetik veridir."}, "geometry": {"type": "Point", "coordinates": [32.7333585, 39.9947492]}}, {"type": "Feature", "properties": {"valve_code": "YMH-OSM-V-0345", "valve_type": "pressure_reducing", "diameter_mm": 315, "material": "çelik", "status": "open", "install_year": 2009, "related_pipe_code": "YMH-OSM-P-0295", "district": "Yenimahalle", "source": "synthetic_demo_yenimahalle_osm_20260721", "synthetic_notice": "Gerçek altyapı değildir; eğitim ve demo amaçlı sentetik veridir."}, "geometry": {"type": "Point", "coordinates": [32.6880027, 39.989873]}}, {"type": "Feature", "properties": {"valve_code": "YMH-OSM-V-0346", "valve_type": "pressure_reducing", "diameter_mm": 250, "material": "çelik", "status": "open", "install_year": 2014, "related_pipe_code": "YMH-OSM-P-0024", "district": "Yenimahalle", "source": "synthetic_demo_yenimahalle_osm_20260721", "synthetic_notice": "Gerçek altyapı değildir; eğitim ve demo amaçlı sentetik veridir."}, "geometry": {"type": "Point", "coordinates": [32.7583186, 39.986182]}}, {"type": "Feature", "properties": {"valve_code": "YMH-OSM-V-0347", "valve_type": "pressure_reducing", "diameter_mm": 400, "material": "çelik", "status": "open", "install_year": 2019, "related_pipe_code": "YMH-OSM-P-0083", "district": "Yenimahalle", "source": "synthetic_demo_yenimahalle_osm_20260721", "synthetic_notice": "Gerçek altyapı değildir; eğitim ve demo amaçlı sentetik veridir."}, "geometry": {"type": "Point", "coordinates": [32.765617, 39.9847025]}}, {"type": "Feature", "properties": {"valve_code": "YMH-OSM-V-0348", "valve_type": "pressure_reducing", "diameter_mm": 315, "material": "çelik", "status": "open", "install_year": 2024, "related_pipe_code": "YMH-OSM-P-0025", "district": "Yenimahalle", "source": "synthetic_demo_yenimahalle_osm_20260721", "synthetic_notice": "Gerçek altyapı değildir; eğitim ve demo amaçlı sentetik veridir."}, "geometry": {"type": "Point", "coordinates": [32.7595825, 39.9861026]}}, {"type": "Feature", "properties": {"valve_code": "YMH-OSM-V-0349", "valve_type": "pressure_reducing", "diameter_mm": 250, "material": "çelik", "status": "open", "install_year": 2003, "related_pipe_code": "YMH-OSM-P-0027", "district": "Yenimahalle", "source": "synthetic_demo_yenimahalle_osm_20260721", "synthetic_notice": "Gerçek altyapı değildir; eğitim ve demo amaçlı sentetik veridir."}, "geometry": {"type": "Point", "coordinates": [32.7568107, 39.9864407]}}, {"type": "Feature", "properties": {"valve_code": "YMH-OSM-V-0350", "valve_type": "pressure_reducing", "diameter_mm": 315, "material": "çelik", "status": "open", "install_year": 2008, "related_pipe_code": "YMH-OSM-P-0577", "district": "Yenimahalle", "source": "synthetic_demo_yenimahalle_osm_20260721", "synthetic_notice": "Gerçek altyapı değildir; eğitim ve demo amaçlı sentetik veridir."}, "geometry": {"type": "Point", "coordinates": [32.7646418, 39.9950694]}}, {"type": "Feature", "properties": {"valve_code": "YMH-OSM-V-0351", "valve_type": "pressure_reducing", "diameter_mm": 250, "material": "çelik", "status": "open", "install_year": 2013, "related_pipe_code": "YMH-OSM-P-0030", "district": "Yenimahalle", "source": "synthetic_demo_yenimahalle_osm_20260721", "synthetic_notice": "Gerçek altyapı değildir; eğitim ve demo amaçlı sentetik veridir."}, "geometry": {"type": "Point", "coordinates": [32.7635914, 39.9860269]}}, {"type": "Feature", "properties": {"valve_code": "YMH-OSM-V-0352", "valve_type": "pressure_reducing", "diameter_mm": 250, "material": "çelik", "status": "open", "install_year": 2018, "related_pipe_code": "YMH-OSM-P-0096", "district": "Yenimahalle", "source": "synthetic_demo_yenimahalle_osm_20260721", "synthetic_notice": "Gerçek altyapı değildir; eğitim ve demo amaçlı sentetik veridir."}, "geometry": {"type": "Point", "coordinates": [32.7633696, 39.9785402]}}, {"type": "Feature", "properties": {"valve_code": "YMH-OSM-V-0353", "valve_type": "pressure_reducing", "diameter_mm": 400, "material": "çelik", "status": "open", "install_year": 2023, "related_pipe_code": "YMH-OSM-P-0566", "district": "Yenimahalle", "source": "synthetic_demo_yenimahalle_osm_20260721", "synthetic_notice": "Gerçek altyapı değildir; eğitim ve demo amaçlı sentetik veridir."}, "geometry": {"type": "Point", "coordinates": [32.766574, 39.9749593]}}, {"type": "Feature", "properties": {"valve_code": "YMH-OSM-V-0354", "valve_type": "pressure_reducing", "diameter_mm": 250, "material": "çelik", "status": "open", "install_year": 2002, "related_pipe_code": "YMH-OSM-P-0324", "district": "Yenimahalle", "source": "synthetic_demo_yenimahalle_osm_20260721", "synthetic_notice": "Gerçek altyapı değildir; eğitim ve demo amaçlı sentetik veridir."}, "geometry": {"type": "Point", "coordinates": [32.7686008, 39.9613766]}}, {"type": "Feature", "properties": {"valve_code": "YMH-OSM-V-0355", "valve_type": "pressure_reducing", "diameter_mm": 400, "material": "çelik", "status": "open", "install_year": 2007, "related_pipe_code": "YMH-OSM-P-0356", "district": "Yenimahalle", "source": "synthetic_demo_yenimahalle_osm_20260721", "synthetic_notice": "Gerçek altyapı değildir; eğitim ve demo amaçlı sentetik veridir."}, "geometry": {"type": "Point", "coordinates": [32.7678156, 39.9498898]}}, {"type": "Feature", "properties": {"valve_code": "YMH-OSM-V-0356", "valve_type": "pressure_reducing", "diameter_mm": 250, "material": "çelik", "status": "open", "install_year": 2012, "related_pipe_code": "YMH-OSM-P-0591", "district": "Yenimahalle", "source": "synthetic_demo_yenimahalle_osm_20260721", "synthetic_notice": "Gerçek altyapı değildir; eğitim ve demo amaçlı sentetik veridir."}, "geometry": {"type": "Point", "coordinates": [32.7649063, 39.9718262]}}, {"type": "Feature", "properties": {"valve_code": "YMH-OSM-V-0357", "valve_type": "pressure_reducing", "diameter_mm": 400, "material": "çelik", "status": "closed", "install_year": 2017, "related_pipe_code": "YMH-OSM-P-0590", "district": "Yenimahalle", "source": "synthetic_demo_yenimahalle_osm_20260721", "synthetic_notice": "Gerçek altyapı değildir; eğitim ve demo amaçlı sentetik veridir."}, "geometry": {"type": "Point", "coordinates": [32.7652289, 39.9722529]}}, {"type": "Feature", "properties": {"valve_code": "YMH-OSM-V-0358", "valve_type": "pressure_reducing", "diameter_mm": 400, "material": "çelik", "status": "open", "install_year": 2022, "related_pipe_code": "YMH-OSM-P-0143", "district": "Yenimahalle", "source": "synthetic_demo_yenimahalle_osm_20260721", "synthetic_notice": "Gerçek altyapı değildir; eğitim ve demo amaçlı sentetik veridir."}, "geometry": {"type": "Point", "coordinates": [32.7708914, 39.9550201]}}, {"type": "Feature", "properties": {"valve_code": "YMH-OSM-V-0359", "valve_type": "pressure_reducing", "diameter_mm": 400, "material": "çelik", "status": "open", "install_year": 2001, "related_pipe_code": "YMH-OSM-P-0089", "district": "Yenimahalle", "source": "synthetic_demo_yenimahalle_osm_20260721", "synthetic_notice": "Gerçek altyapı değildir; eğitim ve demo amaçlı sentetik veridir."}, "geometry": {"type": "Point", "coordinates": [32.7711673, 39.9747374]}}, {"type": "Feature", "properties": {"valve_code": "YMH-OSM-V-0360", "valve_type": "pressure_reducing", "diameter_mm": 250, "material": "çelik", "status": "open", "install_year": 2006, "related_pipe_code": "YMH-OSM-P-0090", "district": "Yenimahalle", "source": "synthetic_demo_yenimahalle_osm_20260721", "synthetic_notice": "Gerçek altyapı değildir; eğitim ve demo amaçlı sentetik veridir."}, "geometry": {"type": "Point", "coordinates": [32.7698822, 39.9747792]}}, {"type": "Feature", "properties": {"valve_code": "YMH-OSM-V-0361", "valve_type": "pressure_reducing", "diameter_mm": 315, "material": "çelik", "status": "open", "install_year": 2011, "related_pipe_code": "YMH-OSM-P-0592", "district": "Yenimahalle", "source": "synthetic_demo_yenimahalle_osm_20260721", "synthetic_notice": "Gerçek altyapı değildir; eğitim ve demo amaçlı sentetik veridir."}, "geometry": {"type": "Point", "coordinates": [32.7643025, 39.9693336]}}, {"type": "Feature", "properties": {"valve_code": "YMH-OSM-V-0362", "valve_type": "pressure_reducing", "diameter_mm": 400, "material": "çelik", "status": "open", "install_year": 2016, "related_pipe_code": "YMH-OSM-P-0776", "district": "Yenimahalle", "source": "synthetic_demo_yenimahalle_osm_20260721", "synthetic_notice": "Gerçek altyapı değildir; eğitim ve demo amaçlı sentetik veridir."}, "geometry": {"type": "Point", "coordinates": [32.7377352, 39.9563122]}}, {"type": "Feature", "properties": {"valve_code": "YMH-OSM-V-0363", "valve_type": "pressure_reducing", "diameter_mm": 315, "material": "çelik", "status": "open", "install_year": 2021, "related_pipe_code": "YMH-OSM-P-0415", "district": "Yenimahalle", "source": "synthetic_demo_yenimahalle_osm_20260721", "synthetic_notice": "Gerçek altyapı değildir; eğitim ve demo amaçlı sentetik veridir."}, "geometry": {"type": "Point", "coordinates": [32.7377944, 39.9561379]}}, {"type": "Feature", "properties": {"valve_code": "YMH-OSM-V-0364", "valve_type": "pressure_reducing", "diameter_mm": 400, "material": "çelik", "status": "open", "install_year": 2000, "related_pipe_code": "YMH-OSM-P-0416", "district": "Yenimahalle", "source": "synthetic_demo_yenimahalle_osm_20260721", "synthetic_notice": "Gerçek altyapı değildir; eğitim ve demo amaçlı sentetik veridir."}, "geometry": {"type": "Point", "coordinates": [32.7423207, 39.9562343]}}, {"type": "Feature", "properties": {"valve_code": "YMH-OSM-V-0365", "valve_type": "pressure_reducing", "diameter_mm": 400, "material": "çelik", "status": "open", "install_year": 2005, "related_pipe_code": "YMH-OSM-P-0542", "district": "Yenimahalle", "source": "synthetic_demo_yenimahalle_osm_20260721", "synthetic_notice": "Gerçek altyapı değildir; eğitim ve demo amaçlı sentetik veridir."}, "geometry": {"type": "Point", "coordinates": [32.68891, 39.9719478]}}, {"type": "Feature", "properties": {"valve_code": "YMH-OSM-V-0366", "valve_type": "pressure_reducing", "diameter_mm": 250, "material": "çelik", "status": "open", "install_year": 2010, "related_pipe_code": "YMH-OSM-P-0351", "district": "Yenimahalle", "source": "synthetic_demo_yenimahalle_osm_20260721", "synthetic_notice": "Gerçek altyapı değildir; eğitim ve demo amaçlı sentetik veridir."}, "geometry": {"type": "Point", "coordinates": [32.7055177, 39.9950822]}}, {"type": "Feature", "properties": {"valve_code": "YMH-OSM-V-0367", "valve_type": "pressure_reducing", "diameter_mm": 400, "material": "çelik", "status": "open", "install_year": 2015, "related_pipe_code": "YMH-OSM-P-0035", "district": "Yenimahalle", "source": "synthetic_demo_yenimahalle_osm_20260721", "synthetic_notice": "Gerçek altyapı değildir; eğitim ve demo amaçlı sentetik veridir."}, "geometry": {"type": "Point", "coordinates": [32.7312762, 39.9985829]}}, {"type": "Feature", "properties": {"valve_code": "YMH-OSM-V-0368", "valve_type": "pressure_reducing", "diameter_mm": 315, "material": "çelik", "status": "open", "install_year": 2020, "related_pipe_code": "YMH-OSM-P-0727", "district": "Yenimahalle", "source": "synthetic_demo_yenimahalle_osm_20260721", "synthetic_notice": "Gerçek altyapı değildir; eğitim ve demo amaçlı sentetik veridir."}, "geometry": {"type": "Point", "coordinates": [32.7654426, 40.0399662]}}, {"type": "Feature", "properties": {"valve_code": "YMH-OSM-V-0369", "valve_type": "pressure_reducing", "diameter_mm": 400, "material": "çelik", "status": "open", "install_year": 2025, "related_pipe_code": "YMH-OSM-P-0005", "district": "Yenimahalle", "source": "synthetic_demo_yenimahalle_osm_20260721", "synthetic_notice": "Gerçek altyapı değildir; eğitim ve demo amaçlı sentetik veridir."}, "geometry": {"type": "Point", "coordinates": [32.7676391, 40.0002928]}}, {"type": "Feature", "properties": {"valve_code": "YMH-OSM-V-0370", "valve_type": "pressure_reducing", "diameter_mm": 250, "material": "çelik", "status": "open", "install_year": 2004, "related_pipe_code": "YMH-OSM-P-0276", "district": "Yenimahalle", "source": "synthetic_demo_yenimahalle_osm_20260721", "synthetic_notice": "Gerçek altyapı değildir; eğitim ve demo amaçlı sentetik veridir."}, "geometry": {"type": "Point", "coordinates": [32.69508, 39.9803517]}}, {"type": "Feature", "properties": {"valve_code": "YMH-OSM-V-0371", "valve_type": "pressure_reducing", "diameter_mm": 315, "material": "çelik", "status": "open", "install_year": 2009, "related_pipe_code": "YMH-OSM-P-0070", "district": "Yenimahalle", "source": "synthetic_demo_yenimahalle_osm_20260721", "synthetic_notice": "Gerçek altyapı değildir; eğitim ve demo amaçlı sentetik veridir."}, "geometry": {"type": "Point", "coordinates": [32.7747446, 39.9869569]}}, {"type": "Feature", "properties": {"valve_code": "YMH-OSM-V-0372", "valve_type": "pressure_reducing", "diameter_mm": 400, "material": "çelik", "status": "open", "install_year": 2014, "related_pipe_code": "YMH-OSM-P-0575", "district": "Yenimahalle", "source": "synthetic_demo_yenimahalle_osm_20260721", "synthetic_notice": "Gerçek altyapı değildir; eğitim ve demo amaçlı sentetik veridir."}, "geometry": {"type": "Point", "coordinates": [32.7670413, 39.9950444]}}, {"type": "Feature", "properties": {"valve_code": "YMH-OSM-V-0373", "valve_type": "pressure_reducing", "diameter_mm": 315, "material": "çelik", "status": "open", "install_year": 2019, "related_pipe_code": "YMH-OSM-P-0010", "district": "Yenimahalle", "source": "synthetic_demo_yenimahalle_osm_20260721", "synthetic_notice": "Gerçek altyapı değildir; eğitim ve demo amaçlı sentetik veridir."}, "geometry": {"type": "Point", "coordinates": [32.7567928, 39.9993787]}}, {"type": "Feature", "properties": {"valve_code": "YMH-OSM-V-0374", "valve_type": "pressure_reducing", "diameter_mm": 400, "material": "çelik", "status": "closed", "install_year": 2024, "related_pipe_code": "YMH-OSM-P-0011", "district": "Yenimahalle", "source": "synthetic_demo_yenimahalle_osm_20260721", "synthetic_notice": "Gerçek altyapı değildir; eğitim ve demo amaçlı sentetik veridir."}, "geometry": {"type": "Point", "coordinates": [32.7679194, 40.0002896]}}, {"type": "Feature", "properties": {"valve_code": "YMH-OSM-V-0375", "valve_type": "pressure_reducing", "diameter_mm": 315, "material": "çelik", "status": "open", "install_year": 2003, "related_pipe_code": "YMH-OSM-P-0061", "district": "Yenimahalle", "source": "synthetic_demo_yenimahalle_osm_20260721", "synthetic_notice": "Gerçek altyapı değildir; eğitim ve demo amaçlı sentetik veridir."}, "geometry": {"type": "Point", "coordinates": [32.7725892, 39.9880771]}}, {"type": "Feature", "properties": {"valve_code": "YMH-OSM-V-0376", "valve_type": "pressure_reducing", "diameter_mm": 315, "material": "çelik", "status": "open", "install_year": 2008, "related_pipe_code": "YMH-OSM-P-0049", "district": "Yenimahalle", "source": "synthetic_demo_yenimahalle_osm_20260721", "synthetic_notice": "Gerçek altyapı değildir; eğitim ve demo amaçlı sentetik veridir."}, "geometry": {"type": "Point", "coordinates": [32.742776, 39.9864004]}}, {"type": "Feature", "properties": {"valve_code": "YMH-OSM-V-0377", "valve_type": "pressure_reducing", "diameter_mm": 250, "material": "çelik", "status": "open", "install_year": 2013, "related_pipe_code": "YMH-OSM-P-0009", "district": "Yenimahalle", "source": "synthetic_demo_yenimahalle_osm_20260721", "synthetic_notice": "Gerçek altyapı değildir; eğitim ve demo amaçlı sentetik veridir."}, "geometry": {"type": "Point", "coordinates": [32.7393523, 39.9893279]}}, {"type": "Feature", "properties": {"valve_code": "YMH-OSM-V-0378", "valve_type": "pressure_reducing", "diameter_mm": 400, "material": "çelik", "status": "open", "install_year": 2018, "related_pipe_code": "YMH-OSM-P-0758", "district": "Yenimahalle", "source": "synthetic_demo_yenimahalle_osm_20260721", "synthetic_notice": "Gerçek altyapı değildir; eğitim ve demo amaçlı sentetik veridir."}, "geometry": {"type": "Point", "coordinates": [32.7410181, 39.9825891]}}, {"type": "Feature", "properties": {"valve_code": "YMH-OSM-V-0379", "valve_type": "pressure_reducing", "diameter_mm": 400, "material": "çelik", "status": "open", "install_year": 2023, "related_pipe_code": "YMH-OSM-P-0104", "district": "Yenimahalle", "source": "synthetic_demo_yenimahalle_osm_20260721", "synthetic_notice": "Gerçek altyapı değildir; eğitim ve demo amaçlı sentetik veridir."}, "geometry": {"type": "Point", "coordinates": [32.7522117, 39.9804537]}}, {"type": "Feature", "properties": {"valve_code": "YMH-OSM-V-0380", "valve_type": "pressure_reducing", "diameter_mm": 400, "material": "çelik", "status": "open", "install_year": 2002, "related_pipe_code": "YMH-OSM-P-0026", "district": "Yenimahalle", "source": "synthetic_demo_yenimahalle_osm_20260721", "synthetic_notice": "Gerçek altyapı değildir; eğitim ve demo amaçlı sentetik veridir."}, "geometry": {"type": "Point", "coordinates": [32.7628317, 39.9860341]}}, {"type": "Feature", "properties": {"valve_code": "YMH-OSM-V-0381", "valve_type": "pressure_reducing", "diameter_mm": 400, "material": "çelik", "status": "open", "install_year": 2007, "related_pipe_code": "YMH-OSM-P-0098", "district": "Yenimahalle", "source": "synthetic_demo_yenimahalle_osm_20260721", "synthetic_notice": "Gerçek altyapı değildir; eğitim ve demo amaçlı sentetik veridir."}, "geometry": {"type": "Point", "coordinates": [32.7642976, 39.9810975]}}, {"type": "Feature", "properties": {"valve_code": "YMH-OSM-V-0382", "valve_type": "pressure_reducing", "diameter_mm": 250, "material": "çelik", "status": "open", "install_year": 2012, "related_pipe_code": "YMH-OSM-P-0831", "district": "Yenimahalle", "source": "synthetic_demo_yenimahalle_osm_20260721", "synthetic_notice": "Gerçek altyapı değildir; eğitim ve demo amaçlı sentetik veridir."}, "geometry": {"type": "Point", "coordinates": [32.751575, 39.9725413]}}, {"type": "Feature", "properties": {"valve_code": "YMH-OSM-V-0383", "valve_type": "pressure_reducing", "diameter_mm": 315, "material": "çelik", "status": "open", "install_year": 2017, "related_pipe_code": "YMH-OSM-P-0832", "district": "Yenimahalle", "source": "synthetic_demo_yenimahalle_osm_20260721", "synthetic_notice": "Gerçek altyapı değildir; eğitim ve demo amaçlı sentetik veridir."}, "geometry": {"type": "Point", "coordinates": [32.7517308, 39.9718026]}}, {"type": "Feature", "properties": {"valve_code": "YMH-OSM-V-0384", "valve_type": "pressure_reducing", "diameter_mm": 400, "material": "çelik", "status": "open", "install_year": 2022, "related_pipe_code": "YMH-OSM-P-0830", "district": "Yenimahalle", "source": "synthetic_demo_yenimahalle_osm_20260721", "synthetic_notice": "Gerçek altyapı değildir; eğitim ve demo amaçlı sentetik veridir."}, "geometry": {"type": "Point", "coordinates": [32.7511365, 39.9735805]}}, {"type": "Feature", "properties": {"valve_code": "YMH-OSM-V-0385", "valve_type": "pressure_reducing", "diameter_mm": 315, "material": "çelik", "status": "open", "install_year": 2001, "related_pipe_code": "YMH-OSM-P-0805", "district": "Yenimahalle", "source": "synthetic_demo_yenimahalle_osm_20260721", "synthetic_notice": "Gerçek altyapı değildir; eğitim ve demo amaçlı sentetik veridir."}, "geometry": {"type": "Point", "coordinates": [32.765828, 39.97502]}}, {"type": "Feature", "properties": {"valve_code": "YMH-OSM-V-0386", "valve_type": "pressure_reducing", "diameter_mm": 315, "material": "çelik", "status": "open", "install_year": 2006, "related_pipe_code": "YMH-OSM-P-0121", "district": "Yenimahalle", "source": "synthetic_demo_yenimahalle_osm_20260721", "synthetic_notice": "Gerçek altyapı değildir; eğitim ve demo amaçlı sentetik veridir."}, "geometry": {"type": "Point", "coordinates": [32.7656669, 39.9750318]}}, {"type": "Feature", "properties": {"valve_code": "YMH-OSM-V-0387", "valve_type": "pressure_reducing", "diameter_mm": 250, "material": "çelik", "status": "open", "install_year": 2011, "related_pipe_code": "YMH-OSM-P-0120", "district": "Yenimahalle", "source": "synthetic_demo_yenimahalle_osm_20260721", "synthetic_notice": "Gerçek altyapı değildir; eğitim ve demo amaçlı sentetik veridir."}, "geometry": {"type": "Point", "coordinates": [32.7611634, 39.9754537]}}, {"type": "Feature", "properties": {"valve_code": "YMH-OSM-V-0388", "valve_type": "pressure_reducing", "diameter_mm": 315, "material": "çelik", "status": "maintenance", "install_year": 2016, "related_pipe_code": "YMH-OSM-P-0460", "district": "Yenimahalle", "source": "synthetic_demo_yenimahalle_osm_20260721", "synthetic_notice": "Gerçek altyapı değildir; eğitim ve demo amaçlı sentetik veridir."}, "geometry": {"type": "Point", "coordinates": [32.735074, 39.9757077]}}, {"type": "Feature", "properties": {"valve_code": "YMH-OSM-V-0389", "valve_type": "pressure_reducing", "diameter_mm": 315, "material": "çelik", "status": "open", "install_year": 2021, "related_pipe_code": "YMH-OSM-P-0745", "district": "Yenimahalle", "source": "synthetic_demo_yenimahalle_osm_20260721", "synthetic_notice": "Gerçek altyapı değildir; eğitim ve demo amaçlı sentetik veridir."}, "geometry": {"type": "Point", "coordinates": [32.7983821, 39.9686377]}}, {"type": "Feature", "properties": {"valve_code": "YMH-OSM-V-0390", "valve_type": "pressure_reducing", "diameter_mm": 250, "material": "çelik", "status": "open", "install_year": 2000, "related_pipe_code": "YMH-OSM-P-0744", "district": "Yenimahalle", "source": "synthetic_demo_yenimahalle_osm_20260721", "synthetic_notice": "Gerçek altyapı değildir; eğitim ve demo amaçlı sentetik veridir."}, "geometry": {"type": "Point", "coordinates": [32.7987629, 39.9685714]}}, {"type": "Feature", "properties": {"valve_code": "YMH-OSM-V-0391", "valve_type": "pressure_reducing", "diameter_mm": 315, "material": "çelik", "status": "closed", "install_year": 2005, "related_pipe_code": "YMH-OSM-P-0091", "district": "Yenimahalle", "source": "synthetic_demo_yenimahalle_osm_20260721", "synthetic_notice": "Gerçek altyapı değildir; eğitim ve demo amaçlı sentetik veridir."}, "geometry": {"type": "Point", "coordinates": [32.7668709, 39.9749387]}}, {"type": "Feature", "properties": {"valve_code": "YMH-OSM-V-0392", "valve_type": "pressure_reducing", "diameter_mm": 250, "material": "çelik", "status": "open", "install_year": 2010, "related_pipe_code": "YMH-OSM-P-0753", "district": "Yenimahalle", "source": "synthetic_demo_yenimahalle_osm_20260721", "synthetic_notice": "Gerçek altyapı değildir; eğitim ve demo amaçlı sentetik veridir."}, "geometry": {"type": "Point", "coordinates": [32.7992328, 39.9684416]}}, {"type": "Feature", "properties": {"valve_code": "YMH-OSM-V-0393", "valve_type": "pressure_reducing", "diameter_mm": 250, "material": "çelik", "status": "open", "install_year": 2015, "related_pipe_code": "YMH-OSM-P-0804", "district": "Yenimahalle", "source": "synthetic_demo_yenimahalle_osm_20260721", "synthetic_notice": "Gerçek altyapı değildir; eğitim ve demo amaçlı sentetik veridir."}, "geometry": {"type": "Point", "coordinates": [32.7664118, 39.9749779]}}, {"type": "Feature", "properties": {"valve_code": "YMH-OSM-V-0394", "valve_type": "pressure_reducing", "diameter_mm": 250, "material": "çelik", "status": "open", "install_year": 2020, "related_pipe_code": "YMH-OSM-P-0723", "district": "Yenimahalle", "source": "synthetic_demo_yenimahalle_osm_20260721", "synthetic_notice": "Gerçek altyapı değildir; eğitim ve demo amaçlı sentetik veridir."}, "geometry": {"type": "Point", "coordinates": [32.7663663, 39.9749074]}}, {"type": "Feature", "properties": {"valve_code": "YMH-OSM-V-0395", "valve_type": "pressure_reducing", "diameter_mm": 250, "material": "çelik", "status": "open", "install_year": 2025, "related_pipe_code": "YMH-OSM-P-0588", "district": "Yenimahalle", "source": "synthetic_demo_yenimahalle_osm_20260721", "synthetic_notice": "Gerçek altyapı değildir; eğitim ve demo amaçlı sentetik veridir."}, "geometry": {"type": "Point", "coordinates": [32.7663674, 39.9747994]}}, {"type": "Feature", "properties": {"valve_code": "YMH-OSM-V-0396", "valve_type": "pressure_reducing", "diameter_mm": 400, "material": "çelik", "status": "open", "install_year": 2004, "related_pipe_code": "YMH-OSM-P-0743", "district": "Yenimahalle", "source": "synthetic_demo_yenimahalle_osm_20260721", "synthetic_notice": "Gerçek altyapı değildir; eğitim ve demo amaçlı sentetik veridir."}, "geometry": {"type": "Point", "coordinates": [32.7979056, 39.9648885]}}, {"type": "Feature", "properties": {"valve_code": "YMH-OSM-V-0397", "valve_type": "pressure_reducing", "diameter_mm": 315, "material": "çelik", "status": "open", "install_year": 2009, "related_pipe_code": "YMH-OSM-P-0088", "district": "Yenimahalle", "source": "synthetic_demo_yenimahalle_osm_20260721", "synthetic_notice": "Gerçek altyapı değildir; eğitim ve demo amaçlı sentetik veridir."}, "geometry": {"type": "Point", "coordinates": [32.7707953, 39.9746371]}}, {"type": "Feature", "properties": {"valve_code": "YMH-OSM-V-0398", "valve_type": "pressure_reducing", "diameter_mm": 250, "material": "çelik", "status": "open", "install_year": 2014, "related_pipe_code": "YMH-OSM-P-0078", "district": "Yenimahalle", "source": "synthetic_demo_yenimahalle_osm_20260721", "synthetic_notice": "Gerçek altyapı değildir; eğitim ve demo amaçlı sentetik veridir."}, "geometry": {"type": "Point", "coordinates": [32.7758165, 39.9700766]}}, {"type": "Feature", "properties": {"valve_code": "YMH-OSM-V-0399", "valve_type": "pressure_reducing", "diameter_mm": 315, "material": "çelik", "status": "open", "install_year": 2019, "related_pipe_code": "YMH-OSM-P-0484", "district": "Yenimahalle", "source": "synthetic_demo_yenimahalle_osm_20260721", "synthetic_notice": "Gerçek altyapı değildir; eğitim ve demo amaçlı sentetik veridir."}, "geometry": {"type": "Point", "coordinates": [32.8158711, 39.9596666]}}, {"type": "Feature", "properties": {"valve_code": "YMH-OSM-V-0400", "valve_type": "pressure_reducing", "diameter_mm": 250, "material": "çelik", "status": "open", "install_year": 2024, "related_pipe_code": "YMH-OSM-P-0483", "district": "Yenimahalle", "source": "synthetic_demo_yenimahalle_osm_20260721", "synthetic_notice": "Gerçek altyapı değildir; eğitim ve demo amaçlı sentetik veridir."}, "geometry": {"type": "Point", "coordinates": [32.8180484, 39.957021]}}, {"type": "Feature", "properties": {"valve_code": "YMH-OSM-V-0401", "valve_type": "pressure_reducing", "diameter_mm": 315, "material": "çelik", "status": "open", "install_year": 2003, "related_pipe_code": "YMH-OSM-P-0424", "district": "Yenimahalle", "source": "synthetic_demo_yenimahalle_osm_20260721", "synthetic_notice": "Gerçek altyapı değildir; eğitim ve demo amaçlı sentetik veridir."}, "geometry": {"type": "Point", "coordinates": [32.7355826, 39.9588438]}}, {"type": "Feature", "properties": {"valve_code": "YMH-OSM-V-0402", "valve_type": "pressure_reducing", "diameter_mm": 250, "material": "çelik", "status": "open", "install_year": 2008, "related_pipe_code": "YMH-OSM-P-0396", "district": "Yenimahalle", "source": "synthetic_demo_yenimahalle_osm_20260721", "synthetic_notice": "Gerçek altyapı değildir; eğitim ve demo amaçlı sentetik veridir."}, "geometry": {"type": "Point", "coordinates": [32.7348165, 39.9568327]}}, {"type": "Feature", "properties": {"valve_code": "YMH-OSM-V-0403", "valve_type": "pressure_reducing", "diameter_mm": 315, "material": "çelik", "status": "open", "install_year": 2013, "related_pipe_code": "YMH-OSM-P-0145", "district": "Yenimahalle", "source": "synthetic_demo_yenimahalle_osm_20260721", "synthetic_notice": "Gerçek altyapı değildir; eğitim ve demo amaçlı sentetik veridir."}, "geometry": {"type": "Point", "coordinates": [32.7711413, 39.9504773]}}, {"type": "Feature", "properties": {"valve_code": "YMH-OSM-V-0404", "valve_type": "pressure_reducing", "diameter_mm": 250, "material": "çelik", "status": "open", "install_year": 2018, "related_pipe_code": "YMH-OSM-P-0669", "district": "Yenimahalle", "source": "synthetic_demo_yenimahalle_osm_20260721", "synthetic_notice": "Gerçek altyapı değildir; eğitim ve demo amaçlı sentetik veridir."}, "geometry": {"type": "Point", "coordinates": [32.7712954, 39.9504943]}}, {"type": "Feature", "properties": {"valve_code": "YMH-OSM-V-0405", "valve_type": "pressure_reducing", "diameter_mm": 250, "material": "çelik", "status": "open", "install_year": 2023, "related_pipe_code": "YMH-OSM-P-0123", "district": "Yenimahalle", "source": "synthetic_demo_yenimahalle_osm_20260721", "synthetic_notice": "Gerçek altyapı değildir; eğitim ve demo amaçlı sentetik veridir."}, "geometry": {"type": "Point", "coordinates": [32.7571781, 39.9818488]}}, {"type": "Feature", "properties": {"valve_code": "YMH-OSM-V-0406", "valve_type": "pressure_reducing", "diameter_mm": 250, "material": "çelik", "status": "open", "install_year": 2002, "related_pipe_code": "YMH-OSM-P-0111", "district": "Yenimahalle", "source": "synthetic_demo_yenimahalle_osm_20260721", "synthetic_notice": "Gerçek altyapı değildir; eğitim ve demo amaçlı sentetik veridir."}, "geometry": {"type": "Point", "coordinates": [32.761045, 39.9753819]}}, {"type": "Feature", "properties": {"valve_code": "YMH-OSM-V-0407", "valve_type": "pressure_reducing", "diameter_mm": 315, "material": "çelik", "status": "open", "install_year": 2007, "related_pipe_code": "YMH-OSM-P-0340", "district": "Yenimahalle", "source": "synthetic_demo_yenimahalle_osm_20260721", "synthetic_notice": "Gerçek altyapı değildir; eğitim ve demo amaçlı sentetik veridir."}, "geometry": {"type": "Point", "coordinates": [32.7445106, 39.9598387]}}, {"type": "Feature", "properties": {"valve_code": "YMH-OSM-V-0408", "valve_type": "pressure_reducing", "diameter_mm": 400, "material": "çelik", "status": "closed", "install_year": 2012, "related_pipe_code": "YMH-OSM-P-0710", "district": "Yenimahalle", "source": "synthetic_demo_yenimahalle_osm_20260721", "synthetic_notice": "Gerçek altyapı değildir; eğitim ve demo amaçlı sentetik veridir."}, "geometry": {"type": "Point", "coordinates": [32.7758123, 39.9698991]}}, {"type": "Feature", "properties": {"valve_code": "YMH-OSM-V-0409", "valve_type": "pressure_reducing", "diameter_mm": 315, "material": "çelik", "status": "open", "install_year": 2017, "related_pipe_code": "YMH-OSM-P-0508", "district": "Yenimahalle", "source": "synthetic_demo_yenimahalle_osm_20260721", "synthetic_notice": "Gerçek altyapı değildir; eğitim ve demo amaçlı sentetik veridir."}, "geometry": {"type": "Point", "coordinates": [32.797846, 39.9641143]}}, {"type": "Feature", "properties": {"valve_code": "YMH-OSM-V-0410", "valve_type": "pressure_reducing", "diameter_mm": 315, "material": "çelik", "status": "open", "install_year": 2022, "related_pipe_code": "YMH-OSM-P-0487", "district": "Yenimahalle", "source": "synthetic_demo_yenimahalle_osm_20260721", "synthetic_notice": "Gerçek altyapı değildir; eğitim ve demo amaçlı sentetik veridir."}, "geometry": {"type": "Point", "coordinates": [32.8110795, 39.9623331]}}, {"type": "Feature", "properties": {"valve_code": "YMH-OSM-V-0411", "valve_type": "pressure_reducing", "diameter_mm": 250, "material": "çelik", "status": "open", "install_year": 2001, "related_pipe_code": "YMH-OSM-P-0582", "district": "Yenimahalle", "source": "synthetic_demo_yenimahalle_osm_20260721", "synthetic_notice": "Gerçek altyapı değildir; eğitim ve demo amaçlı sentetik veridir."}, "geometry": {"type": "Point", "coordinates": [32.7478602, 39.9600818]}}, {"type": "Feature", "properties": {"valve_code": "YMH-OSM-V-0412", "valve_type": "pressure_reducing", "diameter_mm": 315, "material": "çelik", "status": "open", "install_year": 2006, "related_pipe_code": "YMH-OSM-P-0583", "district": "Yenimahalle", "source": "synthetic_demo_yenimahalle_osm_20260721", "synthetic_notice": "Gerçek altyapı değildir; eğitim ve demo amaçlı sentetik veridir."}, "geometry": {"type": "Point", "coordinates": [32.7464988, 39.9597851]}}, {"type": "Feature", "properties": {"valve_code": "YMH-OSM-V-0413", "valve_type": "pressure_reducing", "diameter_mm": 315, "material": "çelik", "status": "open", "install_year": 2011, "related_pipe_code": "YMH-OSM-P-0637", "district": "Yenimahalle", "source": "synthetic_demo_yenimahalle_osm_20260721", "synthetic_notice": "Gerçek altyapı değildir; eğitim ve demo amaçlı sentetik veridir."}, "geometry": {"type": "Point", "coordinates": [32.7903686, 40.0345591]}}, {"type": "Feature", "properties": {"valve_code": "YMH-OSM-V-0414", "valve_type": "pressure_reducing", "diameter_mm": 315, "material": "çelik", "status": "open", "install_year": 2016, "related_pipe_code": "YMH-OSM-P-0673", "district": "Yenimahalle", "source": "synthetic_demo_yenimahalle_osm_20260721", "synthetic_notice": "Gerçek altyapı değildir; eğitim ve demo amaçlı sentetik veridir."}, "geometry": {"type": "Point", "coordinates": [32.7737308, 39.943166]}}, {"type": "Feature", "properties": {"valve_code": "YMH-OSM-V-0415", "valve_type": "pressure_reducing", "diameter_mm": 315, "material": "çelik", "status": "open", "install_year": 2021, "related_pipe_code": "YMH-OSM-P-0208", "district": "Yenimahalle", "source": "synthetic_demo_yenimahalle_osm_20260721", "synthetic_notice": "Gerçek altyapı değildir; eğitim ve demo amaçlı sentetik veridir."}, "geometry": {"type": "Point", "coordinates": [32.7463064, 39.9636215]}}, {"type": "Feature", "properties": {"valve_code": "YMH-OSM-V-0416", "valve_type": "pressure_reducing", "diameter_mm": 400, "material": "çelik", "status": "open", "install_year": 2000, "related_pipe_code": "YMH-OSM-P-0209", "district": "Yenimahalle", "source": "synthetic_demo_yenimahalle_osm_20260721", "synthetic_notice": "Gerçek altyapı değildir; eğitim ve demo amaçlı sentetik veridir."}, "geometry": {"type": "Point", "coordinates": [32.7477511, 39.964076]}}, {"type": "Feature", "properties": {"valve_code": "YMH-OSM-V-0417", "valve_type": "pressure_reducing", "diameter_mm": 315, "material": "çelik", "status": "open", "install_year": 2005, "related_pipe_code": "YMH-OSM-P-0325", "district": "Yenimahalle", "source": "synthetic_demo_yenimahalle_osm_20260721", "synthetic_notice": "Gerçek altyapı değildir; eğitim ve demo amaçlı sentetik veridir."}, "geometry": {"type": "Point", "coordinates": [32.770723, 39.9611146]}}, {"type": "Feature", "properties": {"valve_code": "YMH-OSM-V-0418", "valve_type": "pressure_reducing", "diameter_mm": 400, "material": "çelik", "status": "open", "install_year": 2010, "related_pipe_code": "YMH-OSM-P-0170", "district": "Yenimahalle", "source": "synthetic_demo_yenimahalle_osm_20260721", "synthetic_notice": "Gerçek altyapı değildir; eğitim ve demo amaçlı sentetik veridir."}, "geometry": {"type": "Point", "coordinates": [32.7441393, 39.9635073]}}, {"type": "Feature", "properties": {"valve_code": "YMH-OSM-V-0419", "valve_type": "pressure_reducing", "diameter_mm": 400, "material": "çelik", "status": "open", "install_year": 2015, "related_pipe_code": "YMH-OSM-P-0185", "district": "Yenimahalle", "source": "synthetic_demo_yenimahalle_osm_20260721", "synthetic_notice": "Gerçek altyapı değildir; eğitim ve demo amaçlı sentetik veridir."}, "geometry": {"type": "Point", "coordinates": [32.7502278, 39.9644705]}}, {"type": "Feature", "properties": {"valve_code": "YMH-OSM-V-0420", "valve_type": "pressure_reducing", "diameter_mm": 315, "material": "çelik", "status": "open", "install_year": 2020, "related_pipe_code": "YMH-OSM-P-0184", "district": "Yenimahalle", "source": "synthetic_demo_yenimahalle_osm_20260721", "synthetic_notice": "Gerçek altyapı değildir; eğitim ve demo amaçlı sentetik veridir."}, "geometry": {"type": "Point", "coordinates": [32.7480702, 39.9642681]}}, {"type": "Feature", "properties": {"valve_code": "YMH-OSM-V-0421", "valve_type": "pressure_reducing", "diameter_mm": 250, "material": "çelik", "status": "open", "install_year": 2025, "related_pipe_code": "YMH-OSM-P-0657", "district": "Yenimahalle", "source": "synthetic_demo_yenimahalle_osm_20260721", "synthetic_notice": "Gerçek altyapı değildir; eğitim ve demo amaçlı sentetik veridir."}, "geometry": {"type": "Point", "coordinates": [32.7725739, 39.9889621]}}, {"type": "Feature", "properties": {"valve_code": "YMH-OSM-V-0422", "valve_type": "pressure_reducing", "diameter_mm": 250, "material": "çelik", "status": "open", "install_year": 2004, "related_pipe_code": "YMH-OSM-P-0135", "district": "Yenimahalle", "source": "synthetic_demo_yenimahalle_osm_20260721", "synthetic_notice": "Gerçek altyapı değildir; eğitim ve demo amaçlı sentetik veridir."}, "geometry": {"type": "Point", "coordinates": [32.7724396, 39.9889893]}}, {"type": "Feature", "properties": {"valve_code": "YMH-OSM-V-0423", "valve_type": "pressure_reducing", "diameter_mm": 400, "material": "çelik", "status": "open", "install_year": 2009, "related_pipe_code": "YMH-OSM-P-0134", "district": "Yenimahalle", "source": "synthetic_demo_yenimahalle_osm_20260721", "synthetic_notice": "Gerçek altyapı değildir; eğitim ve demo amaçlı sentetik veridir."}, "geometry": {"type": "Point", "coordinates": [32.7721754, 39.9876378]}}, {"type": "Feature", "properties": {"valve_code": "YMH-OSM-V-0424", "valve_type": "pressure_reducing", "diameter_mm": 250, "material": "çelik", "status": "open", "install_year": 2014, "related_pipe_code": "YMH-OSM-P-0060", "district": "Yenimahalle", "source": "synthetic_demo_yenimahalle_osm_20260721", "synthetic_notice": "Gerçek altyapı değildir; eğitim ve demo amaçlı sentetik veridir."}, "geometry": {"type": "Point", "coordinates": [32.7725016, 39.9877956]}}, {"type": "Feature", "properties": {"valve_code": "YMH-OSM-V-0425", "valve_type": "pressure_reducing", "diameter_mm": 315, "material": "çelik", "status": "closed", "install_year": 2019, "related_pipe_code": "YMH-OSM-P-0139", "district": "Yenimahalle", "source": "synthetic_demo_yenimahalle_osm_20260721", "synthetic_notice": "Gerçek altyapı değildir; eğitim ve demo amaçlı sentetik veridir."}, "geometry": {"type": "Point", "coordinates": [32.7754026, 40.011205]}}, {"type": "Feature", "properties": {"valve_code": "YMH-OSM-V-0426", "valve_type": "pressure_reducing", "diameter_mm": 250, "material": "çelik", "status": "open", "install_year": 2024, "related_pipe_code": "YMH-OSM-P-0138", "district": "Yenimahalle", "source": "synthetic_demo_yenimahalle_osm_20260721", "synthetic_notice": "Gerçek altyapı değildir; eğitim ve demo amaçlı sentetik veridir."}, "geometry": {"type": "Point", "coordinates": [32.7723315, 40.0036462]}}, {"type": "Feature", "properties": {"valve_code": "YMH-OSM-V-0427", "valve_type": "pressure_reducing", "diameter_mm": 250, "material": "çelik", "status": "open", "install_year": 2003, "related_pipe_code": "YMH-OSM-P-0573", "district": "Yenimahalle", "source": "synthetic_demo_yenimahalle_osm_20260721", "synthetic_notice": "Gerçek altyapı değildir; eğitim ve demo amaçlı sentetik veridir."}, "geometry": {"type": "Point", "coordinates": [32.7675173, 39.9946838]}}, {"type": "Feature", "properties": {"valve_code": "YMH-OSM-V-0428", "valve_type": "pressure_reducing", "diameter_mm": 400, "material": "çelik", "status": "open", "install_year": 2008, "related_pipe_code": "YMH-OSM-P-0053", "district": "Yenimahalle", "source": "synthetic_demo_yenimahalle_osm_20260721", "synthetic_notice": "Gerçek altyapı değildir; eğitim ve demo amaçlı sentetik veridir."}, "geometry": {"type": "Point", "coordinates": [32.7676355, 40.0000538]}}, {"type": "Feature", "properties": {"valve_code": "YMH-OSM-V-0429", "valve_type": "pressure_reducing", "diameter_mm": 250, "material": "çelik", "status": "open", "install_year": 2013, "related_pipe_code": "YMH-OSM-P-0597", "district": "Yenimahalle", "source": "synthetic_demo_yenimahalle_osm_20260721", "synthetic_notice": "Gerçek altyapı değildir; eğitim ve demo amaçlı sentetik veridir."}, "geometry": {"type": "Point", "coordinates": [32.7708714, 40.0273292]}}, {"type": "Feature", "properties": {"valve_code": "YMH-OSM-V-0430", "valve_type": "pressure_reducing", "diameter_mm": 315, "material": "çelik", "status": "open", "install_year": 2018, "related_pipe_code": "YMH-OSM-P-0679", "district": "Yenimahalle", "source": "synthetic_demo_yenimahalle_osm_20260721", "synthetic_notice": "Gerçek altyapı değildir; eğitim ve demo amaçlı sentetik veridir."}, "geometry": {"type": "Point", "coordinates": [32.7734181, 39.9950607]}}, {"type": "Feature", "properties": {"valve_code": "YMH-OSM-V-0431", "valve_type": "pressure_reducing", "diameter_mm": 400, "material": "çelik", "status": "open", "install_year": 2023, "related_pipe_code": "YMH-OSM-P-0836", "district": "Yenimahalle", "source": "synthetic_demo_yenimahalle_osm_20260721", "synthetic_notice": "Gerçek altyapı değildir; eğitim ve demo amaçlı sentetik veridir."}, "geometry": {"type": "Point", "coordinates": [32.75168, 39.9725431]}}, {"type": "Feature", "properties": {"valve_code": "YMH-OSM-V-0432", "valve_type": "pressure_reducing", "diameter_mm": 400, "material": "çelik", "status": "open", "install_year": 2002, "related_pipe_code": "YMH-OSM-P-0155", "district": "Yenimahalle", "source": "synthetic_demo_yenimahalle_osm_20260721", "synthetic_notice": "Gerçek altyapı değildir; eğitim ve demo amaçlı sentetik veridir."}, "geometry": {"type": "Point", "coordinates": [32.7515287, 39.9723496]}}, {"type": "Feature", "properties": {"valve_code": "YMH-OSM-V-0433", "valve_type": "pressure_reducing", "diameter_mm": 315, "material": "çelik", "status": "open", "install_year": 2007, "related_pipe_code": "YMH-OSM-P-0451", "district": "Yenimahalle", "source": "synthetic_demo_yenimahalle_osm_20260721", "synthetic_notice": "Gerçek altyapı değildir; eğitim ve demo amaçlı sentetik veridir."}, "geometry": {"type": "Point", "coordinates": [32.7271523, 39.9836085]}}, {"type": "Feature", "properties": {"valve_code": "YMH-OSM-V-0434", "valve_type": "pressure_reducing", "diameter_mm": 315, "material": "çelik", "status": "open", "install_year": 2012, "related_pipe_code": "YMH-OSM-P-0457", "district": "Yenimahalle", "source": "synthetic_demo_yenimahalle_osm_20260721", "synthetic_notice": "Gerçek altyapı değildir; eğitim ve demo amaçlı sentetik veridir."}, "geometry": {"type": "Point", "coordinates": [32.7248913, 39.9805309]}}, {"type": "Feature", "properties": {"valve_code": "YMH-OSM-V-0435", "valve_type": "pressure_reducing", "diameter_mm": 315, "material": "çelik", "status": "open", "install_year": 2017, "related_pipe_code": "YMH-OSM-P-0142", "district": "Yenimahalle", "source": "synthetic_demo_yenimahalle_osm_20260721", "synthetic_notice": "Gerçek altyapı değildir; eğitim ve demo amaçlı sentetik veridir."}, "geometry": {"type": "Point", "coordinates": [32.7713828, 39.9594382]}}, {"type": "Feature", "properties": {"valve_code": "YMH-OSM-V-0436", "valve_type": "pressure_reducing", "diameter_mm": 250, "material": "çelik", "status": "open", "install_year": 2022, "related_pipe_code": "YMH-OSM-P-0666", "district": "Yenimahalle", "source": "synthetic_demo_yenimahalle_osm_20260721", "synthetic_notice": "Gerçek altyapı değildir; eğitim ve demo amaçlı sentetik veridir."}, "geometry": {"type": "Point", "coordinates": [32.771758, 39.9608707]}}, {"type": "Feature", "properties": {"valve_code": "YMH-OSM-V-0437", "valve_type": "pressure_reducing", "diameter_mm": 400, "material": "çelik", "status": "open", "install_year": 2001, "related_pipe_code": "YMH-OSM-P-0665", "district": "Yenimahalle", "source": "synthetic_demo_yenimahalle_osm_20260721", "synthetic_notice": "Gerçek altyapı değildir; eğitim ve demo amaçlı sentetik veridir."}, "geometry": {"type": "Point", "coordinates": [32.7718038, 39.9612123]}}, {"type": "Feature", "properties": {"valve_code": "YMH-OSM-V-0438", "valve_type": "pressure_reducing", "diameter_mm": 250, "material": "çelik", "status": "open", "install_year": 2006, "related_pipe_code": "YMH-OSM-P-0132", "district": "Yenimahalle", "source": "synthetic_demo_yenimahalle_osm_20260721", "synthetic_notice": "Gerçek altyapı değildir; eğitim ve demo amaçlı sentetik veridir."}, "geometry": {"type": "Point", "coordinates": [32.7717112, 39.9612227]}}, {"type": "Feature", "properties": {"valve_code": "YMH-OSM-V-0439", "valve_type": "pressure_reducing", "diameter_mm": 250, "material": "çelik", "status": "open", "install_year": 2011, "related_pipe_code": "YMH-OSM-P-0141", "district": "Yenimahalle", "source": "synthetic_demo_yenimahalle_osm_20260721", "synthetic_notice": "Gerçek altyapı değildir; eğitim ve demo amaçlı sentetik veridir."}, "geometry": {"type": "Point", "coordinates": [32.7716583, 39.9608838]}}, {"type": "Feature", "properties": {"valve_code": "YMH-OSM-V-0440", "valve_type": "pressure_reducing", "diameter_mm": 315, "material": "çelik", "status": "open", "install_year": 2016, "related_pipe_code": "YMH-OSM-P-0133", "district": "Yenimahalle", "source": "synthetic_demo_yenimahalle_osm_20260721", "synthetic_notice": "Gerçek altyapı değildir; eğitim ve demo amaçlı sentetik veridir."}, "geometry": {"type": "Point", "coordinates": [32.7712636, 39.984706]}}, {"type": "Feature", "properties": {"valve_code": "YMH-OSM-V-0441", "valve_type": "pressure_reducing", "diameter_mm": 315, "material": "çelik", "status": "open", "install_year": 2021, "related_pipe_code": "YMH-OSM-P-0658", "district": "Yenimahalle", "source": "synthetic_demo_yenimahalle_osm_20260721", "synthetic_notice": "Gerçek altyapı değildir; eğitim ve demo amaçlı sentetik veridir."}, "geometry": {"type": "Point", "coordinates": [32.7723288, 39.9875765]}}, {"type": "Feature", "properties": {"valve_code": "YMH-OSM-V-0442", "valve_type": "pressure_reducing", "diameter_mm": 250, "material": "çelik", "status": "closed", "install_year": 2000, "related_pipe_code": "YMH-OSM-P-0354", "district": "Yenimahalle", "source": "synthetic_demo_yenimahalle_osm_20260721", "synthetic_notice": "Gerçek altyapı değildir; eğitim ve demo amaçlı sentetik veridir."}, "geometry": {"type": "Point", "coordinates": [32.7369286, 39.9481638]}}, {"type": "Feature", "properties": {"valve_code": "YMH-OSM-V-0443", "valve_type": "pressure_reducing", "diameter_mm": 315, "material": "çelik", "status": "open", "install_year": 2005, "related_pipe_code": "YMH-OSM-P-0355", "district": "Yenimahalle", "source": "synthetic_demo_yenimahalle_osm_20260721", "synthetic_notice": "Gerçek altyapı değildir; eğitim ve demo amaçlı sentetik veridir."}, "geometry": {"type": "Point", "coordinates": [32.7408543, 39.9480562]}}, {"type": "Feature", "properties": {"valve_code": "YMH-OSM-V-0444", "valve_type": "pressure_reducing", "diameter_mm": 400, "material": "çelik", "status": "open", "install_year": 2010, "related_pipe_code": "YMH-OSM-P-0359", "district": "Yenimahalle", "source": "synthetic_demo_yenimahalle_osm_20260721", "synthetic_notice": "Gerçek altyapı değildir; eğitim ve demo amaçlı sentetik veridir."}, "geometry": {"type": "Point", "coordinates": [32.7171391, 39.950588]}}, {"type": "Feature", "properties": {"valve_code": "YMH-OSM-V-0445", "valve_type": "pressure_reducing", "diameter_mm": 250, "material": "çelik", "status": "open", "install_year": 2015, "related_pipe_code": "YMH-OSM-P-0360", "district": "Yenimahalle", "source": "synthetic_demo_yenimahalle_osm_20260721", "synthetic_notice": "Gerçek altyapı değildir; eğitim ve demo amaçlı sentetik veridir."}, "geometry": {"type": "Point", "coordinates": [32.7128047, 39.9519741]}}, {"type": "Feature", "properties": {"valve_code": "YMH-OSM-V-0446", "valve_type": "pressure_reducing", "diameter_mm": 400, "material": "çelik", "status": "open", "install_year": 2020, "related_pipe_code": "YMH-OSM-P-0260", "district": "Yenimahalle", "source": "synthetic_demo_yenimahalle_osm_20260721", "synthetic_notice": "Gerçek altyapı değildir; eğitim ve demo amaçlı sentetik veridir."}, "geometry": {"type": "Point", "coordinates": [32.7167495, 39.9532274]}}, {"type": "Feature", "properties": {"valve_code": "YMH-OSM-V-0447", "valve_type": "pressure_reducing", "diameter_mm": 315, "material": "çelik", "status": "open", "install_year": 2025, "related_pipe_code": "YMH-OSM-P-0268", "district": "Yenimahalle", "source": "synthetic_demo_yenimahalle_osm_20260721", "synthetic_notice": "Gerçek altyapı değildir; eğitim ve demo amaçlı sentetik veridir."}, "geometry": {"type": "Point", "coordinates": [32.7126598, 39.9491476]}}, {"type": "Feature", "properties": {"valve_code": "YMH-OSM-V-0448", "valve_type": "pressure_reducing", "diameter_mm": 315, "material": "çelik", "status": "open", "install_year": 2004, "related_pipe_code": "YMH-OSM-P-0361", "district": "Yenimahalle", "source": "synthetic_demo_yenimahalle_osm_20260721", "synthetic_notice": "Gerçek altyapı değildir; eğitim ve demo amaçlı sentetik veridir."}, "geometry": {"type": "Point", "coordinates": [32.7125401, 39.9520777]}}, {"type": "Feature", "properties": {"valve_code": "YMH-OSM-V-0449", "valve_type": "pressure_reducing", "diameter_mm": 315, "material": "çelik", "status": "open", "install_year": 2009, "related_pipe_code": "YMH-OSM-P-0364", "district": "Yenimahalle", "source": "synthetic_demo_yenimahalle_osm_20260721", "synthetic_notice": "Gerçek altyapı değildir; eğitim ve demo amaçlı sentetik veridir."}, "geometry": {"type": "Point", "coordinates": [32.704747, 39.9568978]}}, {"type": "Feature", "properties": {"valve_code": "YMH-OSM-V-0450", "valve_type": "pressure_reducing", "diameter_mm": 400, "material": "çelik", "status": "open", "install_year": 2014, "related_pipe_code": "YMH-OSM-P-0365", "district": "Yenimahalle", "source": "synthetic_demo_yenimahalle_osm_20260721", "synthetic_notice": "Gerçek altyapı değildir; eğitim ve demo amaçlı sentetik veridir."}, "geometry": {"type": "Point", "coordinates": [32.7009336, 39.957815]}}, {"type": "Feature", "properties": {"valve_code": "YMH-OSM-V-0451", "valve_type": "pressure_reducing", "diameter_mm": 400, "material": "çelik", "status": "open", "install_year": 2019, "related_pipe_code": "YMH-OSM-P-0404", "district": "Yenimahalle", "source": "synthetic_demo_yenimahalle_osm_20260721", "synthetic_notice": "Gerçek altyapı değildir; eğitim ve demo amaçlı sentetik veridir."}, "geometry": {"type": "Point", "coordinates": [32.6904888, 39.9650161]}}, {"type": "Feature", "properties": {"valve_code": "YMH-OSM-V-0452", "valve_type": "pressure_reducing", "diameter_mm": 250, "material": "çelik", "status": "open", "install_year": 2024, "related_pipe_code": "YMH-OSM-P-0405", "district": "Yenimahalle", "source": "synthetic_demo_yenimahalle_osm_20260721", "synthetic_notice": "Gerçek altyapı değildir; eğitim ve demo amaçlı sentetik veridir."}, "geometry": {"type": "Point", "coordinates": [32.6859588, 39.9644444]}}, {"type": "Feature", "properties": {"valve_code": "YMH-OSM-V-0453", "valve_type": "pressure_reducing", "diameter_mm": 250, "material": "çelik", "status": "open", "install_year": 2003, "related_pipe_code": "YMH-OSM-P-0372", "district": "Yenimahalle", "source": "synthetic_demo_yenimahalle_osm_20260721", "synthetic_notice": "Gerçek altyapı değildir; eğitim ve demo amaçlı sentetik veridir."}, "geometry": {"type": "Point", "coordinates": [32.6904999, 39.9649327]}}, {"type": "Feature", "properties": {"valve_code": "YMH-OSM-V-0454", "valve_type": "pressure_reducing", "diameter_mm": 315, "material": "çelik", "status": "open", "install_year": 2008, "related_pipe_code": "YMH-OSM-P-0172", "district": "Yenimahalle", "source": "synthetic_demo_yenimahalle_osm_20260721", "synthetic_notice": "Gerçek altyapı değildir; eğitim ve demo amaçlı sentetik veridir."}, "geometry": {"type": "Point", "coordinates": [32.7477025, 39.964159]}}, {"type": "Feature", "properties": {"valve_code": "YMH-OSM-V-0455", "valve_type": "pressure_reducing", "diameter_mm": 250, "material": "çelik", "status": "open", "install_year": 2013, "related_pipe_code": "YMH-OSM-P-0171", "district": "Yenimahalle", "source": "synthetic_demo_yenimahalle_osm_20260721", "synthetic_notice": "Gerçek altyapı değildir; eğitim ve demo amaçlı sentetik veridir."}, "geometry": {"type": "Point", "coordinates": [32.7461779, 39.9637132]}}, {"type": "Feature", "properties": {"valve_code": "YMH-OSM-V-0456", "valve_type": "pressure_reducing", "diameter_mm": 250, "material": "çelik", "status": "open", "install_year": 2018, "related_pipe_code": "YMH-OSM-P-0210", "district": "Yenimahalle", "source": "synthetic_demo_yenimahalle_osm_20260721", "synthetic_notice": "Gerçek altyapı değildir; eğitim ve demo amaçlı sentetik veridir."}, "geometry": {"type": "Point", "coordinates": [32.7481073, 39.9641908]}}, {"type": "Feature", "properties": {"valve_code": "YMH-OSM-V-0457", "valve_type": "pressure_reducing", "diameter_mm": 315, "material": "çelik", "status": "open", "install_year": 2023, "related_pipe_code": "YMH-OSM-P-0211", "district": "Yenimahalle", "source": "synthetic_demo_yenimahalle_osm_20260721", "synthetic_notice": "Gerçek altyapı değildir; eğitim ve demo amaçlı sentetik veridir."}, "geometry": {"type": "Point", "coordinates": [32.7502597, 39.964362]}}, {"type": "Feature", "properties": {"valve_code": "YMH-OSM-V-0458", "valve_type": "pressure_reducing", "diameter_mm": 400, "material": "çelik", "status": "open", "install_year": 2002, "related_pipe_code": "YMH-OSM-P-0527", "district": "Yenimahalle", "source": "synthetic_demo_yenimahalle_osm_20260721", "synthetic_notice": "Gerçek altyapı değildir; eğitim ve demo amaçlı sentetik veridir."}, "geometry": {"type": "Point", "coordinates": [32.6939896, 39.9689267]}}, {"type": "Feature", "properties": {"valve_code": "YMH-OSM-V-0459", "valve_type": "pressure_reducing", "diameter_mm": 400, "material": "çelik", "status": "closed", "install_year": 2007, "related_pipe_code": "YMH-OSM-P-0659", "district": "Yenimahalle", "source": "synthetic_demo_yenimahalle_osm_20260721", "synthetic_notice": "Gerçek altyapı değildir; eğitim ve demo amaçlı sentetik veridir."}, "geometry": {"type": "Point", "coordinates": [32.7710559, 39.9752416]}}, {"type": "Feature", "properties": {"valve_code": "YMH-OSM-V-0460", "valve_type": "pressure_reducing", "diameter_mm": 250, "material": "çelik", "status": "open", "install_year": 2012, "related_pipe_code": "YMH-OSM-P-0660", "district": "Yenimahalle", "source": "synthetic_demo_yenimahalle_osm_20260721", "synthetic_notice": "Gerçek altyapı değildir; eğitim ve demo amaçlı sentetik veridir."}, "geometry": {"type": "Point", "coordinates": [32.7710118, 39.9741075]}}, {"type": "Feature", "properties": {"valve_code": "YMH-OSM-V-0461", "valve_type": "pressure_reducing", "diameter_mm": 315, "material": "çelik", "status": "open", "install_year": 2017, "related_pipe_code": "YMH-OSM-P-0130", "district": "Yenimahalle", "source": "synthetic_demo_yenimahalle_osm_20260721", "synthetic_notice": "Gerçek altyapı değildir; eğitim ve demo amaçlı sentetik veridir."}, "geometry": {"type": "Point", "coordinates": [32.7705962, 39.9716112]}}, {"type": "Feature", "properties": {"valve_code": "YMH-OSM-V-0462", "valve_type": "pressure_reducing", "diameter_mm": 400, "material": "çelik", "status": "open", "install_year": 2022, "related_pipe_code": "YMH-OSM-P-0131", "district": "Yenimahalle", "source": "synthetic_demo_yenimahalle_osm_20260721", "synthetic_notice": "Gerçek altyapı değildir; eğitim ve demo amaçlı sentetik veridir."}, "geometry": {"type": "Point", "coordinates": [32.7717515, 39.9640398]}}, {"type": "Feature", "properties": {"valve_code": "YMH-OSM-V-0463", "valve_type": "pressure_reducing", "diameter_mm": 400, "material": "çelik", "status": "open", "install_year": 2001, "related_pipe_code": "YMH-OSM-P-0128", "district": "Yenimahalle", "source": "synthetic_demo_yenimahalle_osm_20260721", "synthetic_notice": "Gerçek altyapı değildir; eğitim ve demo amaçlı sentetik veridir."}, "geometry": {"type": "Point", "coordinates": [32.7708985, 39.9752179]}}, {"type": "Feature", "properties": {"valve_code": "YMH-OSM-V-0464", "valve_type": "pressure_reducing", "diameter_mm": 250, "material": "çelik", "status": "open", "install_year": 2006, "related_pipe_code": "YMH-OSM-P-0129", "district": "Yenimahalle", "source": "synthetic_demo_yenimahalle_osm_20260721", "synthetic_notice": "Gerçek altyapı değildir; eğitim ve demo amaçlı sentetik veridir."}, "geometry": {"type": "Point", "coordinates": [32.7708662, 39.9741194]}}, {"type": "Feature", "properties": {"valve_code": "YMH-OSM-V-0465", "valve_type": "pressure_reducing", "diameter_mm": 400, "material": "çelik", "status": "open", "install_year": 2011, "related_pipe_code": "YMH-OSM-P-0287", "district": "Yenimahalle", "source": "synthetic_demo_yenimahalle_osm_20260721", "synthetic_notice": "Gerçek altyapı değildir; eğitim ve demo amaçlı sentetik veridir."}, "geometry": {"type": "Point", "coordinates": [32.706488, 40.0123971]}}, {"type": "Feature", "properties": {"valve_code": "YMH-OSM-V-0466", "valve_type": "pressure_reducing", "diameter_mm": 250, "material": "çelik", "status": "open", "install_year": 2016, "related_pipe_code": "YMH-OSM-P-0288", "district": "Yenimahalle", "source": "synthetic_demo_yenimahalle_osm_20260721", "synthetic_notice": "Gerçek altyapı değildir; eğitim ve demo amaçlı sentetik veridir."}, "geometry": {"type": "Point", "coordinates": [32.7050258, 40.0031762]}}, {"type": "Feature", "properties": {"valve_code": "YMH-OSM-V-0467", "valve_type": "pressure_reducing", "diameter_mm": 400, "material": "çelik", "status": "open", "install_year": 2021, "related_pipe_code": "YMH-OSM-P-0545", "district": "Yenimahalle", "source": "synthetic_demo_yenimahalle_osm_20260721", "synthetic_notice": "Gerçek altyapı değildir; eğitim ve demo amaçlı sentetik veridir."}, "geometry": {"type": "Point", "coordinates": [32.6841548, 39.975899]}}, {"type": "Feature", "properties": {"valve_code": "YMH-OSM-V-0468", "valve_type": "pressure_reducing", "diameter_mm": 315, "material": "çelik", "status": "open", "install_year": 2000, "related_pipe_code": "YMH-OSM-P-0529", "district": "Yenimahalle", "source": "synthetic_demo_yenimahalle_osm_20260721", "synthetic_notice": "Gerçek altyapı değildir; eğitim ve demo amaçlı sentetik veridir."}, "geometry": {"type": "Point", "coordinates": [32.6986814, 39.9700699]}}, {"type": "Feature", "properties": {"valve_code": "YMH-OSM-V-0469", "valve_type": "pressure_reducing", "diameter_mm": 400, "material": "çelik", "status": "open", "install_year": 2005, "related_pipe_code": "YMH-OSM-P-0530", "district": "Yenimahalle", "source": "synthetic_demo_yenimahalle_osm_20260721", "synthetic_notice": "Gerçek altyapı değildir; eğitim ve demo amaçlı sentetik veridir."}, "geometry": {"type": "Point", "coordinates": [32.6939415, 39.9690853]}}, {"type": "Feature", "properties": {"valve_code": "YMH-OSM-V-0470", "valve_type": "pressure_reducing", "diameter_mm": 400, "material": "çelik", "status": "open", "install_year": 2010, "related_pipe_code": "YMH-OSM-P-0452", "district": "Yenimahalle", "source": "synthetic_demo_yenimahalle_osm_20260721", "synthetic_notice": "Gerçek altyapı değildir; eğitim ve demo amaçlı sentetik veridir."}, "geometry": {"type": "Point", "coordinates": [32.7301893, 39.9842506]}}, {"type": "Feature", "properties": {"valve_code": "YMH-OSM-V-0471", "valve_type": "pressure_reducing", "diameter_mm": 315, "material": "çelik", "status": "open", "install_year": 2015, "related_pipe_code": "YMH-OSM-P-0448", "district": "Yenimahalle", "source": "synthetic_demo_yenimahalle_osm_20260721", "synthetic_notice": "Gerçek altyapı değildir; eğitim ve demo amaçlı sentetik veridir."}, "geometry": {"type": "Point", "coordinates": [32.7301276, 39.9844111]}}, {"type": "Feature", "properties": {"valve_code": "YMH-OSM-V-0472", "valve_type": "pressure_reducing", "diameter_mm": 315, "material": "çelik", "status": "open", "install_year": 2020, "related_pipe_code": "YMH-OSM-P-0535", "district": "Yenimahalle", "source": "synthetic_demo_yenimahalle_osm_20260721", "synthetic_notice": "Gerçek altyapı değildir; eğitim ve demo amaçlı sentetik veridir."}, "geometry": {"type": "Point", "coordinates": [32.7780959, 39.9707307]}}, {"type": "Feature", "properties": {"valve_code": "YMH-OSM-V-0473", "valve_type": "pressure_reducing", "diameter_mm": 250, "material": "çelik", "status": "open", "install_year": 2025, "related_pipe_code": "YMH-OSM-P-0492", "district": "Yenimahalle", "source": "synthetic_demo_yenimahalle_osm_20260721", "synthetic_notice": "Gerçek altyapı değildir; eğitim ve demo amaçlı sentetik veridir."}, "geometry": {"type": "Point", "coordinates": [32.8200869, 39.9545667]}}, {"type": "Feature", "properties": {"valve_code": "YMH-OSM-V-0474", "valve_type": "pressure_reducing", "diameter_mm": 315, "material": "çelik", "status": "open", "install_year": 2004, "related_pipe_code": "YMH-OSM-P-0493", "district": "Yenimahalle", "source": "synthetic_demo_yenimahalle_osm_20260721", "synthetic_notice": "Gerçek altyapı değildir; eğitim ve demo amaçlı sentetik veridir."}, "geometry": {"type": "Point", "coordinates": [32.8204934, 39.9540578]}}, {"type": "Feature", "properties": {"valve_code": "YMH-OSM-V-0475", "valve_type": "pressure_reducing", "diameter_mm": 250, "material": "çelik", "status": "open", "install_year": 2009, "related_pipe_code": "YMH-OSM-P-0495", "district": "Yenimahalle", "source": "synthetic_demo_yenimahalle_osm_20260721", "synthetic_notice": "Gerçek altyapı değildir; eğitim ve demo amaçlı sentetik veridir."}, "geometry": {"type": "Point", "coordinates": [32.8312577, 39.9454721]}}, {"type": "Feature", "properties": {"valve_code": "YMH-OSM-V-0476", "valve_type": "pressure_reducing", "diameter_mm": 315, "material": "çelik", "status": "closed", "install_year": 2014, "related_pipe_code": "YMH-OSM-P-0496", "district": "Yenimahalle", "source": "synthetic_demo_yenimahalle_osm_20260721", "synthetic_notice": "Gerçek altyapı değildir; eğitim ve demo amaçlı sentetik veridir."}, "geometry": {"type": "Point", "coordinates": [32.8384316, 39.9402487]}}, {"type": "Feature", "properties": {"valve_code": "YMH-OSM-V-0477", "valve_type": "pressure_reducing", "diameter_mm": 400, "material": "çelik", "status": "open", "install_year": 2019, "related_pipe_code": "YMH-OSM-P-0488", "district": "Yenimahalle", "source": "synthetic_demo_yenimahalle_osm_20260721", "synthetic_notice": "Gerçek altyapı değildir; eğitim ve demo amaçlı sentetik veridir."}, "geometry": {"type": "Point", "coordinates": [32.8159541, 39.9597617]}}, {"type": "Feature", "properties": {"valve_code": "YMH-OSM-V-0478", "valve_type": "pressure_reducing", "diameter_mm": 250, "material": "çelik", "status": "open", "install_year": 2024, "related_pipe_code": "YMH-OSM-P-0066", "district": "Yenimahalle", "source": "synthetic_demo_yenimahalle_osm_20260721", "synthetic_notice": "Gerçek altyapı değildir; eğitim ve demo amaçlı sentetik veridir."}, "geometry": {"type": "Point", "coordinates": [32.7785335, 40.0000002]}}, {"type": "Feature", "properties": {"valve_code": "YMH-OSM-V-0479", "valve_type": "pressure_reducing", "diameter_mm": 315, "material": "çelik", "status": "open", "install_year": 2003, "related_pipe_code": "YMH-OSM-P-0358", "district": "Yenimahalle", "source": "synthetic_demo_yenimahalle_osm_20260721", "synthetic_notice": "Gerçek altyapı değildir; eğitim ve demo amaçlı sentetik veridir."}, "geometry": {"type": "Point", "coordinates": [32.7176525, 39.9504266]}}, {"type": "Feature", "properties": {"valve_code": "YMH-OSM-V-0480", "valve_type": "pressure_reducing", "diameter_mm": 400, "material": "çelik", "status": "open", "install_year": 2008, "related_pipe_code": "YMH-OSM-P-0194", "district": "Yenimahalle", "source": "synthetic_demo_yenimahalle_osm_20260721", "synthetic_notice": "Gerçek altyapı değildir; eğitim ve demo amaçlı sentetik veridir."}, "geometry": {"type": "Point", "coordinates": [32.7811726, 39.9599913]}}, {"type": "Feature", "properties": {"valve_code": "YMH-OSM-V-0481", "valve_type": "pressure_reducing", "diameter_mm": 315, "material": "çelik", "status": "open", "install_year": 2013, "related_pipe_code": "YMH-OSM-P-0193", "district": "Yenimahalle", "source": "synthetic_demo_yenimahalle_osm_20260721", "synthetic_notice": "Gerçek altyapı değildir; eğitim ve demo amaçlı sentetik veridir."}, "geometry": {"type": "Point", "coordinates": [32.7686892, 39.961548]}}, {"type": "Feature", "properties": {"valve_code": "YMH-OSM-V-0482", "valve_type": "pressure_reducing", "diameter_mm": 250, "material": "çelik", "status": "open", "install_year": 2018, "related_pipe_code": "YMH-OSM-P-0273", "district": "Yenimahalle", "source": "synthetic_demo_yenimahalle_osm_20260721", "synthetic_notice": "Gerçek altyapı değildir; eğitim ve demo amaçlı sentetik veridir."}, "geometry": {"type": "Point", "coordinates": [32.6949539, 39.9802565]}}, {"type": "Feature", "properties": {"valve_code": "YMH-OSM-V-0483", "valve_type": "pressure_reducing", "diameter_mm": 250, "material": "çelik", "status": "open", "install_year": 2023, "related_pipe_code": "YMH-OSM-P-0249", "district": "Yenimahalle", "source": "synthetic_demo_yenimahalle_osm_20260721", "synthetic_notice": "Gerçek altyapı değildir; eğitim ve demo amaçlı sentetik veridir."}, "geometry": {"type": "Point", "coordinates": [32.7271797, 39.9684362]}}, {"type": "Feature", "properties": {"valve_code": "YMH-OSM-V-0484", "valve_type": "pressure_reducing", "diameter_mm": 315, "material": "çelik", "status": "open", "install_year": 2002, "related_pipe_code": "YMH-OSM-P-0400", "district": "Yenimahalle", "source": "synthetic_demo_yenimahalle_osm_20260721", "synthetic_notice": "Gerçek altyapı değildir; eğitim ve demo amaçlı sentetik veridir."}, "geometry": {"type": "Point", "coordinates": [32.7141362, 39.9746207]}}, {"type": "Feature", "properties": {"valve_code": "YMH-OSM-V-0485", "valve_type": "pressure_reducing", "diameter_mm": 250, "material": "çelik", "status": "maintenance", "install_year": 2007, "related_pipe_code": "YMH-OSM-P-0432", "district": "Yenimahalle", "source": "synthetic_demo_yenimahalle_osm_20260721", "synthetic_notice": "Gerçek altyapı değildir; eğitim ve demo amaçlı sentetik veridir."}, "geometry": {"type": "Point", "coordinates": [32.7123266, 39.9735922]}}, {"type": "Feature", "properties": {"valve_code": "YMH-OSM-V-0486", "valve_type": "pressure_reducing", "diameter_mm": 250, "material": "çelik", "status": "open", "install_year": 2012, "related_pipe_code": "YMH-OSM-P-0624", "district": "Yenimahalle", "source": "synthetic_demo_yenimahalle_osm_20260721", "synthetic_notice": "Gerçek altyapı değildir; eğitim ve demo amaçlı sentetik veridir."}, "geometry": {"type": "Point", "coordinates": [32.7710503, 40.0409897]}}, {"type": "Feature", "properties": {"valve_code": "YMH-OSM-V-0487", "valve_type": "pressure_reducing", "diameter_mm": 315, "material": "çelik", "status": "open", "install_year": 2017, "related_pipe_code": "YMH-OSM-P-0715", "district": "Yenimahalle", "source": "synthetic_demo_yenimahalle_osm_20260721", "synthetic_notice": "Gerçek altyapı değildir; eğitim ve demo amaçlı sentetik veridir."}, "geometry": {"type": "Point", "coordinates": [32.7695232, 40.0330534]}}, {"type": "Feature", "properties": {"valve_code": "YMH-OSM-V-0488", "valve_type": "pressure_reducing", "diameter_mm": 250, "material": "çelik", "status": "open", "install_year": 2022, "related_pipe_code": "YMH-OSM-P-0645", "district": "Yenimahalle", "source": "synthetic_demo_yenimahalle_osm_20260721", "synthetic_notice": "Gerçek altyapı değildir; eğitim ve demo amaçlı sentetik veridir."}, "geometry": {"type": "Point", "coordinates": [32.776901, 40.028296]}}, {"type": "Feature", "properties": {"valve_code": "YMH-OSM-V-0489", "valve_type": "pressure_reducing", "diameter_mm": 250, "material": "çelik", "status": "open", "install_year": 2001, "related_pipe_code": "YMH-OSM-P-0630", "district": "Yenimahalle", "source": "synthetic_demo_yenimahalle_osm_20260721", "synthetic_notice": "Gerçek altyapı değildir; eğitim ve demo amaçlı sentetik veridir."}, "geometry": {"type": "Point", "coordinates": [32.770874, 40.0370696]}}, {"type": "Feature", "properties": {"valve_code": "YMH-OSM-V-0490", "valve_type": "pressure_reducing", "diameter_mm": 400, "material": "çelik", "status": "open", "install_year": 2006, "related_pipe_code": "YMH-OSM-P-0626", "district": "Yenimahalle", "source": "synthetic_demo_yenimahalle_osm_20260721", "synthetic_notice": "Gerçek altyapı değildir; eğitim ve demo amaçlı sentetik veridir."}, "geometry": {"type": "Point", "coordinates": [32.7552353, 40.0590898]}}, {"type": "Feature", "properties": {"valve_code": "YMH-OSM-V-0491", "valve_type": "pressure_reducing", "diameter_mm": 250, "material": "çelik", "status": "open", "install_year": 2011, "related_pipe_code": "YMH-OSM-P-0399", "district": "Yenimahalle", "source": "synthetic_demo_yenimahalle_osm_20260721", "synthetic_notice": "Gerçek altyapı değildir; eğitim ve demo amaçlı sentetik veridir."}, "geometry": {"type": "Point", "coordinates": [32.7107305, 39.972961]}}, {"type": "Feature", "properties": {"valve_code": "YMH-OSM-V-0492", "valve_type": "pressure_reducing", "diameter_mm": 400, "material": "çelik", "status": "open", "install_year": 2016, "related_pipe_code": "YMH-OSM-P-0428", "district": "Yenimahalle", "source": "synthetic_demo_yenimahalle_osm_20260721", "synthetic_notice": "Gerçek altyapı değildir; eğitim ve demo amaçlı sentetik veridir."}, "geometry": {"type": "Point", "coordinates": [32.7107589, 39.9730573]}}, {"type": "Feature", "properties": {"valve_code": "YMH-OSM-V-0493", "valve_type": "pressure_reducing", "diameter_mm": 315, "material": "çelik", "status": "closed", "install_year": 2021, "related_pipe_code": "YMH-OSM-P-0439", "district": "Yenimahalle", "source": "synthetic_demo_yenimahalle_osm_20260721", "synthetic_notice": "Gerçek altyapı değildir; eğitim ve demo amaçlı sentetik veridir."}, "geometry": {"type": "Point", "coordinates": [32.7162929, 39.9838256]}}, {"type": "Feature", "properties": {"valve_code": "YMH-OSM-V-0494", "valve_type": "pressure_reducing", "diameter_mm": 250, "material": "çelik", "status": "open", "install_year": 2000, "related_pipe_code": "YMH-OSM-P-0708", "district": "Yenimahalle", "source": "synthetic_demo_yenimahalle_osm_20260721", "synthetic_notice": "Gerçek altyapı değildir; eğitim ve demo amaçlı sentetik veridir."}, "geometry": {"type": "Point", "coordinates": [32.7161344, 39.9756024]}}, {"type": "Feature", "properties": {"valve_code": "YMH-OSM-V-0495", "valve_type": "pressure_reducing", "diameter_mm": 250, "material": "çelik", "status": "open", "install_year": 2005, "related_pipe_code": "YMH-OSM-P-0426", "district": "Yenimahalle", "source": "synthetic_demo_yenimahalle_osm_20260721", "synthetic_notice": "Gerçek altyapı değildir; eğitim ve demo amaçlı sentetik veridir."}, "geometry": {"type": "Point", "coordinates": [32.7159029, 39.9756121]}}, {"type": "Feature", "properties": {"valve_code": "YMH-OSM-V-0496", "valve_type": "pressure_reducing", "diameter_mm": 250, "material": "çelik", "status": "open", "install_year": 2010, "related_pipe_code": "YMH-OSM-P-0540", "district": "Yenimahalle", "source": "synthetic_demo_yenimahalle_osm_20260721", "synthetic_notice": "Gerçek altyapı değildir; eğitim ve demo amaçlı sentetik veridir."}, "geometry": {"type": "Point", "coordinates": [32.6938899, 39.9691069]}}, {"type": "Feature", "properties": {"valve_code": "YMH-OSM-V-0497", "valve_type": "pressure_reducing", "diameter_mm": 400, "material": "çelik", "status": "open", "install_year": 2015, "related_pipe_code": "YMH-OSM-P-0539", "district": "Yenimahalle", "source": "synthetic_demo_yenimahalle_osm_20260721", "synthetic_notice": "Gerçek altyapı değildir; eğitim ve demo amaçlı sentetik veridir."}, "geometry": {"type": "Point", "coordinates": [32.6938014, 39.9688531]}}, {"type": "Feature", "properties": {"valve_code": "YMH-OSM-V-0498", "valve_type": "pressure_reducing", "diameter_mm": 315, "material": "çelik", "status": "open", "install_year": 2020, "related_pipe_code": "YMH-OSM-P-0526", "district": "Yenimahalle", "source": "synthetic_demo_yenimahalle_osm_20260721", "synthetic_notice": "Gerçek altyapı değildir; eğitim ve demo amaçlı sentetik veridir."}, "geometry": {"type": "Point", "coordinates": [32.6986392, 39.969974]}}, {"type": "Feature", "properties": {"valve_code": "YMH-OSM-V-0499", "valve_type": "pressure_reducing", "diameter_mm": 250, "material": "çelik", "status": "open", "install_year": 2025, "related_pipe_code": "YMH-OSM-P-0420", "district": "Yenimahalle", "source": "synthetic_demo_yenimahalle_osm_20260721", "synthetic_notice": "Gerçek altyapı değildir; eğitim ve demo amaçlı sentetik veridir."}, "geometry": {"type": "Point", "coordinates": [32.6898067, 39.9828056]}}, {"type": "Feature", "properties": {"valve_code": "YMH-OSM-V-0500", "valve_type": "pressure_reducing", "diameter_mm": 400, "material": "çelik", "status": "open", "install_year": 2004, "related_pipe_code": "YMH-OSM-P-0410", "district": "Yenimahalle", "source": "synthetic_demo_yenimahalle_osm_20260721", "synthetic_notice": "Gerçek altyapı değildir; eğitim ve demo amaçlı sentetik veridir."}, "geometry": {"type": "Point", "coordinates": [32.6988189, 39.9700375]}}, {"type": "Feature", "properties": {"valve_code": "YMH-OSM-V-0501", "valve_type": "pressure_reducing", "diameter_mm": 315, "material": "çelik", "status": "open", "install_year": 2009, "related_pipe_code": "YMH-OSM-P-0337", "district": "Yenimahalle", "source": "synthetic_demo_yenimahalle_osm_20260721", "synthetic_notice": "Gerçek altyapı değildir; eğitim ve demo amaçlı sentetik veridir."}, "geometry": {"type": "Point", "coordinates": [32.7277888, 39.967618]}}, {"type": "Feature", "properties": {"valve_code": "YMH-OSM-V-0502", "valve_type": "pressure_reducing", "diameter_mm": 250, "material": "çelik", "status": "open", "install_year": 2014, "related_pipe_code": "YMH-OSM-P-0204", "district": "Yenimahalle", "source": "synthetic_demo_yenimahalle_osm_20260721", "synthetic_notice": "Gerçek altyapı değildir; eğitim ve demo amaçlı sentetik veridir."}, "geometry": {"type": "Point", "coordinates": [32.7336326, 39.9654619]}}, {"type": "Feature", "properties": {"valve_code": "YMH-OSM-V-0503", "valve_type": "pressure_reducing", "diameter_mm": 315, "material": "çelik", "status": "open", "install_year": 2019, "related_pipe_code": "YMH-OSM-P-0631", "district": "Yenimahalle", "source": "synthetic_demo_yenimahalle_osm_20260721", "synthetic_notice": "Gerçek altyapı değildir; eğitim ve demo amaçlı sentetik veridir."}, "geometry": {"type": "Point", "coordinates": [32.7721499, 40.0338478]}}, {"type": "Feature", "properties": {"valve_code": "YMH-OSM-V-0504", "valve_type": "pressure_reducing", "diameter_mm": 250, "material": "çelik", "status": "open", "install_year": 2024, "related_pipe_code": "YMH-OSM-P-0384", "district": "Yenimahalle", "source": "synthetic_demo_yenimahalle_osm_20260721", "synthetic_notice": "Gerçek altyapı değildir; eğitim ve demo amaçlı sentetik veridir."}, "geometry": {"type": "Point", "coordinates": [32.7478776, 39.960108]}}, {"type": "Feature", "properties": {"valve_code": "YMH-OSM-V-0505", "valve_type": "pressure_reducing", "diameter_mm": 400, "material": "çelik", "status": "open", "install_year": 2003, "related_pipe_code": "YMH-OSM-P-0653", "district": "Yenimahalle", "source": "synthetic_demo_yenimahalle_osm_20260721", "synthetic_notice": "Gerçek altyapı değildir; eğitim ve demo amaçlı sentetik veridir."}, "geometry": {"type": "Point", "coordinates": [32.7725148, 40.0035833]}}, {"type": "Feature", "properties": {"valve_code": "YMH-OSM-V-0506", "valve_type": "pressure_reducing", "diameter_mm": 315, "material": "çelik", "status": "open", "install_year": 2008, "related_pipe_code": "YMH-OSM-P-0136", "district": "Yenimahalle", "source": "synthetic_demo_yenimahalle_osm_20260721", "synthetic_notice": "Gerçek altyapı değildir; eğitim ve demo amaçlı sentetik veridir."}, "geometry": {"type": "Point", "coordinates": [32.7728418, 39.999955]}}, {"type": "Feature", "properties": {"valve_code": "YMH-OSM-V-0507", "valve_type": "pressure_reducing", "diameter_mm": 315, "material": "çelik", "status": "open", "install_year": 2013, "related_pipe_code": "YMH-OSM-P-0013", "district": "Yenimahalle", "source": "synthetic_demo_yenimahalle_osm_20260721", "synthetic_notice": "Gerçek altyapı değildir; eğitim ve demo amaçlı sentetik veridir."}, "geometry": {"type": "Point", "coordinates": [32.7731591, 40.0002985]}}, {"type": "Feature", "properties": {"valve_code": "YMH-OSM-V-0508", "valve_type": "pressure_reducing", "diameter_mm": 400, "material": "çelik", "status": "open", "install_year": 2018, "related_pipe_code": "YMH-OSM-P-0137", "district": "Yenimahalle", "source": "synthetic_demo_yenimahalle_osm_20260721", "synthetic_notice": "Gerçek altyapı değildir; eğitim ve demo amaçlı sentetik veridir."}, "geometry": {"type": "Point", "coordinates": [32.7727962, 40.0007861]}}, {"type": "Feature", "properties": {"valve_code": "YMH-OSM-V-0509", "valve_type": "pressure_reducing", "diameter_mm": 315, "material": "çelik", "status": "open", "install_year": 2023, "related_pipe_code": "YMH-OSM-P-0655", "district": "Yenimahalle", "source": "synthetic_demo_yenimahalle_osm_20260721", "synthetic_notice": "Gerçek altyapı değildir; eğitim ve demo amaçlı sentetik veridir."}, "geometry": {"type": "Point", "coordinates": [32.7730267, 39.9999526]}}, {"type": "Feature", "properties": {"valve_code": "YMH-OSM-V-0510", "valve_type": "pressure_reducing", "diameter_mm": 250, "material": "çelik", "status": "closed", "install_year": 2002, "related_pipe_code": "YMH-OSM-P-0654", "district": "Yenimahalle", "source": "synthetic_demo_yenimahalle_osm_20260721", "synthetic_notice": "Gerçek altyapı değildir; eğitim ve demo amaçlı sentetik veridir."}, "geometry": {"type": "Point", "coordinates": [32.7729737, 40.0007932]}}, {"type": "Feature", "properties": {"valve_code": "YMH-OSM-V-0511", "valve_type": "pressure_reducing", "diameter_mm": 400, "material": "çelik", "status": "open", "install_year": 2007, "related_pipe_code": "YMH-OSM-P-0008", "district": "Yenimahalle", "source": "synthetic_demo_yenimahalle_osm_20260721", "synthetic_notice": "Gerçek altyapı değildir; eğitim ve demo amaçlı sentetik veridir."}, "geometry": {"type": "Point", "coordinates": [32.7567539, 39.9993168]}}, {"type": "Feature", "properties": {"valve_code": "YMH-OSM-V-0512", "valve_type": "pressure_reducing", "diameter_mm": 315, "material": "çelik", "status": "open", "install_year": 2012, "related_pipe_code": "YMH-OSM-P-0301", "district": "Yenimahalle", "source": "synthetic_demo_yenimahalle_osm_20260721", "synthetic_notice": "Gerçek altyapı değildir; eğitim ve demo amaçlı sentetik veridir."}, "geometry": {"type": "Point", "coordinates": [32.6576984, 39.9911309]}}, {"type": "Feature", "properties": {"valve_code": "YMH-OSM-V-0513", "valve_type": "pressure_reducing", "diameter_mm": 250, "material": "çelik", "status": "open", "install_year": 2017, "related_pipe_code": "YMH-OSM-P-0192", "district": "Yenimahalle", "source": "synthetic_demo_yenimahalle_osm_20260721", "synthetic_notice": "Gerçek altyapı değildir; eğitim ve demo amaçlı sentetik veridir."}, "geometry": {"type": "Point", "coordinates": [32.7655116, 39.9616719]}}, {"type": "Feature", "properties": {"valve_code": "YMH-OSM-V-0514", "valve_type": "pressure_reducing", "diameter_mm": 400, "material": "çelik", "status": "open", "install_year": 2022, "related_pipe_code": "YMH-OSM-P-0191", "district": "Yenimahalle", "source": "synthetic_demo_yenimahalle_osm_20260721", "synthetic_notice": "Gerçek altyapı değildir; eğitim ve demo amaçlı sentetik veridir."}, "geometry": {"type": "Point", "coordinates": [32.7609427, 39.9623996]}}, {"type": "Feature", "properties": {"valve_code": "YMH-OSM-V-0515", "valve_type": "pressure_reducing", "diameter_mm": 400, "material": "çelik", "status": "open", "install_year": 2001, "related_pipe_code": "YMH-OSM-P-0713", "district": "Yenimahalle", "source": "synthetic_demo_yenimahalle_osm_20260721", "synthetic_notice": "Gerçek altyapı değildir; eğitim ve demo amaçlı sentetik veridir."}, "geometry": {"type": "Point", "coordinates": [32.7758111, 39.9668097]}}, {"type": "Feature", "properties": {"valve_code": "YMH-OSM-V-0516", "valve_type": "pressure_reducing", "diameter_mm": 400, "material": "çelik", "status": "open", "install_year": 2006, "related_pipe_code": "YMH-OSM-P-0803", "district": "Yenimahalle", "source": "synthetic_demo_yenimahalle_osm_20260721", "synthetic_notice": "Gerçek altyapı değildir; eğitim ve demo amaçlı sentetik veridir."}, "geometry": {"type": "Point", "coordinates": [32.775805, 39.9666035]}}, {"type": "Feature", "properties": {"valve_code": "YMH-OSM-V-0517", "valve_type": "pressure_reducing", "diameter_mm": 400, "material": "çelik", "status": "open", "install_year": 2011, "related_pipe_code": "YMH-OSM-P-0800", "district": "Yenimahalle", "source": "synthetic_demo_yenimahalle_osm_20260721", "synthetic_notice": "Gerçek altyapı değildir; eğitim ve demo amaçlı sentetik veridir."}, "geometry": {"type": "Point", "coordinates": [32.7758076, 39.9666915]}}, {"type": "Feature", "properties": {"valve_code": "YMH-OSM-V-0518", "valve_type": "pressure_reducing", "diameter_mm": 315, "material": "çelik", "status": "open", "install_year": 2016, "related_pipe_code": "YMH-OSM-P-0847", "district": "Yenimahalle", "source": "synthetic_demo_yenimahalle_osm_20260721", "synthetic_notice": "Gerçek altyapı değildir; eğitim ve demo amaçlı sentetik veridir."}, "geometry": {"type": "Point", "coordinates": [32.7757472, 39.9664989]}}, {"type": "Feature", "properties": {"valve_code": "YMH-OSM-V-0519", "valve_type": "pressure_reducing", "diameter_mm": 400, "material": "çelik", "status": "open", "install_year": 2021, "related_pipe_code": "YMH-OSM-P-0494", "district": "Yenimahalle", "source": "synthetic_demo_yenimahalle_osm_20260721", "synthetic_notice": "Gerçek altyapı değildir; eğitim ve demo amaçlı sentetik veridir."}, "geometry": {"type": "Point", "coordinates": [32.8301122, 39.946292]}}, {"type": "Feature", "properties": {"valve_code": "YMH-OSM-V-0520", "valve_type": "pressure_reducing", "diameter_mm": 315, "material": "çelik", "status": "open", "install_year": 2000, "related_pipe_code": "YMH-OSM-P-0559", "district": "Yenimahalle", "source": "synthetic_demo_yenimahalle_osm_20260721", "synthetic_notice": "Gerçek altyapı değildir; eğitim ve demo amaçlı sentetik veridir."}, "geometry": {"type": "Point", "coordinates": [32.7280829, 39.9682889]}}, {"type": "Feature", "properties": {"valve_code": "YMH-OSM-V-0521", "valve_type": "pressure_reducing", "diameter_mm": 315, "material": "çelik", "status": "open", "install_year": 2005, "related_pipe_code": "YMH-OSM-P-0427", "district": "Yenimahalle", "source": "synthetic_demo_yenimahalle_osm_20260721", "synthetic_notice": "Gerçek altyapı değildir; eğitim ve demo amaçlı sentetik veridir."}, "geometry": {"type": "Point", "coordinates": [32.707139, 39.9737439]}}, {"type": "Feature", "properties": {"valve_code": "YMH-OSM-V-0522", "valve_type": "pressure_reducing", "diameter_mm": 400, "material": "çelik", "status": "open", "install_year": 2010, "related_pipe_code": "YMH-OSM-P-0398", "district": "Yenimahalle", "source": "synthetic_demo_yenimahalle_osm_20260721", "synthetic_notice": "Gerçek altyapı değildir; eğitim ve demo amaçlı sentetik veridir."}, "geometry": {"type": "Point", "coordinates": [32.7050668, 39.9737409]}}, {"type": "Feature", "properties": {"valve_code": "YMH-OSM-V-0523", "valve_type": "pressure_reducing", "diameter_mm": 250, "material": "çelik", "status": "open", "install_year": 2015, "related_pipe_code": "YMH-OSM-P-0402", "district": "Yenimahalle", "source": "synthetic_demo_yenimahalle_osm_20260721", "synthetic_notice": "Gerçek altyapı değildir; eğitim ve demo amaçlı sentetik veridir."}, "geometry": {"type": "Point", "coordinates": [32.7050609, 39.9738342]}}, {"type": "Feature", "properties": {"valve_code": "YMH-OSM-V-0524", "valve_type": "pressure_reducing", "diameter_mm": 315, "material": "çelik", "status": "open", "install_year": 2020, "related_pipe_code": "YMH-OSM-P-0382", "district": "Yenimahalle", "source": "synthetic_demo_yenimahalle_osm_20260721", "synthetic_notice": "Gerçek altyapı değildir; eğitim ve demo amaçlı sentetik veridir."}, "geometry": {"type": "Point", "coordinates": [32.698596, 39.9624563]}}, {"type": "Feature", "properties": {"valve_code": "YMH-OSM-V-0525", "valve_type": "pressure_reducing", "diameter_mm": 400, "material": "çelik", "status": "open", "install_year": 2025, "related_pipe_code": "YMH-OSM-P-0770", "district": "Yenimahalle", "source": "synthetic_demo_yenimahalle_osm_20260721", "synthetic_notice": "Gerçek altyapı değildir; eğitim ve demo amaçlı sentetik veridir."}, "geometry": {"type": "Point", "coordinates": [32.7347556, 39.9857884]}}, {"type": "Feature", "properties": {"valve_code": "YMH-OSM-V-0526", "valve_type": "pressure_reducing", "diameter_mm": 315, "material": "çelik", "status": "open", "install_year": 2004, "related_pipe_code": "YMH-OSM-P-0769", "district": "Yenimahalle", "source": "synthetic_demo_yenimahalle_osm_20260721", "synthetic_notice": "Gerçek altyapı değildir; eğitim ve demo amaçlı sentetik veridir."}, "geometry": {"type": "Point", "coordinates": [32.7346537, 39.9856447]}}, {"type": "Feature", "properties": {"valve_code": "YMH-OSM-V-0527", "valve_type": "pressure_reducing", "diameter_mm": 400, "material": "çelik", "status": "closed", "install_year": 2009, "related_pipe_code": "YMH-OSM-P-0707", "district": "Yenimahalle", "source": "synthetic_demo_yenimahalle_osm_20260721", "synthetic_notice": "Gerçek altyapı değildir; eğitim ve demo amaçlı sentetik veridir."}, "geometry": {"type": "Point", "coordinates": [32.7410898, 39.9824666]}}, {"type": "Feature", "properties": {"valve_code": "YMH-OSM-V-0528", "valve_type": "pressure_reducing", "diameter_mm": 400, "material": "çelik", "status": "open", "install_year": 2014, "related_pipe_code": "YMH-OSM-P-0821", "district": "Yenimahalle", "source": "synthetic_demo_yenimahalle_osm_20260721", "synthetic_notice": "Gerçek altyapı değildir; eğitim ve demo amaçlı sentetik veridir."}, "geometry": {"type": "Point", "coordinates": [32.7489006, 39.9780995]}}, {"type": "Feature", "properties": {"valve_code": "YMH-OSM-V-0529", "valve_type": "pressure_reducing", "diameter_mm": 400, "material": "çelik", "status": "open", "install_year": 2019, "related_pipe_code": "YMH-OSM-P-0122", "district": "Yenimahalle", "source": "synthetic_demo_yenimahalle_osm_20260721", "synthetic_notice": "Gerçek altyapı değildir; eğitim ve demo amaçlı sentetik veridir."}, "geometry": {"type": "Point", "coordinates": [32.7564356, 39.9816381]}}, {"type": "Feature", "properties": {"valve_code": "YMH-OSM-V-0530", "valve_type": "pressure_reducing", "diameter_mm": 250, "material": "çelik", "status": "open", "install_year": 2024, "related_pipe_code": "YMH-OSM-P-0108", "district": "Yenimahalle", "source": "synthetic_demo_yenimahalle_osm_20260721", "synthetic_notice": "Gerçek altyapı değildir; eğitim ve demo amaçlı sentetik veridir."}, "geometry": {"type": "Point", "coordinates": [32.7518845, 39.9721917]}}, {"type": "Feature", "properties": {"valve_code": "YMH-OSM-V-0531", "valve_type": "pressure_reducing", "diameter_mm": 315, "material": "çelik", "status": "open", "install_year": 2003, "related_pipe_code": "YMH-OSM-P-0511", "district": "Yenimahalle", "source": "synthetic_demo_yenimahalle_osm_20260721", "synthetic_notice": "Gerçek altyapı değildir; eğitim ve demo amaçlı sentetik veridir."}, "geometry": {"type": "Point", "coordinates": [32.8109741, 39.9591106]}}, {"type": "Feature", "properties": {"valve_code": "YMH-OSM-V-0532", "valve_type": "pressure_reducing", "diameter_mm": 250, "material": "çelik", "status": "open", "install_year": 2008, "related_pipe_code": "YMH-OSM-P-0498", "district": "Yenimahalle", "source": "synthetic_demo_yenimahalle_osm_20260721", "synthetic_notice": "Gerçek altyapı değildir; eğitim ve demo amaçlı sentetik veridir."}, "geometry": {"type": "Point", "coordinates": [32.8200362, 39.954881]}}, {"type": "Feature", "properties": {"valve_code": "YMH-OSM-V-0533", "valve_type": "pressure_reducing", "diameter_mm": 400, "material": "çelik", "status": "open", "install_year": 2013, "related_pipe_code": "YMH-OSM-P-0491", "district": "Yenimahalle", "source": "synthetic_demo_yenimahalle_osm_20260721", "synthetic_notice": "Gerçek altyapı değildir; eğitim ve demo amaçlı sentetik veridir."}, "geometry": {"type": "Point", "coordinates": [32.8199275, 39.9550194]}}, {"type": "Feature", "properties": {"valve_code": "YMH-OSM-V-0534", "valve_type": "pressure_reducing", "diameter_mm": 400, "material": "çelik", "status": "open", "install_year": 2018, "related_pipe_code": "YMH-OSM-P-0482", "district": "Yenimahalle", "source": "synthetic_demo_yenimahalle_osm_20260721", "synthetic_notice": "Gerçek altyapı değildir; eğitim ve demo amaçlı sentetik veridir."}, "geometry": {"type": "Point", "coordinates": [32.8197571, 39.9549795]}}, {"type": "Feature", "properties": {"valve_code": "YMH-OSM-V-0535", "valve_type": "pressure_reducing", "diameter_mm": 400, "material": "çelik", "status": "open", "install_year": 2023, "related_pipe_code": "YMH-OSM-P-0212", "district": "Yenimahalle", "source": "synthetic_demo_yenimahalle_osm_20260721", "synthetic_notice": "Gerçek altyapı değildir; eğitim ve demo amaçlı sentetik veridir."}, "geometry": {"type": "Point", "coordinates": [32.7505739, 39.964305]}}, {"type": "Feature", "properties": {"valve_code": "YMH-OSM-V-0536", "valve_type": "pressure_reducing", "diameter_mm": 250, "material": "çelik", "status": "open", "install_year": 2002, "related_pipe_code": "YMH-OSM-P-0159", "district": "Yenimahalle", "source": "synthetic_demo_yenimahalle_osm_20260721", "synthetic_notice": "Gerçek altyapı değildir; eğitim ve demo amaçlı sentetik veridir."}, "geometry": {"type": "Point", "coordinates": [32.7337408, 39.9669115]}}, {"type": "Feature", "properties": {"valve_code": "YMH-OSM-V-0537", "valve_type": "pressure_reducing", "diameter_mm": 315, "material": "çelik", "status": "open", "install_year": 2007, "related_pipe_code": "YMH-OSM-P-0160", "district": "Yenimahalle", "source": "synthetic_demo_yenimahalle_osm_20260721", "synthetic_notice": "Gerçek altyapı değildir; eğitim ve demo amaçlı sentetik veridir."}, "geometry": {"type": "Point", "coordinates": [32.7332932, 39.9663547]}}, {"type": "Feature", "properties": {"valve_code": "YMH-OSM-V-0538", "valve_type": "pressure_reducing", "diameter_mm": 400, "material": "çelik", "status": "open", "install_year": 2012, "related_pipe_code": "YMH-OSM-P-0161", "district": "Yenimahalle", "source": "synthetic_demo_yenimahalle_osm_20260721", "synthetic_notice": "Gerçek altyapı değildir; eğitim ve demo amaçlı sentetik veridir."}, "geometry": {"type": "Point", "coordinates": [32.7320185, 39.9667777]}}, {"type": "Feature", "properties": {"valve_code": "YMH-OSM-V-0539", "valve_type": "pressure_reducing", "diameter_mm": 250, "material": "çelik", "status": "open", "install_year": 2017, "related_pipe_code": "YMH-OSM-P-0408", "district": "Yenimahalle", "source": "synthetic_demo_yenimahalle_osm_20260721", "synthetic_notice": "Gerçek altyapı değildir; eğitim ve demo amaçlı sentetik veridir."}, "geometry": {"type": "Point", "coordinates": [32.7031793, 39.9640686]}}, {"type": "Feature", "properties": {"valve_code": "YMH-OSM-V-0540", "valve_type": "pressure_reducing", "diameter_mm": 315, "material": "çelik", "status": "open", "install_year": 2022, "related_pipe_code": "YMH-OSM-P-0271", "district": "Yenimahalle", "source": "synthetic_demo_yenimahalle_osm_20260721", "synthetic_notice": "Gerçek altyapı değildir; eğitim ve demo amaçlı sentetik veridir."}, "geometry": {"type": "Point", "coordinates": [32.7054138, 39.9705811]}}, {"type": "Feature", "properties": {"valve_code": "YMH-OSM-V-0541", "valve_type": "pressure_reducing", "diameter_mm": 315, "material": "çelik", "status": "open", "install_year": 2001, "related_pipe_code": "YMH-OSM-P-0490", "district": "Yenimahalle", "source": "synthetic_demo_yenimahalle_osm_20260721", "synthetic_notice": "Gerçek altyapı değildir; eğitim ve demo amaçlı sentetik veridir."}, "geometry": {"type": "Point", "coordinates": [32.8194661, 39.955589]}}, {"type": "Feature", "properties": {"valve_code": "YMH-OSM-V-0542", "valve_type": "pressure_reducing", "diameter_mm": 250, "material": "çelik", "status": "open", "install_year": 2006, "related_pipe_code": "YMH-OSM-P-0489", "district": "Yenimahalle", "source": "synthetic_demo_yenimahalle_osm_20260721", "synthetic_notice": "Gerçek altyapı değildir; eğitim ve demo amaçlı sentetik veridir."}, "geometry": {"type": "Point", "coordinates": [32.8172632, 39.9582364]}}, {"type": "Feature", "properties": {"valve_code": "YMH-OSM-V-0543", "valve_type": "pressure_reducing", "diameter_mm": 250, "material": "çelik", "status": "open", "install_year": 2011, "related_pipe_code": "YMH-OSM-P-0126", "district": "Yenimahalle", "source": "synthetic_demo_yenimahalle_osm_20260721", "synthetic_notice": "Gerçek altyapı değildir; eğitim ve demo amaçlı sentetik veridir."}, "geometry": {"type": "Point", "coordinates": [32.7711602, 39.9838657]}}, {"type": "Feature", "properties": {"valve_code": "YMH-OSM-V-0544", "valve_type": "pressure_reducing", "diameter_mm": 400, "material": "çelik", "status": "closed", "install_year": 2016, "related_pipe_code": "YMH-OSM-P-0788", "district": "Yenimahalle", "source": "synthetic_demo_yenimahalle_osm_20260721", "synthetic_notice": "Gerçek altyapı değildir; eğitim ve demo amaçlı sentetik veridir."}, "geometry": {"type": "Point", "coordinates": [32.7781636, 39.9706875]}}, {"type": "Feature", "properties": {"valve_code": "YMH-OSM-V-0545", "valve_type": "pressure_reducing", "diameter_mm": 315, "material": "çelik", "status": "open", "install_year": 2021, "related_pipe_code": "YMH-OSM-P-0781", "district": "Yenimahalle", "source": "synthetic_demo_yenimahalle_osm_20260721", "synthetic_notice": "Gerçek altyapı değildir; eğitim ve demo amaçlı sentetik veridir."}, "geometry": {"type": "Point", "coordinates": [32.7793074, 39.9703495]}}, {"type": "Feature", "properties": {"valve_code": "YMH-OSM-V-0546", "valve_type": "pressure_reducing", "diameter_mm": 315, "material": "çelik", "status": "open", "install_year": 2000, "related_pipe_code": "YMH-OSM-P-0790", "district": "Yenimahalle", "source": "synthetic_demo_yenimahalle_osm_20260721", "synthetic_notice": "Gerçek altyapı değildir; eğitim ve demo amaçlı sentetik veridir."}, "geometry": {"type": "Point", "coordinates": [32.7804562, 39.9691613]}}, {"type": "Feature", "properties": {"valve_code": "YMH-OSM-V-0547", "valve_type": "pressure_reducing", "diameter_mm": 400, "material": "çelik", "status": "open", "install_year": 2005, "related_pipe_code": "YMH-OSM-P-0740", "district": "Yenimahalle", "source": "synthetic_demo_yenimahalle_osm_20260721", "synthetic_notice": "Gerçek altyapı değildir; eğitim ve demo amaçlı sentetik veridir."}, "geometry": {"type": "Point", "coordinates": [32.7810131, 40.006083]}}, {"type": "Feature", "properties": {"valve_code": "YMH-OSM-V-0548", "valve_type": "pressure_reducing", "diameter_mm": 250, "material": "çelik", "status": "open", "install_year": 2010, "related_pipe_code": "YMH-OSM-P-0162", "district": "Yenimahalle", "source": "synthetic_demo_yenimahalle_osm_20260721", "synthetic_notice": "Gerçek altyapı değildir; eğitim ve demo amaçlı sentetik veridir."}, "geometry": {"type": "Point", "coordinates": [32.7293249, 39.9673951]}}, {"type": "Feature", "properties": {"valve_code": "YMH-OSM-V-0549", "valve_type": "pressure_reducing", "diameter_mm": 250, "material": "çelik", "status": "open", "install_year": 2015, "related_pipe_code": "YMH-OSM-P-0570", "district": "Yenimahalle", "source": "synthetic_demo_yenimahalle_osm_20260721", "synthetic_notice": "Gerçek altyapı değildir; eğitim ve demo amaçlı sentetik veridir."}, "geometry": {"type": "Point", "coordinates": [32.7414066, 39.9823076]}}, {"type": "Feature", "properties": {"valve_code": "YMH-OSM-V-0550", "valve_type": "pressure_reducing", "diameter_mm": 315, "material": "çelik", "status": "open", "install_year": 2020, "related_pipe_code": "YMH-OSM-P-0307", "district": "Yenimahalle", "source": "synthetic_demo_yenimahalle_osm_20260721", "synthetic_notice": "Gerçek altyapı değildir; eğitim ve demo amaçlı sentetik veridir."}, "geometry": {"type": "Point", "coordinates": [32.7002829, 39.9964603]}}, {"type": "Feature", "properties": {"valve_code": "YMH-OSM-V-0551", "valve_type": "pressure_reducing", "diameter_mm": 315, "material": "çelik", "status": "open", "install_year": 2025, "related_pipe_code": "YMH-OSM-P-0505", "district": "Yenimahalle", "source": "synthetic_demo_yenimahalle_osm_20260721", "synthetic_notice": "Gerçek altyapı değildir; eğitim ve demo amaçlı sentetik veridir."}, "geometry": {"type": "Point", "coordinates": [32.8111847, 39.9564965]}}, {"type": "Feature", "properties": {"valve_code": "YMH-OSM-V-0552", "valve_type": "pressure_reducing", "diameter_mm": 315, "material": "çelik", "status": "open", "install_year": 2004, "related_pipe_code": "YMH-OSM-P-0748", "district": "Yenimahalle", "source": "synthetic_demo_yenimahalle_osm_20260721", "synthetic_notice": "Gerçek altyapı değildir; eğitim ve demo amaçlı sentetik veridir."}, "geometry": {"type": "Point", "coordinates": [32.7981236, 39.9648079]}}, {"type": "Feature", "properties": {"valve_code": "YMH-OSM-V-0553", "valve_type": "pressure_reducing", "diameter_mm": 400, "material": "çelik", "status": "open", "install_year": 2009, "related_pipe_code": "YMH-OSM-P-0524", "district": "Yenimahalle", "source": "synthetic_demo_yenimahalle_osm_20260721", "synthetic_notice": "Gerçek altyapı değildir; eğitim ve demo amaçlı sentetik veridir."}, "geometry": {"type": "Point", "coordinates": [32.7979017, 39.9647202]}}, {"type": "Feature", "properties": {"valve_code": "YMH-OSM-V-0554", "valve_type": "pressure_reducing", "diameter_mm": 315, "material": "çelik", "status": "open", "install_year": 2014, "related_pipe_code": "YMH-OSM-P-0712", "district": "Yenimahalle", "source": "synthetic_demo_yenimahalle_osm_20260721", "synthetic_notice": "Gerçek altyapı değildir; eğitim ve demo amaçlı sentetik veridir."}, "geometry": {"type": "Point", "coordinates": [32.7757187, 39.9668061]}}, {"type": "Feature", "properties": {"valve_code": "YMH-OSM-V-0555", "valve_type": "pressure_reducing", "diameter_mm": 315, "material": "çelik", "status": "open", "install_year": 2019, "related_pipe_code": "YMH-OSM-P-0613", "district": "Yenimahalle", "source": "synthetic_demo_yenimahalle_osm_20260721", "synthetic_notice": "Gerçek altyapı değildir; eğitim ve demo amaçlı sentetik veridir."}, "geometry": {"type": "Point", "coordinates": [32.7880956, 40.0330744]}}, {"type": "Feature", "properties": {"valve_code": "YMH-OSM-V-0556", "valve_type": "pressure_reducing", "diameter_mm": 400, "material": "çelik", "status": "open", "install_year": 2024, "related_pipe_code": "YMH-OSM-P-0617", "district": "Yenimahalle", "source": "synthetic_demo_yenimahalle_osm_20260721", "synthetic_notice": "Gerçek altyapı değildir; eğitim ve demo amaçlı sentetik veridir."}, "geometry": {"type": "Point", "coordinates": [32.7875249, 40.0370965]}}, {"type": "Feature", "properties": {"valve_code": "YMH-OSM-V-0557", "valve_type": "pressure_reducing", "diameter_mm": 400, "material": "çelik", "status": "open", "install_year": 2003, "related_pipe_code": "YMH-OSM-P-0140", "district": "Yenimahalle", "source": "synthetic_demo_yenimahalle_osm_20260721", "synthetic_notice": "Gerçek altyapı değildir; eğitim ve demo amaçlı sentetik veridir."}, "geometry": {"type": "Point", "coordinates": [32.7757253, 40.0147993]}}, {"type": "Feature", "properties": {"valve_code": "YMH-OSM-V-0558", "valve_type": "pressure_reducing", "diameter_mm": 250, "material": "çelik", "status": "open", "install_year": 2008, "related_pipe_code": "YMH-OSM-P-0651", "district": "Yenimahalle", "source": "synthetic_demo_yenimahalle_osm_20260721", "synthetic_notice": "Gerçek altyapı değildir; eğitim ve demo amaçlı sentetik veridir."}, "geometry": {"type": "Point", "coordinates": [32.7759715, 40.0151076]}}, {"type": "Feature", "properties": {"valve_code": "YMH-OSM-V-0559", "valve_type": "pressure_reducing", "diameter_mm": 315, "material": "çelik", "status": "open", "install_year": 2013, "related_pipe_code": "YMH-OSM-P-0649", "district": "Yenimahalle", "source": "synthetic_demo_yenimahalle_osm_20260721", "synthetic_notice": "Gerçek altyapı değildir; eğitim ve demo amaçlı sentetik veridir."}, "geometry": {"type": "Point", "coordinates": [32.7861193, 40.0209643]}}, {"type": "Feature", "properties": {"valve_code": "YMH-OSM-V-0560", "valve_type": "pressure_reducing", "diameter_mm": 400, "material": "çelik", "status": "open", "install_year": 2018, "related_pipe_code": "YMH-OSM-P-0635", "district": "Yenimahalle", "source": "synthetic_demo_yenimahalle_osm_20260721", "synthetic_notice": "Gerçek altyapı değildir; eğitim ve demo amaçlı sentetik veridir."}, "geometry": {"type": "Point", "coordinates": [32.7885117, 40.0336599]}}, {"type": "Feature", "properties": {"valve_code": "YMH-OSM-V-0561", "valve_type": "pressure_reducing", "diameter_mm": 250, "material": "çelik", "status": "closed", "install_year": 2023, "related_pipe_code": "YMH-OSM-P-0636", "district": "Yenimahalle", "source": "synthetic_demo_yenimahalle_osm_20260721", "synthetic_notice": "Gerçek altyapı değildir; eğitim ve demo amaçlı sentetik veridir."}, "geometry": {"type": "Point", "coordinates": [32.7898406, 40.0342628]}}, {"type": "Feature", "properties": {"valve_code": "YMH-OSM-V-0562", "valve_type": "pressure_reducing", "diameter_mm": 315, "material": "çelik", "status": "open", "install_year": 2002, "related_pipe_code": "YMH-OSM-P-0250", "district": "Yenimahalle", "source": "synthetic_demo_yenimahalle_osm_20260721", "synthetic_notice": "Gerçek altyapı değildir; eğitim ve demo amaçlı sentetik veridir."}, "geometry": {"type": "Point", "coordinates": [32.7276465, 39.9681779]}}, {"type": "Feature", "properties": {"valve_code": "YMH-OSM-V-0563", "valve_type": "pressure_reducing", "diameter_mm": 250, "material": "çelik", "status": "open", "install_year": 2007, "related_pipe_code": "YMH-OSM-P-0417", "district": "Yenimahalle", "source": "synthetic_demo_yenimahalle_osm_20260721", "synthetic_notice": "Gerçek altyapı değildir; eğitim ve demo amaçlı sentetik veridir."}, "geometry": {"type": "Point", "coordinates": [32.7446376, 39.9598283]}}, {"type": "Feature", "properties": {"valve_code": "YMH-OSM-V-0564", "valve_type": "pressure_reducing", "diameter_mm": 250, "material": "çelik", "status": "open", "install_year": 2012, "related_pipe_code": "YMH-OSM-P-0393", "district": "Yenimahalle", "source": "synthetic_demo_yenimahalle_osm_20260721", "synthetic_notice": "Gerçek altyapı değildir; eğitim ve demo amaçlı sentetik veridir."}, "geometry": {"type": "Point", "coordinates": [32.6989845, 39.9705251]}}, {"type": "Feature", "properties": {"valve_code": "YMH-OSM-V-0565", "valve_type": "pressure_reducing", "diameter_mm": 400, "material": "çelik", "status": "open", "install_year": 2017, "related_pipe_code": "YMH-OSM-P-0293", "district": "Yenimahalle", "source": "synthetic_demo_yenimahalle_osm_20260721", "synthetic_notice": "Gerçek altyapı değildir; eğitim ve demo amaçlı sentetik veridir."}, "geometry": {"type": "Point", "coordinates": [32.6922784, 39.9874957]}}, {"type": "Feature", "properties": {"valve_code": "YMH-OSM-V-0566", "valve_type": "pressure_reducing", "diameter_mm": 315, "material": "çelik", "status": "open", "install_year": 2022, "related_pipe_code": "YMH-OSM-P-0205", "district": "Yenimahalle", "source": "synthetic_demo_yenimahalle_osm_20260721", "synthetic_notice": "Gerçek altyapı değildir; eğitim ve demo amaçlı sentetik veridir."}, "geometry": {"type": "Point", "coordinates": [32.733598, 39.9659564]}}, {"type": "Feature", "properties": {"valve_code": "YMH-OSM-V-0567", "valve_type": "pressure_reducing", "diameter_mm": 250, "material": "çelik", "status": "open", "install_year": 2001, "related_pipe_code": "YMH-OSM-P-0243", "district": "Yenimahalle", "source": "synthetic_demo_yenimahalle_osm_20260721", "synthetic_notice": "Gerçek altyapı değildir; eğitim ve demo amaçlı sentetik veridir."}, "geometry": {"type": "Point", "coordinates": [32.7276165, 39.96801]}}, {"type": "Feature", "properties": {"valve_code": "YMH-OSM-V-0568", "valve_type": "pressure_reducing", "diameter_mm": 250, "material": "çelik", "status": "open", "install_year": 2006, "related_pipe_code": "YMH-OSM-P-0411", "district": "Yenimahalle", "source": "synthetic_demo_yenimahalle_osm_20260721", "synthetic_notice": "Gerçek altyapı değildir; eğitim ve demo amaçlı sentetik veridir."}, "geometry": {"type": "Point", "coordinates": [32.6985805, 39.9694475]}}, {"type": "Feature", "properties": {"valve_code": "YMH-OSM-V-0569", "valve_type": "pressure_reducing", "diameter_mm": 315, "material": "çelik", "status": "open", "install_year": 2011, "related_pipe_code": "YMH-OSM-P-0541", "district": "Yenimahalle", "source": "synthetic_demo_yenimahalle_osm_20260721", "synthetic_notice": "Gerçek altyapı değildir; eğitim ve demo amaçlı sentetik veridir."}, "geometry": {"type": "Point", "coordinates": [32.6909146, 39.9714768]}}, {"type": "Feature", "properties": {"valve_code": "YMH-OSM-V-0570", "valve_type": "pressure_reducing", "diameter_mm": 250, "material": "çelik", "status": "open", "install_year": 2016, "related_pipe_code": "YMH-OSM-P-0213", "district": "Yenimahalle", "source": "synthetic_demo_yenimahalle_osm_20260721", "synthetic_notice": "Gerçek altyapı değildir; eğitim ve demo amaçlı sentetik veridir."}, "geometry": {"type": "Point", "coordinates": [32.7525044, 39.9641442]}}, {"type": "Feature", "properties": {"valve_code": "YMH-OSM-V-0571", "valve_type": "pressure_reducing", "diameter_mm": 250, "material": "çelik", "status": "open", "install_year": 2021, "related_pipe_code": "YMH-OSM-P-0189", "district": "Yenimahalle", "source": "synthetic_demo_yenimahalle_osm_20260721", "synthetic_notice": "Gerçek altyapı değildir; eğitim ve demo amaçlı sentetik veridir."}, "geometry": {"type": "Point", "coordinates": [32.7562273, 39.9635267]}}, {"type": "Feature", "properties": {"valve_code": "YMH-OSM-V-0572", "valve_type": "pressure_reducing", "diameter_mm": 400, "material": "çelik", "status": "open", "install_year": 2000, "related_pipe_code": "YMH-OSM-P-0188", "district": "Yenimahalle", "source": "synthetic_demo_yenimahalle_osm_20260721", "synthetic_notice": "Gerçek altyapı değildir; eğitim ve demo amaçlı sentetik veridir."}, "geometry": {"type": "Point", "coordinates": [32.7531941, 39.9642168]}}, {"type": "Feature", "properties": {"valve_code": "YMH-OSM-V-0573", "valve_type": "pressure_reducing", "diameter_mm": 250, "material": "çelik", "status": "open", "install_year": 2005, "related_pipe_code": "YMH-OSM-P-0165", "district": "Yenimahalle", "source": "synthetic_demo_yenimahalle_osm_20260721", "synthetic_notice": "Gerçek altyapı değildir; eğitim ve demo amaçlı sentetik veridir."}, "geometry": {"type": "Point", "coordinates": [32.7451995, 39.9707284]}}, {"type": "Feature", "properties": {"valve_code": "YMH-OSM-V-0574", "valve_type": "pressure_reducing", "diameter_mm": 250, "material": "çelik", "status": "open", "install_year": 2010, "related_pipe_code": "YMH-OSM-P-0006", "district": "Yenimahalle", "source": "synthetic_demo_yenimahalle_osm_20260721", "synthetic_notice": "Gerçek altyapı değildir; eğitim ve demo amaçlı sentetik veridir."}, "geometry": {"type": "Point", "coordinates": [32.739361, 39.9893517]}}, {"type": "Feature", "properties": {"valve_code": "YMH-OSM-V-0575", "valve_type": "pressure_reducing", "diameter_mm": 315, "material": "çelik", "status": "open", "install_year": 2015, "related_pipe_code": "YMH-OSM-P-0109", "district": "Yenimahalle", "source": "synthetic_demo_yenimahalle_osm_20260721", "synthetic_notice": "Gerçek altyapı değildir; eğitim ve demo amaçlı sentetik veridir."}, "geometry": {"type": "Point", "coordinates": [32.7518448, 39.9723987]}}, {"type": "Feature", "properties": {"valve_code": "YMH-OSM-V-0576", "valve_type": "pressure_reducing", "diameter_mm": 315, "material": "çelik", "status": "open", "install_year": 2020, "related_pipe_code": "YMH-OSM-P-0028", "district": "Yenimahalle", "source": "synthetic_demo_yenimahalle_osm_20260721", "synthetic_notice": "Gerçek altyapı değildir; eğitim ve demo amaçlı sentetik veridir."}, "geometry": {"type": "Point", "coordinates": [32.7611788, 39.9861352]}}, {"type": "Feature", "properties": {"valve_code": "YMH-OSM-V-0577", "valve_type": "pressure_reducing", "diameter_mm": 400, "material": "çelik", "status": "open", "install_year": 2025, "related_pipe_code": "YMH-OSM-P-0029", "district": "Yenimahalle", "source": "synthetic_demo_yenimahalle_osm_20260721", "synthetic_notice": "Gerçek altyapı değildir; eğitim ve demo amaçlı sentetik veridir."}, "geometry": {"type": "Point", "coordinates": [32.7658121, 39.9860891]}}, {"type": "Feature", "properties": {"valve_code": "YMH-OSM-V-0578", "valve_type": "pressure_reducing", "diameter_mm": 315, "material": "çelik", "status": "closed", "install_year": 2004, "related_pipe_code": "YMH-OSM-P-0319", "district": "Yenimahalle", "source": "synthetic_demo_yenimahalle_osm_20260721", "synthetic_notice": "Gerçek altyapı değildir; eğitim ve demo amaçlı sentetik veridir."}, "geometry": {"type": "Point", "coordinates": [32.7609018, 39.9622556]}}, {"type": "Feature", "properties": {"valve_code": "YMH-OSM-V-0579", "valve_type": "pressure_reducing", "diameter_mm": 400, "material": "çelik", "status": "open", "install_year": 2009, "related_pipe_code": "YMH-OSM-P-0320", "district": "Yenimahalle", "source": "synthetic_demo_yenimahalle_osm_20260721", "synthetic_notice": "Gerçek altyapı değildir; eğitim ve demo amaçlı sentetik veridir."}, "geometry": {"type": "Point", "coordinates": [32.7636608, 39.9617172]}}, {"type": "Feature", "properties": {"valve_code": "YMH-OSM-V-0580", "valve_type": "pressure_reducing", "diameter_mm": 400, "material": "çelik", "status": "open", "install_year": 2014, "related_pipe_code": "YMH-OSM-P-0323", "district": "Yenimahalle", "source": "synthetic_demo_yenimahalle_osm_20260721", "synthetic_notice": "Gerçek altyapı değildir; eğitim ve demo amaçlı sentetik veridir."}, "geometry": {"type": "Point", "coordinates": [32.7659011, 39.9615141]}}, {"type": "Feature", "properties": {"valve_code": "YMH-OSM-V-0581", "valve_type": "pressure_reducing", "diameter_mm": 250, "material": "çelik", "status": "open", "install_year": 2019, "related_pipe_code": "YMH-OSM-P-0144", "district": "Yenimahalle", "source": "synthetic_demo_yenimahalle_osm_20260721", "synthetic_notice": "Gerçek altyapı değildir; eğitim ve demo amaçlı sentetik veridir."}, "geometry": {"type": "Point", "coordinates": [32.7709004, 39.9528756]}}, {"type": "Feature", "properties": {"valve_code": "YMH-OSM-V-0582", "valve_type": "pressure_reducing", "diameter_mm": 400, "material": "çelik", "status": "maintenance", "install_year": 2024, "related_pipe_code": "YMH-OSM-P-0215", "district": "Yenimahalle", "source": "synthetic_demo_yenimahalle_osm_20260721", "synthetic_notice": "Gerçek altyapı değildir; eğitim ve demo amaçlı sentetik veridir."}, "geometry": {"type": "Point", "coordinates": [32.7555016, 39.9635941]}}, {"type": "Feature", "properties": {"valve_code": "YMH-OSM-V-0583", "valve_type": "pressure_reducing", "diameter_mm": 250, "material": "çelik", "status": "open", "install_year": 2003, "related_pipe_code": "YMH-OSM-P-0216", "district": "Yenimahalle", "source": "synthetic_demo_yenimahalle_osm_20260721", "synthetic_notice": "Gerçek altyapı değildir; eğitim ve demo amaçlı sentetik veridir."}, "geometry": {"type": "Point", "coordinates": [32.7581324, 39.9629255]}}, {"type": "Feature", "properties": {"valve_code": "YMH-OSM-V-0584", "valve_type": "pressure_reducing", "diameter_mm": 250, "material": "çelik", "status": "open", "install_year": 2008, "related_pipe_code": "YMH-OSM-P-0321", "district": "Yenimahalle", "source": "synthetic_demo_yenimahalle_osm_20260721", "synthetic_notice": "Gerçek altyapı değildir; eğitim ve demo amaçlı sentetik veridir."}, "geometry": {"type": "Point", "coordinates": [32.7638164, 39.9616962]}}, {"type": "Feature", "properties": {"valve_code": "YMH-OSM-V-0585", "valve_type": "pressure_reducing", "diameter_mm": 400, "material": "çelik", "status": "open", "install_year": 2013, "related_pipe_code": "YMH-OSM-P-0749", "district": "Yenimahalle", "source": "synthetic_demo_yenimahalle_osm_20260721", "synthetic_notice": "Gerçek altyapı değildir; eğitim ve demo amaçlı sentetik veridir."}, "geometry": {"type": "Point", "coordinates": [32.7988352, 39.9689204]}}, {"type": "Feature", "properties": {"valve_code": "YMH-OSM-V-0586", "valve_type": "pressure_reducing", "diameter_mm": 315, "material": "çelik", "status": "open", "install_year": 2018, "related_pipe_code": "YMH-OSM-P-0067", "district": "Yenimahalle", "source": "synthetic_demo_yenimahalle_osm_20260721", "synthetic_notice": "Gerçek altyapı değildir; eğitim ve demo amaçlı sentetik veridir."}, "geometry": {"type": "Point", "coordinates": [32.7758436, 39.9851866]}}, {"type": "Feature", "properties": {"valve_code": "YMH-OSM-V-0587", "valve_type": "pressure_reducing", "diameter_mm": 315, "material": "çelik", "status": "open", "install_year": 2023, "related_pipe_code": "YMH-OSM-P-0349", "district": "Yenimahalle", "source": "synthetic_demo_yenimahalle_osm_20260721", "synthetic_notice": "Gerçek altyapı değildir; eğitim ve demo amaçlı sentetik veridir."}, "geometry": {"type": "Point", "coordinates": [32.7057533, 39.9948642]}}, {"type": "Feature", "properties": {"valve_code": "YMH-OSM-V-0588", "valve_type": "pressure_reducing", "diameter_mm": 400, "material": "çelik", "status": "open", "install_year": 2002, "related_pipe_code": "YMH-OSM-P-0017", "district": "Yenimahalle", "source": "synthetic_demo_yenimahalle_osm_20260721", "synthetic_notice": "Gerçek altyapı değildir; eğitim ve demo amaçlı sentetik veridir."}, "geometry": {"type": "Point", "coordinates": [32.7731467, 40.0004875]}}, {"type": "Feature", "properties": {"valve_code": "YMH-OSM-V-0589", "valve_type": "pressure_reducing", "diameter_mm": 400, "material": "çelik", "status": "open", "install_year": 2007, "related_pipe_code": "YMH-OSM-P-0341", "district": "Yenimahalle", "source": "synthetic_demo_yenimahalle_osm_20260721", "synthetic_notice": "Gerçek altyapı değildir; eğitim ve demo amaçlı sentetik veridir."}, "geometry": {"type": "Point", "coordinates": [32.7378829, 39.9562217]}}, {"type": "Feature", "properties": {"valve_code": "YMH-OSM-V-0590", "valve_type": "pressure_reducing", "diameter_mm": 315, "material": "çelik", "status": "open", "install_year": 2012, "related_pipe_code": "YMH-OSM-P-0217", "district": "Yenimahalle", "source": "synthetic_demo_yenimahalle_osm_20260721", "synthetic_notice": "Gerçek altyapı değildir; eğitim ve demo amaçlı sentetik veridir."}, "geometry": {"type": "Point", "coordinates": [32.7585598, 39.96282]}}, {"type": "Feature", "properties": {"valve_code": "YMH-OSM-V-0591", "valve_type": "pressure_reducing", "diameter_mm": 315, "material": "çelik", "status": "open", "install_year": 2017, "related_pipe_code": "YMH-OSM-P-0190", "district": "Yenimahalle", "source": "synthetic_demo_yenimahalle_osm_20260721", "synthetic_notice": "Gerçek altyapı değildir; eğitim ve demo amaçlı sentetik veridir."}, "geometry": {"type": "Point", "coordinates": [32.7581662, 39.9630692]}}, {"type": "Feature", "properties": {"valve_code": "YMH-OSM-V-0592", "valve_type": "pressure_reducing", "diameter_mm": 315, "material": "çelik", "status": "open", "install_year": 2022, "related_pipe_code": "YMH-OSM-P-0214", "district": "Yenimahalle", "source": "synthetic_demo_yenimahalle_osm_20260721", "synthetic_notice": "Gerçek altyapı değildir; eğitim ve demo amaçlı sentetik veridir."}, "geometry": {"type": "Point", "coordinates": [32.7531573, 39.964065]}}, {"type": "Feature", "properties": {"valve_code": "YMH-OSM-V-0593", "valve_type": "pressure_reducing", "diameter_mm": 315, "material": "çelik", "status": "open", "install_year": 2001, "related_pipe_code": "YMH-OSM-P-0187", "district": "Yenimahalle", "source": "synthetic_demo_yenimahalle_osm_20260721", "synthetic_notice": "Gerçek altyapı değildir; eğitim ve demo amaçlı sentetik veridir."}, "geometry": {"type": "Point", "coordinates": [32.7525549, 39.9642986]}}, {"type": "Feature", "properties": {"valve_code": "YMH-OSM-V-0594", "valve_type": "pressure_reducing", "diameter_mm": 400, "material": "çelik", "status": "open", "install_year": 2006, "related_pipe_code": "YMH-OSM-P-0317", "district": "Yenimahalle", "source": "synthetic_demo_yenimahalle_osm_20260721", "synthetic_notice": "Gerçek altyapı değildir; eğitim ve demo amaçlı sentetik veridir."}, "geometry": {"type": "Point", "coordinates": [32.7586607, 39.9627951]}}, {"type": "Feature", "properties": {"valve_code": "YMH-OSM-V-0595", "valve_type": "pressure_reducing", "diameter_mm": 250, "material": "çelik", "status": "closed", "install_year": 2011, "related_pipe_code": "YMH-OSM-P-0318", "district": "Yenimahalle", "source": "synthetic_demo_yenimahalle_osm_20260721", "synthetic_notice": "Gerçek altyapı değildir; eğitim ve demo amaçlı sentetik veridir."}, "geometry": {"type": "Point", "coordinates": [32.7602976, 39.962397]}}, {"type": "Feature", "properties": {"valve_code": "YMH-OSM-V-0596", "valve_type": "pressure_reducing", "diameter_mm": 315, "material": "çelik", "status": "open", "install_year": 2016, "related_pipe_code": "YMH-OSM-P-0322", "district": "Yenimahalle", "source": "synthetic_demo_yenimahalle_osm_20260721", "synthetic_notice": "Gerçek altyapı değildir; eğitim ve demo amaçlı sentetik veridir."}, "geometry": {"type": "Point", "coordinates": [32.7654971, 39.9615433]}}, {"type": "Feature", "properties": {"valve_code": "YMH-OSM-V-0597", "valve_type": "pressure_reducing", "diameter_mm": 315, "material": "çelik", "status": "open", "install_year": 2021, "related_pipe_code": "YMH-OSM-P-0664", "district": "Yenimahalle", "source": "synthetic_demo_yenimahalle_osm_20260721", "synthetic_notice": "Gerçek altyapı değildir; eğitim ve demo amaçlı sentetik veridir."}, "geometry": {"type": "Point", "coordinates": [32.7719663, 39.9632466]}}, {"type": "Feature", "properties": {"valve_code": "YMH-OSM-V-0598", "valve_type": "pressure_reducing", "diameter_mm": 315, "material": "çelik", "status": "open", "install_year": 2000, "related_pipe_code": "YMH-OSM-P-0127", "district": "Yenimahalle", "source": "synthetic_demo_yenimahalle_osm_20260721", "synthetic_notice": "Gerçek altyapı değildir; eğitim ve demo amaçlı sentetik veridir."}, "geometry": {"type": "Point", "coordinates": [32.7709591, 39.9778067]}}, {"type": "Feature", "properties": {"valve_code": "YMH-OSM-V-0599", "valve_type": "pressure_reducing", "diameter_mm": 250, "material": "çelik", "status": "open", "install_year": 2005, "related_pipe_code": "YMH-OSM-P-0642", "district": "Yenimahalle", "source": "synthetic_demo_yenimahalle_osm_20260721", "synthetic_notice": "Gerçek altyapı değildir; eğitim ve demo amaçlı sentetik veridir."}, "geometry": {"type": "Point", "coordinates": [32.7696754, 40.0329214]}}, {"type": "Feature", "properties": {"valve_code": "YMH-OSM-V-0600", "valve_type": "pressure_reducing", "diameter_mm": 400, "material": "çelik", "status": "open", "install_year": 2010, "related_pipe_code": "YMH-OSM-P-0641", "district": "Yenimahalle", "source": "synthetic_demo_yenimahalle_osm_20260721", "synthetic_notice": "Gerçek altyapı değildir; eğitim ve demo amaçlı sentetik veridir."}, "geometry": {"type": "Point", "coordinates": [32.7722175, 40.0337081]}}, {"type": "Feature", "properties": {"valve_code": "YMH-OSM-V-0601", "valve_type": "pressure_reducing", "diameter_mm": 315, "material": "çelik", "status": "open", "install_year": 2015, "related_pipe_code": "YMH-OSM-P-0175", "district": "Yenimahalle", "source": "synthetic_demo_yenimahalle_osm_20260721", "synthetic_notice": "Gerçek altyapı değildir; eğitim ve demo amaçlı sentetik veridir."}, "geometry": {"type": "Point", "coordinates": [32.7281361, 39.9677242]}}, {"type": "Feature", "properties": {"valve_code": "YMH-OSM-V-0602", "valve_type": "pressure_reducing", "diameter_mm": 250, "material": "çelik", "status": "open", "install_year": 2020, "related_pipe_code": "YMH-OSM-P-0075", "district": "Yenimahalle", "source": "synthetic_demo_yenimahalle_osm_20260721", "synthetic_notice": "Gerçek altyapı değildir; eğitim ve demo amaçlı sentetik veridir."}, "geometry": {"type": "Point", "coordinates": [32.7774775, 39.9711946]}}, {"type": "Feature", "properties": {"valve_code": "YMH-OSM-V-0603", "valve_type": "pressure_reducing", "diameter_mm": 315, "material": "çelik", "status": "open", "install_year": 2025, "related_pipe_code": "YMH-OSM-P-0118", "district": "Yenimahalle", "source": "synthetic_demo_yenimahalle_osm_20260721", "synthetic_notice": "Gerçek altyapı değildir; eğitim ve demo amaçlı sentetik veridir."}, "geometry": {"type": "Point", "coordinates": [32.7704187, 39.9746902]}}, {"type": "Feature", "properties": {"valve_code": "YMH-OSM-V-0604", "valve_type": "pressure_reducing", "diameter_mm": 400, "material": "çelik", "status": "open", "install_year": 2004, "related_pipe_code": "YMH-OSM-P-0848", "district": "Yenimahalle", "source": "synthetic_demo_yenimahalle_osm_20260721", "synthetic_notice": "Gerçek altyapı değildir; eğitim ve demo amaçlı sentetik veridir."}, "geometry": {"type": "Point", "coordinates": [32.7759317, 39.9661]}}, {"type": "Feature", "properties": {"valve_code": "YMH-OSM-V-0605", "valve_type": "pressure_reducing", "diameter_mm": 250, "material": "çelik", "status": "open", "install_year": 2009, "related_pipe_code": "YMH-OSM-P-0015", "district": "Yenimahalle", "source": "synthetic_demo_yenimahalle_osm_20260721", "synthetic_notice": "Gerçek altyapı değildir; eğitim ve demo amaçlı sentetik veridir."}, "geometry": {"type": "Point", "coordinates": [32.7731234, 40.0005115]}}, {"type": "Feature", "properties": {"valve_code": "YMH-OSM-V-0606", "valve_type": "pressure_reducing", "diameter_mm": 400, "material": "çelik", "status": "open", "install_year": 2014, "related_pipe_code": "YMH-OSM-P-0014", "district": "Yenimahalle", "source": "synthetic_demo_yenimahalle_osm_20260721", "synthetic_notice": "Gerçek altyapı değildir; eğitim ve demo amaçlı sentetik veridir."}, "geometry": {"type": "Point", "coordinates": [32.7727333, 40.0005009]}}, {"type": "Feature", "properties": {"valve_code": "YMH-OSM-V-0607", "valve_type": "pressure_reducing", "diameter_mm": 315, "material": "çelik", "status": "open", "install_year": 2019, "related_pipe_code": "YMH-OSM-P-0016", "district": "Yenimahalle", "source": "synthetic_demo_yenimahalle_osm_20260721", "synthetic_notice": "Gerçek altyapı değildir; eğitim ve demo amaçlı sentetik veridir."}, "geometry": {"type": "Point", "coordinates": [32.7731631, 40.0004572]}}, {"type": "Feature", "properties": {"valve_code": "YMH-OSM-V-0608", "valve_type": "pressure_reducing", "diameter_mm": 400, "material": "çelik", "status": "open", "install_year": 2024, "related_pipe_code": "YMH-OSM-P-0071", "district": "Yenimahalle", "source": "synthetic_demo_yenimahalle_osm_20260721", "synthetic_notice": "Gerçek altyapı değildir; eğitim ve demo amaçlı sentetik veridir."}, "geometry": {"type": "Point", "coordinates": [32.7790956, 40.0007569]}}, {"type": "Feature", "properties": {"valve_code": "YMH-OSM-V-0609", "valve_type": "pressure_reducing", "diameter_mm": 315, "material": "çelik", "status": "open", "install_year": 2003, "related_pipe_code": "YMH-OSM-P-0730", "district": "Yenimahalle", "source": "synthetic_demo_yenimahalle_osm_20260721", "synthetic_notice": "Gerçek altyapı değildir; eğitim ve demo amaçlı sentetik veridir."}, "geometry": {"type": "Point", "coordinates": [32.7792038, 40.0009037]}}, {"type": "Feature", "properties": {"valve_code": "YMH-OSM-V-0610", "valve_type": "pressure_reducing", "diameter_mm": 315, "material": "çelik", "status": "open", "install_year": 2008, "related_pipe_code": "YMH-OSM-P-0661", "district": "Yenimahalle", "source": "synthetic_demo_yenimahalle_osm_20260721", "synthetic_notice": "Gerçek altyapı değildir; eğitim ve demo amaçlı sentetik veridir."}, "geometry": {"type": "Point", "coordinates": [32.7707616, 39.9716292]}}, {"type": "Feature", "properties": {"valve_code": "YMH-OSM-V-0611", "valve_type": "pressure_reducing", "diameter_mm": 250, "material": "çelik", "status": "open", "install_year": 2013, "related_pipe_code": "YMH-OSM-P-0717", "district": "Yenimahalle", "source": "synthetic_demo_yenimahalle_osm_20260721", "synthetic_notice": "Gerçek altyapı değildir; eğitim ve demo amaçlı sentetik veridir."}, "geometry": {"type": "Point", "coordinates": [32.766364, 40.0368723]}}, {"type": "Feature", "properties": {"valve_code": "YMH-OSM-V-0612", "valve_type": "pressure_reducing", "diameter_mm": 400, "material": "çelik", "status": "closed", "install_year": 2018, "related_pipe_code": "YMH-OSM-P-0620", "district": "Yenimahalle", "source": "synthetic_demo_yenimahalle_osm_20260721", "synthetic_notice": "Gerçek altyapı değildir; eğitim ve demo amaçlı sentetik veridir."}, "geometry": {"type": "Point", "coordinates": [32.7767128, 40.0291654]}}, {"type": "Feature", "properties": {"valve_code": "YMH-OSM-V-0613", "valve_type": "pressure_reducing", "diameter_mm": 400, "material": "çelik", "status": "open", "install_year": 2023, "related_pipe_code": "YMH-OSM-P-0614", "district": "Yenimahalle", "source": "synthetic_demo_yenimahalle_osm_20260721", "synthetic_notice": "Gerçek altyapı değildir; eğitim ve demo amaçlı sentetik veridir."}, "geometry": {"type": "Point", "coordinates": [32.7883007, 40.0330285]}}, {"type": "Feature", "properties": {"valve_code": "YMH-OSM-V-0614", "valve_type": "pressure_reducing", "diameter_mm": 250, "material": "çelik", "status": "open", "install_year": 2002, "related_pipe_code": "YMH-OSM-P-0606", "district": "Yenimahalle", "source": "synthetic_demo_yenimahalle_osm_20260721", "synthetic_notice": "Gerçek altyapı değildir; eğitim ve demo amaçlı sentetik veridir."}, "geometry": {"type": "Point", "coordinates": [32.7847001, 40.0229429]}}, {"type": "Feature", "properties": {"valve_code": "YMH-OSM-V-0615", "valve_type": "pressure_reducing", "diameter_mm": 400, "material": "çelik", "status": "open", "install_year": 2007, "related_pipe_code": "YMH-OSM-P-0632", "district": "Yenimahalle", "source": "synthetic_demo_yenimahalle_osm_20260721", "synthetic_notice": "Gerçek altyapı değildir; eğitim ve demo amaçlı sentetik veridir."}, "geometry": {"type": "Point", "coordinates": [32.7848507, 40.0232084]}}, {"type": "Feature", "properties": {"valve_code": "YMH-OSM-V-0616", "valve_type": "pressure_reducing", "diameter_mm": 400, "material": "çelik", "status": "open", "install_year": 2012, "related_pipe_code": "YMH-OSM-P-0611", "district": "Yenimahalle", "source": "synthetic_demo_yenimahalle_osm_20260721", "synthetic_notice": "Gerçek altyapı değildir; eğitim ve demo amaçlı sentetik veridir."}, "geometry": {"type": "Point", "coordinates": [32.7918174, 40.0235978]}}, {"type": "Feature", "properties": {"valve_code": "YMH-OSM-V-0617", "valve_type": "pressure_reducing", "diameter_mm": 400, "material": "çelik", "status": "open", "install_year": 2017, "related_pipe_code": "YMH-OSM-P-0602", "district": "Yenimahalle", "source": "synthetic_demo_yenimahalle_osm_20260721", "synthetic_notice": "Gerçek altyapı değildir; eğitim ve demo amaçlı sentetik veridir."}, "geometry": {"type": "Point", "coordinates": [32.7845845, 40.0229844]}}, {"type": "Feature", "properties": {"valve_code": "YMH-OSM-V-0618", "valve_type": "pressure_reducing", "diameter_mm": 315, "material": "çelik", "status": "open", "install_year": 2022, "related_pipe_code": "YMH-OSM-P-0289", "district": "Yenimahalle", "source": "synthetic_demo_yenimahalle_osm_20260721", "synthetic_notice": "Gerçek altyapı değildir; eğitim ve demo amaçlı sentetik veridir."}, "geometry": {"type": "Point", "coordinates": [32.7024725, 39.999777]}}, {"type": "Feature", "properties": {"valve_code": "YMH-OSM-V-0619", "valve_type": "pressure_reducing", "diameter_mm": 315, "material": "çelik", "status": "open", "install_year": 2001, "related_pipe_code": "YMH-OSM-P-0328", "district": "Yenimahalle", "source": "synthetic_demo_yenimahalle_osm_20260721", "synthetic_notice": "Gerçek altyapı değildir; eğitim ve demo amaçlı sentetik veridir."}, "geometry": {"type": "Point", "coordinates": [32.7813632, 39.9599933]}}, {"type": "Feature", "properties": {"valve_code": "YMH-OSM-V-0620", "valve_type": "pressure_reducing", "diameter_mm": 315, "material": "çelik", "status": "open", "install_year": 2006, "related_pipe_code": "YMH-OSM-P-0001", "district": "Yenimahalle", "source": "synthetic_demo_yenimahalle_osm_20260721", "synthetic_notice": "Gerçek altyapı değildir; eğitim ve demo amaçlı sentetik veridir."}, "geometry": {"type": "Point", "coordinates": [32.7540504, 39.9957456]}}]}