{"type": "FeatureCollection", "name": "Tamamen sentetik Yenimahalle demo ağı", "crs": {"type": "name", "properties": {"name": "EPSG:4326"}}, "features": [{"type": "Feature", "properties": {"pipe_code": "YMH-OSM-P-0001", "pipe_type": "main_line", "diameter_mm": 315, "material": "çelik", "pressure_level": "medium", "operating_pressure_bar": 4.0, "status": "aktif", "install_year": 2005, "district": "Yenimahalle", "source": "synthetic_demo_yenimahalle_osm_20260721", "osm_highway": "primary", "road_name": "Melih Gökçek Bulvarı", "synthetic_notice": "Gerçek altyapı değildir; eğitim ve demo amaçlı sentetik veridir."}, "geometry": {"type": "MultiLineString", "coordinates": [[[32.7676368, 40.0004465], [32.7674682, 40.0004454], [32.7652717, 40.0004314], [32.7635669, 40.0004205], [32.761705, 40.0004086], [32.761611, 40.000408], [32.761457, 40.0004072], [32.7596143, 40.0003951], [32.7580719, 40.000396], [32.7579226, 40.0003912], [32.7578345, 40.0003839], [32.7577399, 40.0003724], [32.7576336, 40.0003502], [32.7575487, 40.000327], [32.7574639, 40.000301], [32.7573738, 40.0002706], [32.7572578, 40.0002261], [32.7571692, 40.0001868], [32.7571099, 40.000146], [32.7570594, 40.0001042], [32.7570038, 40.0000489], [32.7565812, 39.9994462], [32.7565419, 39.9993857], [32.7564909, 39.9993104], [32.7556845, 39.9981204], [32.7549176, 39.9968947], [32.7542715, 39.9959201], [32.7542423, 39.9958886], [32.7542104, 39.9958584], [32.7541706, 39.9958263], [32.7541322, 39.9957987], [32.7540808, 39.9957652], [32.7537328, 39.9955402], [32.7520208, 39.9944335], [32.751794, 39.9942913], [32.7496044, 39.9929182], [32.7491846, 39.9926159], [32.7490789, 39.9925533], [32.7485114, 39.9922172], [32.7481064, 39.9920754], [32.747832, 39.9919835], [32.7476395, 39.991919], [32.7473265, 39.9918389], [32.7471348, 39.9917784], [32.7449118, 39.9910767], [32.7448836, 39.9910684], [32.7438249, 39.9907582], [32.7430457, 39.9905299], [32.7428051, 39.9904594], [32.740876, 39.9898941], [32.739794, 39.989577], [32.7395677, 39.9895107], [32.7395199, 39.9894967], [32.7392725, 39.9894597]]]}}, {"type": "Feature", "properties": {"pipe_code": "YMH-OSM-P-0002", "pipe_type": "main_line", "diameter_mm": 400, "material": "çelik", "pressure_level": "medium", "operating_pressure_bar": 4.0, "status": "aktif", "install_year": 2012, "district": "Yenimahalle", "source": "synthetic_demo_yenimahalle_osm_20260721", "osm_highway": "primary", "road_name": "Melih Gökçek Bulvarı", "synthetic_notice": "Gerçek altyapı değildir; eğitim ve demo amaçlı sentetik veridir."}, "geometry": {"type": "MultiLineString", "coordinates": [[[32.7727184, 40.0004842], [32.7726114, 40.0004756], [32.7725856, 40.0004716], [32.7724059, 40.0004434], [32.7721609, 40.0004277], [32.7714195, 40.0004314], [32.7709348, 40.0004249], [32.7706219, 40.0004299], [32.7677675, 40.0004458], [32.7677333, 40.000446], [32.7676368, 40.0004465]]]}}, {"type": "Feature", "properties": {"pipe_code": "YMH-OSM-P-0003", "pipe_type": "main_line", "diameter_mm": 250, "material": "çelik", "pressure_level": "medium", "operating_pressure_bar": 4.0, "status": "aktif", "install_year": 2019, "district": "Yenimahalle", "source": "synthetic_demo_yenimahalle_osm_20260721", "osm_highway": "primary", "road_name": "Adsız yol", "synthetic_notice": "Gerçek altyapı değildir; eğitim ve demo amaçlı sentetik veridir."}, "geometry": {"type": "MultiLineString", "coordinates": [[[32.7392725, 39.9894597], [32.7392316, 39.9894653], [32.7391907, 39.98946], [32.7391413, 39.9894347], [32.7391135, 39.9893945]]]}}, {"type": "Feature", "properties": {"pipe_code": "YMH-OSM-P-0004", "pipe_type": "main_line", "diameter_mm": 315, "material": "çelik", "pressure_level": "medium", "operating_pressure_bar": 4.0, "status": "aktif", "install_year": 1998, "district": "Yenimahalle", "source": "synthetic_demo_yenimahalle_osm_20260721", "osm_highway": "primary", "road_name": "Adsız yol", "synthetic_notice": "Gerçek altyapı değildir; eğitim ve demo amaçlı sentetik veridir."}, "geometry": {"type": "MultiLineString", "coordinates": [[[32.7391135, 39.9893945], [32.7391132, 39.9893889], [32.7391114, 39.9893601], [32.7391294, 39.9893221], [32.7391551, 39.9893021], [32.7391638, 39.9892954], [32.7392102, 39.9892807], [32.73926, 39.9892816]]]}}, {"type": "Feature", "properties": {"pipe_code": "YMH-OSM-P-0005", "pipe_type": "main_line", "diameter_mm": 400, "material": "çelik", "pressure_level": "medium", "operating_pressure_bar": 4.0, "status": "aktif", "install_year": 2005, "district": "Yenimahalle", "source": "synthetic_demo_yenimahalle_osm_20260721", "osm_highway": "primary", "road_name": "Adsız yol", "synthetic_notice": "Gerçek altyapı değildir; eğitim ve demo amaçlı sentetik veridir."}, "geometry": {"type": "MultiLineString", "coordinates": [[[32.7676391, 40.0002928], [32.7676368, 40.0004465]]]}}, {"type": "Feature", "properties": {"pipe_code": "YMH-OSM-P-0006", "pipe_type": "main_line", "diameter_mm": 250, "material": "çelik", "pressure_level": "medium", "operating_pressure_bar": 4.0, "status": "aktif", "install_year": 2012, "district": "Yenimahalle", "source": "synthetic_demo_yenimahalle_osm_20260721", "osm_highway": "primary", "road_name": "Adsız yol", "synthetic_notice": "Gerçek altyapı değildir; eğitim ve demo amaçlı sentetik veridir."}, "geometry": {"type": "MultiLineString", "coordinates": [[[32.739361, 39.9893517], [32.7393574, 39.989378], [32.7393429, 39.989408], [32.7393148, 39.9894395], [32.7393044, 39.9894445], [32.7392725, 39.9894597]]]}}, {"type": "Feature", "properties": {"pipe_code": "YMH-OSM-P-0007", "pipe_type": "main_line", "diameter_mm": 315, "material": "çelik", "pressure_level": "medium", "operating_pressure_bar": 4.0, "status": "aktif", "install_year": 2019, "district": "Yenimahalle", "source": "synthetic_demo_yenimahalle_osm_20260721", "osm_highway": "primary", "road_name": "Melih Gökçek Bulvarı", "synthetic_notice": "Gerçek altyapı değildir; eğitim ve demo amaçlı sentetik veridir."}, "geometry": {"type": "MultiLineString", "coordinates": [[[32.739361, 39.9893517], [32.7395455, 39.9893488], [32.7395955, 39.9893645], [32.7399374, 39.9894718], [32.7399566, 39.9894777], [32.7406936, 39.9897052], [32.740905, 39.9897689], [32.7411967, 39.9898568], [32.7415274, 39.9899564], [32.7417095, 39.9900106], [32.7428511, 39.9903505], [32.7431711, 39.9904458], [32.7440874, 39.9907192], [32.7450057, 39.9909951], [32.746484, 39.9914393], [32.7472171, 39.9916111], [32.7475014, 39.9916896]]]}}, {"type": "Feature", "properties": {"pipe_code": "YMH-OSM-P-0008", "pipe_type": "main_line", "diameter_mm": 400, "material": "çelik", "pressure_level": "medium", "operating_pressure_bar": 4.0, "status": "aktif", "install_year": 1998, "district": "Yenimahalle", "source": "synthetic_demo_yenimahalle_osm_20260721", "osm_highway": "primary", "road_name": "Melih Gökçek Bulvarı", "synthetic_notice": "Gerçek altyapı değildir; eğitim ve demo amaçlı sentetik veridir."}, "geometry": {"type": "MultiLineString", "coordinates": [[[32.7475014, 39.9916896], [32.7477898, 39.9918144], [32.7479702, 39.9918765], [32.7485973, 39.9920924], [32.7491795, 39.9924419], [32.7493455, 39.9925415], [32.7500827, 39.9930237], [32.7519211, 39.9941886], [32.7522253, 39.9943814], [32.7537258, 39.9953724], [32.7538494, 39.9954535], [32.7542896, 39.9957423], [32.7543579, 39.9957907], [32.7544099, 39.9958518], [32.7546725, 39.9962218], [32.7554909, 39.9974712], [32.7563819, 39.9987562], [32.7567539, 39.9993168]]]}}, {"type": "Feature", "properties": {"pipe_code": "YMH-OSM-P-0009", "pipe_type": "main_line", "diameter_mm": 250, "material": "çelik", "pressure_level": "medium", "operating_pressure_bar": 4.0, "status": "aktif", "install_year": 2005, "district": "Yenimahalle", "source": "synthetic_demo_yenimahalle_osm_20260721", "osm_highway": "primary", "road_name": "Adsız yol", "synthetic_notice": "Gerçek altyapı değildir; eğitim ve demo amaçlı sentetik veridir."}, "geometry": {"type": "MultiLineString", "coordinates": [[[32.73926, 39.9892816], [32.7392955, 39.9892877], [32.7393291, 39.9893065], [32.7393414, 39.9893178], [32.7393523, 39.9893279]]]}}, {"type": "Feature", "properties": {"pipe_code": "YMH-OSM-P-0010", "pipe_type": "main_line", "diameter_mm": 315, "material": "çelik", "pressure_level": "medium", "operating_pressure_bar": 4.0, "status": "aktif", "install_year": 2012, "district": "Yenimahalle", "source": "synthetic_demo_yenimahalle_osm_20260721", "osm_highway": "primary", "road_name": "Melih Gökçek Bulvarı", "synthetic_notice": "Gerçek altyapı değildir; eğitim ve demo amaçlı sentetik veridir."}, "geometry": {"type": "MultiLineString", "coordinates": [[[32.7567539, 39.9993168], [32.7567928, 39.9993787]]]}}, {"type": "Feature", "properties": {"pipe_code": "YMH-OSM-P-0011", "pipe_type": "main_line", "diameter_mm": 400, "material": "çelik", "pressure_level": "medium", "operating_pressure_bar": 4.0, "status": "aktif", "install_year": 2019, "district": "Yenimahalle", "source": "synthetic_demo_yenimahalle_osm_20260721", "osm_highway": "primary", "road_name": "Melih Gökçek Bulvarı", "synthetic_notice": "Gerçek altyapı değildir; eğitim ve demo amaçlı sentetik veridir."}, "geometry": {"type": "MultiLineString", "coordinates": [[[32.7567928, 39.9993787], [32.7569571, 39.9996178], [32.7571112, 39.9998425], [32.7571712, 39.9999073], [32.7572607, 39.9999883], [32.7573562, 40.0000568], [32.7574436, 40.0001035], [32.7575493, 40.0001471], [32.7576546, 40.000182], [32.757779, 40.0002057], [32.7579272, 40.0002248], [32.7580486, 40.0002321], [32.7582009, 40.0002336], [32.7595373, 40.0002206], [32.7615395, 40.0002548], [32.7617077, 40.0002556], [32.7635939, 40.0002675], [32.7653316, 40.0002784], [32.7672748, 40.0002906], [32.7674681, 40.0002918], [32.7676391, 40.0002928], [32.7679194, 40.0002896]]]}}, {"type": "Feature", "properties": {"pipe_code": "YMH-OSM-P-0012", "pipe_type": "main_line", "diameter_mm": 250, "material": "çelik", "pressure_level": "medium", "operating_pressure_bar": 4.0, "status": "aktif", "install_year": 1998, "district": "Yenimahalle", "source": "synthetic_demo_yenimahalle_osm_20260721", "osm_highway": "primary", "road_name": "Melih Gökçek Bulvarı", "synthetic_notice": "Gerçek altyapı değildir; eğitim ve demo amaçlı sentetik veridir."}, "geometry": {"type": "MultiLineString", "coordinates": [[[32.7679194, 40.0002896], [32.767999, 40.0002905], [32.7691628, 40.0003024], [32.7695722, 40.0003028], [32.7711504, 40.0003149], [32.7713182, 40.0003165], [32.7724019, 40.0003265], [32.7725276, 40.0003259], [32.7725807, 40.0003256], [32.7726946, 40.000325]]]}}, {"type": "Feature", "properties": {"pipe_code": "YMH-OSM-P-0013", "pipe_type": "main_line", "diameter_mm": 315, "material": "çelik", "pressure_level": "medium", "operating_pressure_bar": 4.0, "status": "aktif", "install_year": 2005, "district": "Yenimahalle", "source": "synthetic_demo_yenimahalle_osm_20260721", "osm_highway": "primary", "road_name": "Adsız yol", "synthetic_notice": "Gerçek altyapı değildir; eğitim ve demo amaçlı sentetik veridir."}, "geometry": {"type": "MultiLineString", "coordinates": [[[32.7726946, 40.000325], [32.7727312, 40.0002704], [32.7727869, 40.0002281], [32.772857, 40.000201], [32.7729344, 40.0001918], [32.7730119, 40.0002013], [32.7730357, 40.0002106], [32.7730817, 40.0002285], [32.7731373, 40.000271], [32.7731591, 40.0002985]]]}}, {"type": "Feature", "properties": {"pipe_code": "YMH-OSM-P-0014", "pipe_type": "main_line", "diameter_mm": 400, "material": "çelik", "pressure_level": "medium", "operating_pressure_bar": 4.0, "status": "aktif", "install_year": 2012, "district": "Yenimahalle", "source": "synthetic_demo_yenimahalle_osm_20260721", "osm_highway": "primary", "road_name": "Adsız yol", "synthetic_notice": "Gerçek altyapı değildir; eğitim ve demo amaçlı sentetik veridir."}, "geometry": {"type": "MultiLineString", "coordinates": [[[32.7727333, 40.0005009], [32.7727184, 40.0004842], [32.772703, 40.0004562], [32.7726905, 40.0004336], [32.7726836, 40.0003875], [32.7726824, 40.0003791], [32.7726946, 40.000325]]]}}, {"type": "Feature", "properties": {"pipe_code": "YMH-OSM-P-0015", "pipe_type": "main_line", "diameter_mm": 250, "material": "çelik", "pressure_level": "medium", "operating_pressure_bar": 4.0, "status": "aktif", "install_year": 2019, "district": "Yenimahalle", "source": "synthetic_demo_yenimahalle_osm_20260721", "osm_highway": "primary", "road_name": "Adsız yol", "synthetic_notice": "Gerçek altyapı değildir; eğitim ve demo amaçlı sentetik veridir."}, "geometry": {"type": "MultiLineString", "coordinates": [[[32.7731234, 40.0005115], [32.7730668, 40.0005483], [32.7729988, 40.0005709], [32.772925, 40.0005773], [32.7728521, 40.0005669], [32.7727863, 40.0005407], [32.7727333, 40.0005009]]]}}, {"type": "Feature", "properties": {"pipe_code": "YMH-OSM-P-0016", "pipe_type": "main_line", "diameter_mm": 315, "material": "çelik", "pressure_level": "medium", "operating_pressure_bar": 4.0, "status": "aktif", "install_year": 1998, "district": "Yenimahalle", "source": "synthetic_demo_yenimahalle_osm_20260721", "osm_highway": "primary", "road_name": "Adsız yol", "synthetic_notice": "Gerçek altyapı değildir; eğitim ve demo amaçlı sentetik veridir."}, "geometry": {"type": "MultiLineString", "coordinates": [[[32.7731591, 40.0002985], [32.7731838, 40.0003613], [32.7731795, 40.0004269], [32.7731631, 40.0004572]]]}}, {"type": "Feature", "properties": {"pipe_code": "YMH-OSM-P-0017", "pipe_type": "main_line", "diameter_mm": 400, "material": "çelik", "pressure_level": "medium", "operating_pressure_bar": 4.0, "status": "aktif", "install_year": 2005, "district": "Yenimahalle", "source": "synthetic_demo_yenimahalle_osm_20260721", "osm_highway": "primary", "road_name": "Adsız yol", "synthetic_notice": "Gerçek altyapı değildir; eğitim ve demo amaçlı sentetik veridir."}, "geometry": {"type": "MultiLineString", "coordinates": [[[32.7731631, 40.0004572], [32.7731467, 40.0004875]]]}}, {"type": "Feature", "properties": {"pipe_code": "YMH-OSM-P-0018", "pipe_type": "main_line", "diameter_mm": 250, "material": "çelik", "pressure_level": "medium", "operating_pressure_bar": 4.0, "status": "aktif", "install_year": 2012, "district": "Yenimahalle", "source": "synthetic_demo_yenimahalle_osm_20260721", "osm_highway": "primary", "road_name": "Adsız yol", "synthetic_notice": "Gerçek altyapı değildir; eğitim ve demo amaçlı sentetik veridir."}, "geometry": {"type": "MultiLineString", "coordinates": [[[32.7731467, 40.0004875], [32.7731234, 40.0005115]]]}}, {"type": "Feature", "properties": {"pipe_code": "YMH-OSM-P-0019", "pipe_type": "main_line", "diameter_mm": 315, "material": "çelik", "pressure_level": "medium", "operating_pressure_bar": 4.0, "status": "aktif", "install_year": 2019, "district": "Yenimahalle", "source": "synthetic_demo_yenimahalle_osm_20260721", "osm_highway": "secondary", "road_name": "Adsız yol", "synthetic_notice": "Gerçek altyapı değildir; eğitim ve demo amaçlı sentetik veridir."}, "geometry": {"type": "MultiLineString", "coordinates": [[[32.7475014, 39.9916896], [32.7478063, 39.9916461], [32.7478871, 39.9916298], [32.7483068, 39.9915454]]]}}, {"type": "Feature", "properties": {"pipe_code": "YMH-OSM-P-0020", "pipe_type": "main_line", "diameter_mm": 400, "material": "çelik", "pressure_level": "medium", "operating_pressure_bar": 4.0, "status": "aktif", "install_year": 1998, "district": "Yenimahalle", "source": "synthetic_demo_yenimahalle_osm_20260721", "osm_highway": "secondary", "road_name": "Süleyman Şah Caddesi", "synthetic_notice": "Gerçek altyapı değildir; eğitim ve demo amaçlı sentetik veridir."}, "geometry": {"type": "MultiLineString", "coordinates": [[[32.7483068, 39.9915454], [32.7486811, 39.9914373], [32.7493636, 39.9912233], [32.7494627, 39.9911922], [32.7501681, 39.990971], [32.7505428, 39.9908534], [32.7509049, 39.9906248], [32.7511876, 39.9904463], [32.7520763, 39.9898019]]]}}, {"type": "Feature", "properties": {"pipe_code": "YMH-OSM-P-0021", "pipe_type": "main_line", "diameter_mm": 250, "material": "çelik", "pressure_level": "medium", "operating_pressure_bar": 4.0, "status": "aktif", "install_year": 2005, "district": "Yenimahalle", "source": "synthetic_demo_yenimahalle_osm_20260721", "osm_highway": "secondary", "road_name": "Adsız yol", "synthetic_notice": "Gerçek altyapı değildir; eğitim ve demo amaçlı sentetik veridir."}, "geometry": {"type": "MultiLineString", "coordinates": [[[32.7483068, 39.9915454], [32.7479764, 39.9917173], [32.7477898, 39.9918144], [32.7476395, 39.991919]]]}}, {"type": "Feature", "properties": {"pipe_code": "YMH-OSM-P-0022", "pipe_type": "main_line", "diameter_mm": 315, "material": "çelik", "pressure_level": "medium", "operating_pressure_bar": 4.0, "status": "aktif", "install_year": 2012, "district": "Yenimahalle", "source": "synthetic_demo_yenimahalle_osm_20260721", "osm_highway": "secondary", "road_name": "Adsız yol", "synthetic_notice": "Gerçek altyapı değildir; eğitim ve demo amaçlı sentetik veridir."}, "geometry": {"type": "MultiLineString", "coordinates": [[[32.7526323, 39.9894095], [32.7524581, 39.9896115], [32.7523688, 39.9896816], [32.7520763, 39.9898019]]]}}, {"type": "Feature", "properties": {"pipe_code": "YMH-OSM-P-0023", "pipe_type": "main_line", "diameter_mm": 400, "material": "çelik", "pressure_level": "medium", "operating_pressure_bar": 4.0, "status": "aktif", "install_year": 2019, "district": "Yenimahalle", "source": "synthetic_demo_yenimahalle_osm_20260721", "osm_highway": "secondary", "road_name": "Süleyman Şah Caddesi", "synthetic_notice": "Gerçek altyapı değildir; eğitim ve demo amaçlı sentetik veridir."}, "geometry": {"type": "MultiLineString", "coordinates": [[[32.7526323, 39.9894095], [32.7532869, 39.9889294], [32.7538443, 39.9885099], [32.7549798, 39.9876552], [32.7559412, 39.9868708]]]}}, {"type": "Feature", "properties": {"pipe_code": "YMH-OSM-P-0024", "pipe_type": "main_line", "diameter_mm": 250, "material": "çelik", "pressure_level": "medium", "operating_pressure_bar": 4.0, "status": "aktif", "install_year": 1998, "district": "Yenimahalle", "source": "synthetic_demo_yenimahalle_osm_20260721", "osm_highway": "secondary", "road_name": "Süleyman Şah Caddesi", "synthetic_notice": "Gerçek altyapı değildir; eğitim ve demo amaçlı sentetik veridir."}, "geometry": {"type": "MultiLineString", "coordinates": [[[32.7559412, 39.9868708], [32.7559741, 39.9867941], [32.7561823, 39.9866363], [32.7563845, 39.9865119], [32.7565432, 39.9864491], [32.7567777, 39.9863656], [32.7569683, 39.9863168], [32.7572997, 39.9862682], [32.7583186, 39.986182]]]}}, {"type": "Feature", "properties": {"pipe_code": "YMH-OSM-P-0025", "pipe_type": "main_line", "diameter_mm": 315, "material": "çelik", "pressure_level": "medium", "operating_pressure_bar": 4.0, "status": "aktif", "install_year": 2005, "district": "Yenimahalle", "source": "synthetic_demo_yenimahalle_osm_20260721", "osm_highway": "secondary", "road_name": "Süleyman Şah Caddesi", "synthetic_notice": "Gerçek altyapı değildir; eğitim ve demo amaçlı sentetik veridir."}, "geometry": {"type": "MultiLineString", "coordinates": [[[32.7583186, 39.986182], [32.7594286, 39.9861122], [32.7595825, 39.9861026]]]}}, {"type": "Feature", "properties": {"pipe_code": "YMH-OSM-P-0026", "pipe_type": "main_line", "diameter_mm": 400, "material": "çelik", "pressure_level": "medium", "operating_pressure_bar": 4.0, "status": "aktif", "install_year": 2012, "district": "Yenimahalle", "source": "synthetic_demo_yenimahalle_osm_20260721", "osm_highway": "secondary", "road_name": "Süleyman Şah Caddesi", "synthetic_notice": "Gerçek altyapı değildir; eğitim ve demo amaçlı sentetik veridir."}, "geometry": {"type": "MultiLineString", "coordinates": [[[32.7595825, 39.9861026], [32.7598455, 39.9860952], [32.7609209, 39.9860651], [32.7611811, 39.9860578], [32.7613905, 39.9860548], [32.7628317, 39.9860341]]]}}, {"type": "Feature", "properties": {"pipe_code": "YMH-OSM-P-0027", "pipe_type": "main_line", "diameter_mm": 250, "material": "çelik", "pressure_level": "medium", "operating_pressure_bar": 4.0, "status": "aktif", "install_year": 2019, "district": "Yenimahalle", "source": "synthetic_demo_yenimahalle_osm_20260721", "osm_highway": "secondary", "road_name": "Süleyman Şah Caddesi", "synthetic_notice": "Gerçek altyapı değildir; eğitim ve demo amaçlı sentetik veridir."}, "geometry": {"type": "MultiLineString", "coordinates": [[[32.7568107, 39.9864407], [32.7564555, 39.9865649], [32.7562186, 39.9867122], [32.7559412, 39.9868708]]]}}, {"type": "Feature", "properties": {"pipe_code": "YMH-OSM-P-0028", "pipe_type": "main_line", "diameter_mm": 315, "material": "çelik", "pressure_level": "medium", "operating_pressure_bar": 4.0, "status": "aktif", "install_year": 1998, "district": "Yenimahalle", "source": "synthetic_demo_yenimahalle_osm_20260721", "osm_highway": "secondary", "road_name": "Süleyman Şah Caddesi", "synthetic_notice": "Gerçek altyapı değildir; eğitim ve demo amaçlı sentetik veridir."}, "geometry": {"type": "MultiLineString", "coordinates": [[[32.7611788, 39.9861352], [32.7609317, 39.9861478], [32.7600889, 39.9861908], [32.7598396, 39.9862036], [32.7595762, 39.986217], [32.7584465, 39.9862767], [32.7583551, 39.9862793], [32.7578654, 39.9863043], [32.7568593, 39.9864238], [32.7568107, 39.9864407]]]}}, {"type": "Feature", "properties": {"pipe_code": "YMH-OSM-P-0029", "pipe_type": "main_line", "diameter_mm": 400, "material": "çelik", "pressure_level": "medium", "operating_pressure_bar": 4.0, "status": "aktif", "install_year": 2005, "district": "Yenimahalle", "source": "synthetic_demo_yenimahalle_osm_20260721", "osm_highway": "secondary", "road_name": "Süleyman Şah Caddesi", "synthetic_notice": "Gerçek altyapı değildir; eğitim ve demo amaçlı sentetik veridir."}, "geometry": {"type": "MultiLineString", "coordinates": [[[32.7658121, 39.9860891], [32.7636002, 39.9860965], [32.7628351, 39.9861087], [32.7613906, 39.9861318], [32.7611788, 39.9861352]]]}}, {"type": "Feature", "properties": {"pipe_code": "YMH-OSM-P-0030", "pipe_type": "main_line", "diameter_mm": 250, "material": "çelik", "pressure_level": "medium", "operating_pressure_bar": 4.0, "status": "aktif", "install_year": 2012, "district": "Yenimahalle", "source": "synthetic_demo_yenimahalle_osm_20260721", "osm_highway": "secondary", "road_name": "Süleyman Şah Caddesi", "synthetic_notice": "Gerçek altyapı değildir; eğitim ve demo amaçlı sentetik veridir."}, "geometry": {"type": "MultiLineString", "coordinates": [[[32.7628317, 39.9860341], [32.7635914, 39.9860269]]]}}, {"type": "Feature", "properties": {"pipe_code": "YMH-OSM-P-0031", "pipe_type": "main_line", "diameter_mm": 315, "material": "çelik", "pressure_level": "medium", "operating_pressure_bar": 4.0, "status": "aktif", "install_year": 2019, "district": "Yenimahalle", "source": "synthetic_demo_yenimahalle_osm_20260721", "osm_highway": "secondary", "road_name": "Süleyman Şah Caddesi", "synthetic_notice": "Gerçek altyapı değildir; eğitim ve demo amaçlı sentetik veridir."}, "geometry": {"type": "MultiLineString", "coordinates": [[[32.7635914, 39.9860269], [32.7656692, 39.9860115], [32.7657614, 39.9860041], [32.7657884, 39.9860013], [32.7658912, 39.9859906]]]}}, {"type": "Feature", "properties": {"pipe_code": "YMH-OSM-P-0032", "pipe_type": "main_line", "diameter_mm": 400, "material": "çelik", "pressure_level": "medium", "operating_pressure_bar": 4.0, "status": "aktif", "install_year": 1998, "district": "Yenimahalle", "source": "synthetic_demo_yenimahalle_osm_20260721", "osm_highway": "secondary", "road_name": "1122. Cadde", "synthetic_notice": "Gerçek altyapı değildir; eğitim ve demo amaçlı sentetik veridir."}, "geometry": {"type": "MultiLineString", "coordinates": [[[32.7387938, 39.9896681], [32.7389211, 39.989528], [32.7389558, 39.989504], [32.7391135, 39.9893945]]]}}, {"type": "Feature", "properties": {"pipe_code": "YMH-OSM-P-0033", "pipe_type": "main_line", "diameter_mm": 250, "material": "çelik", "pressure_level": "medium", "operating_pressure_bar": 4.0, "status": "aktif", "install_year": 2005, "district": "Yenimahalle", "source": "synthetic_demo_yenimahalle_osm_20260721", "osm_highway": "secondary", "road_name": "1122. Cadde", "synthetic_notice": "Gerçek altyapı değildir; eğitim ve demo amaçlı sentetik veridir."}, "geometry": {"type": "MultiLineString", "coordinates": [[[32.7387938, 39.9896681], [32.7381751, 39.9901044], [32.7378885, 39.9903006], [32.7376453, 39.9904605], [32.737431, 39.9906013], [32.736686, 39.9910908], [32.7359809, 39.9915663], [32.7353013, 39.9920246], [32.7351927, 39.9920979], [32.7349797, 39.9922415], [32.7347748, 39.9923923], [32.7346239, 39.9925034], [32.7345433, 39.9925628], [32.7344949, 39.9925984], [32.7343061, 39.9929448], [32.7340191, 39.9934712], [32.7336856, 39.9940757]]]}}, {"type": "Feature", "properties": {"pipe_code": "YMH-OSM-P-0034", "pipe_type": "main_line", "diameter_mm": 315, "material": "çelik", "pressure_level": "medium", "operating_pressure_bar": 4.0, "status": "aktif", "install_year": 2012, "district": "Yenimahalle", "source": "synthetic_demo_yenimahalle_osm_20260721", "osm_highway": "secondary", "road_name": "Adsız yol", "synthetic_notice": "Gerçek altyapı değildir; eğitim ve demo amaçlı sentetik veridir."}, "geometry": {"type": "MultiLineString", "coordinates": [[[32.7333585, 39.9947492], [32.7336856, 39.9940757]]]}}, {"type": "Feature", "properties": {"pipe_code": "YMH-OSM-P-0035", "pipe_type": "main_line", "diameter_mm": 400, "material": "çelik", "pressure_level": "medium", "operating_pressure_bar": 4.0, "status": "aktif", "install_year": 2019, "district": "Yenimahalle", "source": "synthetic_demo_yenimahalle_osm_20260721", "osm_highway": "secondary", "road_name": "Adsız yol", "synthetic_notice": "Gerçek altyapı değildir; eğitim ve demo amaçlı sentetik veridir."}, "geometry": {"type": "MultiLineString", "coordinates": [[[32.7333585, 39.9947492], [32.7330789, 39.9953184], [32.7328709, 39.9957385], [32.7320713, 39.9968544], [32.7319803, 39.99697], [32.7319274, 39.9970911], [32.7312762, 39.9985829]]]}}, {"type": "Feature", "properties": {"pipe_code": "YMH-OSM-P-0036", "pipe_type": "main_line", "diameter_mm": 250, "material": "çelik", "pressure_level": "medium", "operating_pressure_bar": 4.0, "status": "aktif", "install_year": 1998, "district": "Yenimahalle", "source": "synthetic_demo_yenimahalle_osm_20260721", "osm_highway": "secondary", "road_name": "Adsız yol", "synthetic_notice": "Gerçek altyapı değildir; eğitim ve demo amaçlı sentetik veridir."}, "geometry": {"type": "MultiLineString", "coordinates": [[[32.7378153, 40.0072593], [32.7324791, 40.0064257], [32.7317506, 40.0062468], [32.7313022, 40.0059606], [32.7308446, 40.0054312], [32.7293875, 40.0031347], [32.7293222, 40.0028914], [32.7293365, 40.0028411], [32.7305699, 40.0001596], [32.7312762, 39.9985829]]]}}, {"type": "Feature", "properties": {"pipe_code": "YMH-OSM-P-0037", "pipe_type": "main_line", "diameter_mm": 315, "material": "çelik", "pressure_level": "medium", "operating_pressure_bar": 4.0, "status": "aktif", "install_year": 2005, "district": "Yenimahalle", "source": "synthetic_demo_yenimahalle_osm_20260721", "osm_highway": "secondary", "road_name": "Adsız yol", "synthetic_notice": "Gerçek altyapı değildir; eğitim ve demo amaçlı sentetik veridir."}, "geometry": {"type": "MultiLineString", "coordinates": [[[32.751073, 40.0057937], [32.75033, 40.0063119], [32.7495355, 40.0067036], [32.7486274, 40.0071549], [32.7462462, 40.0083985], [32.7461076, 40.0084199], [32.7459655, 40.0084114], [32.7452, 40.0083024], [32.7446496, 40.0082088], [32.7421726, 40.0077876], [32.7384644, 40.0071578], [32.7380822, 40.0071688], [32.7378153, 40.0072593]]]}}, {"type": "Feature", "properties": {"pipe_code": "YMH-OSM-P-0038", "pipe_type": "main_line", "diameter_mm": 400, "material": "çelik", "pressure_level": "medium", "operating_pressure_bar": 4.0, "status": "aktif", "install_year": 2012, "district": "Yenimahalle", "source": "synthetic_demo_yenimahalle_osm_20260721", "osm_highway": "secondary", "road_name": "1122. Cadde", "synthetic_notice": "Gerçek altyapı değildir; eğitim ve demo amaçlı sentetik veridir."}, "geometry": {"type": "MultiLineString", "coordinates": [[[32.7391907, 39.98946], [32.7390439, 39.9895715], [32.73903, 39.9895821], [32.7387938, 39.9896681]]]}}, {"type": "Feature", "properties": {"pipe_code": "YMH-OSM-P-0039", "pipe_type": "main_line", "diameter_mm": 250, "material": "çelik", "pressure_level": "medium", "operating_pressure_bar": 4.0, "status": "aktif", "install_year": 2019, "district": "Yenimahalle", "source": "synthetic_demo_yenimahalle_osm_20260721", "osm_highway": "secondary", "road_name": "1122. Cadde", "synthetic_notice": "Gerçek altyapı değildir; eğitim ve demo amaçlı sentetik veridir."}, "geometry": {"type": "MultiLineString", "coordinates": [[[32.73926, 39.9892816], [32.7394406, 39.9891661], [32.739458, 39.989155], [32.7396427, 39.9890906]]]}}, {"type": "Feature", "properties": {"pipe_code": "YMH-OSM-P-0040", "pipe_type": "main_line", "diameter_mm": 315, "material": "çelik", "pressure_level": "medium", "operating_pressure_bar": 4.0, "status": "aktif", "install_year": 1998, "district": "Yenimahalle", "source": "synthetic_demo_yenimahalle_osm_20260721", "osm_highway": "secondary", "road_name": "1122. Cadde", "synthetic_notice": "Gerçek altyapı değildir; eğitim ve demo amaçlı sentetik veridir."}, "geometry": {"type": "MultiLineString", "coordinates": [[[32.7396427, 39.9890906], [32.7398783, 39.9889408], [32.7407712, 39.9883731], [32.7412757, 39.9880524], [32.7417594, 39.9876634], [32.7420656, 39.9873141], [32.7423965, 39.9868935], [32.7424496, 39.9868393], [32.7425833, 39.9867027]]]}}, {"type": "Feature", "properties": {"pipe_code": "YMH-OSM-P-0041", "pipe_type": "main_line", "diameter_mm": 400, "material": "çelik", "pressure_level": "medium", "operating_pressure_bar": 4.0, "status": "bakımda", "install_year": 2005, "district": "Yenimahalle", "source": "synthetic_demo_yenimahalle_osm_20260721", "osm_highway": "secondary", "road_name": "Adsız yol", "synthetic_notice": "Gerçek altyapı değildir; eğitim ve demo amaçlı sentetik veridir."}, "geometry": {"type": "MultiLineString", "coordinates": [[[32.7429273, 39.9864471], [32.7425833, 39.9867027]]]}}, {"type": "Feature", "properties": {"pipe_code": "YMH-OSM-P-0042", "pipe_type": "main_line", "diameter_mm": 250, "material": "çelik", "pressure_level": "medium", "operating_pressure_bar": 4.0, "status": "aktif", "install_year": 2012, "district": "Yenimahalle", "source": "synthetic_demo_yenimahalle_osm_20260721", "osm_highway": "secondary", "road_name": "1354. Cadde", "synthetic_notice": "Gerçek altyapı değildir; eğitim ve demo amaçlı sentetik veridir."}, "geometry": {"type": "MultiLineString", "coordinates": [[[32.7453048, 39.9861431], [32.7451341, 39.9861599], [32.7430078, 39.9863985], [32.7429652, 39.9864336], [32.7429273, 39.9864471]]]}}, {"type": "Feature", "properties": {"pipe_code": "YMH-OSM-P-0043", "pipe_type": "main_line", "diameter_mm": 315, "material": "çelik", "pressure_level": "medium", "operating_pressure_bar": 4.0, "status": "aktif", "install_year": 2019, "district": "Yenimahalle", "source": "synthetic_demo_yenimahalle_osm_20260721", "osm_highway": "secondary", "road_name": "1354. Cadde", "synthetic_notice": "Gerçek altyapı değildir; eğitim ve demo amaçlı sentetik veridir."}, "geometry": {"type": "MultiLineString", "coordinates": [[[32.7473452, 39.9858818], [32.7468543, 39.9859752], [32.7466901, 39.9859916], [32.7453048, 39.9861431]]]}}, {"type": "Feature", "properties": {"pipe_code": "YMH-OSM-P-0044", "pipe_type": "main_line", "diameter_mm": 400, "material": "çelik", "pressure_level": "medium", "operating_pressure_bar": 4.0, "status": "aktif", "install_year": 1998, "district": "Yenimahalle", "source": "synthetic_demo_yenimahalle_osm_20260721", "osm_highway": "secondary", "road_name": "1354. Cadde", "synthetic_notice": "Gerçek altyapı değildir; eğitim ve demo amaçlı sentetik veridir."}, "geometry": {"type": "MultiLineString", "coordinates": [[[32.7473452, 39.9858818], [32.7478084, 39.9859885], [32.748634, 39.9862889], [32.7491212, 39.9867193], [32.7498272, 39.9873431], [32.7503811, 39.9878324], [32.7507301, 39.9881407], [32.7509754, 39.9883574], [32.751948, 39.9892239], [32.7521151, 39.9893704]]]}}, {"type": "Feature", "properties": {"pipe_code": "YMH-OSM-P-0045", "pipe_type": "main_line", "diameter_mm": 250, "material": "çelik", "pressure_level": "medium", "operating_pressure_bar": 4.0, "status": "aktif", "install_year": 2005, "district": "Yenimahalle", "source": "synthetic_demo_yenimahalle_osm_20260721", "osm_highway": "secondary", "road_name": "1354. Cadde", "synthetic_notice": "Gerçek altyapı değildir; eğitim ve demo amaçlı sentetik veridir."}, "geometry": {"type": "MultiLineString", "coordinates": [[[32.745468, 39.9860427], [32.745929, 39.9859672], [32.7466846, 39.9858683], [32.7467413, 39.9858587], [32.7468515, 39.9858499], [32.7473452, 39.9858818]]]}}, {"type": "Feature", "properties": {"pipe_code": "YMH-OSM-P-0046", "pipe_type": "main_line", "diameter_mm": 315, "material": "çelik", "pressure_level": "medium", "operating_pressure_bar": 4.0, "status": "aktif", "install_year": 2012, "district": "Yenimahalle", "source": "synthetic_demo_yenimahalle_osm_20260721", "osm_highway": "secondary", "road_name": "1354. Cadde", "synthetic_notice": "Gerçek altyapı değildir; eğitim ve demo amaçlı sentetik veridir."}, "geometry": {"type": "MultiLineString", "coordinates": [[[32.7430083, 39.9862869], [32.7431525, 39.9862658], [32.744178, 39.9861611], [32.7451824, 39.9860588], [32.745468, 39.9860427]]]}}, {"type": "Feature", "properties": {"pipe_code": "YMH-OSM-P-0047", "pipe_type": "main_line", "diameter_mm": 400, "material": "çelik", "pressure_level": "medium", "operating_pressure_bar": 4.0, "status": "aktif", "install_year": 2019, "district": "Yenimahalle", "source": "synthetic_demo_yenimahalle_osm_20260721", "osm_highway": "secondary", "road_name": "Adsız yol", "synthetic_notice": "Gerçek altyapı değildir; eğitim ve demo amaçlı sentetik veridir."}, "geometry": {"type": "MultiLineString", "coordinates": [[[32.7471103, 39.9848815], [32.7464245, 39.9853869], [32.7458514, 39.9857933], [32.7457223, 39.9858849], [32.745468, 39.9860427]]]}}, {"type": "Feature", "properties": {"pipe_code": "YMH-OSM-P-0048", "pipe_type": "main_line", "diameter_mm": 250, "material": "çelik", "pressure_level": "medium", "operating_pressure_bar": 4.0, "status": "aktif", "install_year": 1998, "district": "Yenimahalle", "source": "synthetic_demo_yenimahalle_osm_20260721", "osm_highway": "secondary", "road_name": "Adsız yol", "synthetic_notice": "Gerçek altyapı değildir; eğitim ve demo amaçlı sentetik veridir."}, "geometry": {"type": "MultiLineString", "coordinates": [[[32.7520763, 39.9898019], [32.7522748, 39.9895992], [32.7523723, 39.9895343]]]}}, {"type": "Feature", "properties": {"pipe_code": "YMH-OSM-P-0049", "pipe_type": "main_line", "diameter_mm": 315, "material": "çelik", "pressure_level": "medium", "operating_pressure_bar": 4.0, "status": "aktif", "install_year": 2005, "district": "Yenimahalle", "source": "synthetic_demo_yenimahalle_osm_20260721", "osm_highway": "secondary", "road_name": "22. Cadde", "synthetic_notice": "Gerçek altyapı değildir; eğitim ve demo amaçlı sentetik veridir."}, "geometry": {"type": "MultiLineString", "coordinates": [[[32.7425833, 39.9867027], [32.742776, 39.9864004]]]}}, {"type": "Feature", "properties": {"pipe_code": "YMH-OSM-P-0050", "pipe_type": "main_line", "diameter_mm": 400, "material": "çelik", "pressure_level": "medium", "operating_pressure_bar": 4.0, "status": "aktif", "install_year": 2012, "district": "Yenimahalle", "source": "synthetic_demo_yenimahalle_osm_20260721", "osm_highway": "secondary", "road_name": "1122. Cadde", "synthetic_notice": "Gerçek altyapı değildir; eğitim ve demo amaçlı sentetik veridir."}, "geometry": {"type": "MultiLineString", "coordinates": [[[32.7396427, 39.9890906], [32.7395605, 39.9891968], [32.7395389, 39.989215], [32.7395131, 39.9892307], [32.7393523, 39.9893279]]]}}, {"type": "Feature", "properties": {"pipe_code": "YMH-OSM-P-0051", "pipe_type": "main_line", "diameter_mm": 250, "material": "çelik", "pressure_level": "medium", "operating_pressure_bar": 4.0, "status": "aktif", "install_year": 2019, "district": "Yenimahalle", "source": "synthetic_demo_yenimahalle_osm_20260721", "osm_highway": "secondary", "road_name": "1354. Cadde", "synthetic_notice": "Gerçek altyapı değildir; eğitim ve demo amaçlı sentetik veridir."}, "geometry": {"type": "MultiLineString", "coordinates": [[[32.7522748, 39.9895992], [32.7521151, 39.9893704]]]}}, {"type": "Feature", "properties": {"pipe_code": "YMH-OSM-P-0052", "pipe_type": "main_line", "diameter_mm": 315, "material": "çelik", "pressure_level": "medium", "operating_pressure_bar": 4.0, "status": "aktif", "install_year": 1998, "district": "Yenimahalle", "source": "synthetic_demo_yenimahalle_osm_20260721", "osm_highway": "secondary", "road_name": "1354. Cadde", "synthetic_notice": "Gerçek altyapı değildir; eğitim ve demo amaçlı sentetik veridir."}, "geometry": {"type": "MultiLineString", "coordinates": [[[32.7521151, 39.9893704], [32.7523723, 39.9895343]]]}}, {"type": "Feature", "properties": {"pipe_code": "YMH-OSM-P-0053", "pipe_type": "main_line", "diameter_mm": 400, "material": "çelik", "pressure_level": "medium", "operating_pressure_bar": 4.0, "status": "aktif", "install_year": 2005, "district": "Yenimahalle", "source": "synthetic_demo_yenimahalle_osm_20260721", "osm_highway": "secondary", "road_name": "Adsız yol", "synthetic_notice": "Gerçek altyapı değildir; eğitim ve demo amaçlı sentetik veridir."}, "geometry": {"type": "MultiLineString", "coordinates": [[[32.7676355, 40.0000538], [32.767636, 40.0000829], [32.7676371, 40.0001604], [32.7676391, 40.0002928]]]}}, {"type": "Feature", "properties": {"pipe_code": "YMH-OSM-P-0054", "pipe_type": "main_line", "diameter_mm": 250, "material": "çelik", "pressure_level": "medium", "operating_pressure_bar": 4.0, "status": "aktif", "install_year": 2012, "district": "Yenimahalle", "source": "synthetic_demo_yenimahalle_osm_20260721", "osm_highway": "secondary", "road_name": "Adsız yol", "synthetic_notice": "Gerçek altyapı değildir; eğitim ve demo amaçlı sentetik veridir."}, "geometry": {"type": "MultiLineString", "coordinates": [[[32.7676478, 39.9951785], [32.7676434, 39.995345], [32.7676393, 39.9956175], [32.7676434, 39.9958573], [32.7676515, 39.9959616], [32.7676596, 39.9960348], [32.7677064, 39.9963868], [32.7677027, 39.9964898], [32.7677043, 39.9966827], [32.7676881, 39.9967683], [32.7676759, 39.9968477], [32.7676617, 39.9969567], [32.7676556, 39.9970922], [32.7676515, 39.9971623], [32.7676213, 39.9992195], [32.7676355, 40.0000538]]]}}, {"type": "Feature", "properties": {"pipe_code": "YMH-OSM-P-0055", "pipe_type": "main_line", "diameter_mm": 315, "material": "çelik", "pressure_level": "medium", "operating_pressure_bar": 4.0, "status": "aktif", "install_year": 2019, "district": "Yenimahalle", "source": "synthetic_demo_yenimahalle_osm_20260721", "osm_highway": "secondary", "road_name": "Adsız yol", "synthetic_notice": "Gerçek altyapı değildir; eğitim ve demo amaçlı sentetik veridir."}, "geometry": {"type": "MultiLineString", "coordinates": [[[32.7523723, 39.9895343], [32.75239, 39.9895238], [32.7526323, 39.9894095]]]}}, {"type": "Feature", "properties": {"pipe_code": "YMH-OSM-P-0056", "pipe_type": "main_line", "diameter_mm": 400, "material": "çelik", "pressure_level": "medium", "operating_pressure_bar": 4.0, "status": "aktif", "install_year": 1998, "district": "Yenimahalle", "source": "synthetic_demo_yenimahalle_osm_20260721", "osm_highway": "secondary", "road_name": "Adsız yol", "synthetic_notice": "Gerçek altyapı değildir; eğitim ve demo amaçlı sentetik veridir."}, "geometry": {"type": "MultiLineString", "coordinates": [[[32.7676437, 39.9950007], [32.767681, 39.9950257], [32.7677041, 39.9950593], [32.7677101, 39.995097], [32.7677045, 39.995121], [32.7676917, 39.9951434], [32.7676724, 39.9951629], [32.7676478, 39.9951785]]]}}, {"type": "Feature", "properties": {"pipe_code": "YMH-OSM-P-0057", "pipe_type": "main_line", "diameter_mm": 250, "material": "çelik", "pressure_level": "medium", "operating_pressure_bar": 4.0, "status": "aktif", "install_year": 2005, "district": "Yenimahalle", "source": "synthetic_demo_yenimahalle_osm_20260721", "osm_highway": "secondary", "road_name": "Adsız yol", "synthetic_notice": "Gerçek altyapı değildir; eğitim ve demo amaçlı sentetik veridir."}, "geometry": {"type": "MultiLineString", "coordinates": [[[32.7685709, 39.989217], [32.7684883, 39.9892744], [32.7684719, 39.9893091], [32.7684422, 39.9893719], [32.7683993, 39.9894952], [32.7683429, 39.9897028], [32.7680728, 39.990912], [32.7680372, 39.9910714], [32.7677877, 39.992216], [32.7677606, 39.9923465], [32.7677429, 39.9925119], [32.7677057, 39.9928034], [32.7676875, 39.9934327], [32.7676751, 39.9938581], [32.7676686, 39.9940832], [32.7676491, 39.9948424], [32.7676437, 39.9950007]]]}}, {"type": "Feature", "properties": {"pipe_code": "YMH-OSM-P-0058", "pipe_type": "main_line", "diameter_mm": 315, "material": "çelik", "pressure_level": "medium", "operating_pressure_bar": 4.0, "status": "aktif", "install_year": 2012, "district": "Yenimahalle", "source": "synthetic_demo_yenimahalle_osm_20260721", "osm_highway": "secondary", "road_name": "1489. Cadde", "synthetic_notice": "Gerçek altyapı değildir; eğitim ve demo amaçlı sentetik veridir."}, "geometry": {"type": "MultiLineString", "coordinates": [[[32.7692324, 39.9889421], [32.7685709, 39.989217]]]}}, {"type": "Feature", "properties": {"pipe_code": "YMH-OSM-P-0059", "pipe_type": "main_line", "diameter_mm": 400, "material": "çelik", "pressure_level": "medium", "operating_pressure_bar": 4.0, "status": "aktif", "install_year": 2019, "district": "Yenimahalle", "source": "synthetic_demo_yenimahalle_osm_20260721", "osm_highway": "secondary", "road_name": "1489. Cadde", "synthetic_notice": "Gerçek altyapı değildir; eğitim ve demo amaçlı sentetik veridir."}, "geometry": {"type": "MultiLineString", "coordinates": [[[32.7692324, 39.9889421], [32.7700362, 39.9887431], [32.7705801, 39.988642], [32.7708525, 39.9885913], [32.7710113, 39.9885609], [32.7712331, 39.9885143], [32.7713872, 39.9884696], [32.7715273, 39.9884249], [32.7716487, 39.988382]]]}}, {"type": "Feature", "properties": {"pipe_code": "YMH-OSM-P-0060", "pipe_type": "main_line", "diameter_mm": 250, "material": "çelik", "pressure_level": "medium", "operating_pressure_bar": 4.0, "status": "aktif", "install_year": 1998, "district": "Yenimahalle", "source": "synthetic_demo_yenimahalle_osm_20260721", "osm_highway": "secondary", "road_name": "1489. Cadde", "synthetic_notice": "Gerçek altyapı değildir; eğitim ve demo amaçlı sentetik veridir."}, "geometry": {"type": "MultiLineString", "coordinates": [[[32.7716487, 39.988382], [32.771947, 39.9882105], [32.7721439, 39.9880658], [32.7722007, 39.9880299], [32.7725016, 39.9877956]]]}}, {"type": "Feature", "properties": {"pipe_code": "YMH-OSM-P-0061", "pipe_type": "main_line", "diameter_mm": 315, "material": "çelik", "pressure_level": "medium", "operating_pressure_bar": 4.0, "status": "aktif", "install_year": 2005, "district": "Yenimahalle", "source": "synthetic_demo_yenimahalle_osm_20260721", "osm_highway": "secondary", "road_name": "1489. Cadde", "synthetic_notice": "Gerçek altyapı değildir; eğitim ve demo amaçlı sentetik veridir."}, "geometry": {"type": "MultiLineString", "coordinates": [[[32.7725892, 39.9880771], [32.7721704, 39.9882281], [32.7716487, 39.988382]]]}}, {"type": "Feature", "properties": {"pipe_code": "YMH-OSM-P-0062", "pipe_type": "main_line", "diameter_mm": 400, "material": "çelik", "pressure_level": "medium", "operating_pressure_bar": 4.0, "status": "aktif", "install_year": 2012, "district": "Yenimahalle", "source": "synthetic_demo_yenimahalle_osm_20260721", "osm_highway": "secondary", "road_name": "1489. Cadde", "synthetic_notice": "Gerçek altyapı değildir; eğitim ve demo amaçlı sentetik veridir."}, "geometry": {"type": "MultiLineString", "coordinates": [[[32.7731618, 39.9873783], [32.7730996, 39.987487], [32.7728419, 39.9877952], [32.7725892, 39.9880771]]]}}, {"type": "Feature", "properties": {"pipe_code": "YMH-OSM-P-0063", "pipe_type": "main_line", "diameter_mm": 250, "material": "çelik", "pressure_level": "medium", "operating_pressure_bar": 4.0, "status": "aktif", "install_year": 2019, "district": "Yenimahalle", "source": "synthetic_demo_yenimahalle_osm_20260721", "osm_highway": "secondary", "road_name": "1489. Cadde", "synthetic_notice": "Gerçek altyapı değildir; eğitim ve demo amaçlı sentetik veridir."}, "geometry": {"type": "MultiLineString", "coordinates": [[[32.7725016, 39.9877956], [32.7725684, 39.9877346], [32.7726811, 39.9876662], [32.7729844, 39.987491], [32.7731618, 39.9873783]]]}}, {"type": "Feature", "properties": {"pipe_code": "YMH-OSM-P-0064", "pipe_type": "main_line", "diameter_mm": 315, "material": "çelik", "pressure_level": "medium", "operating_pressure_bar": 4.0, "status": "aktif", "install_year": 1998, "district": "Yenimahalle", "source": "synthetic_demo_yenimahalle_osm_20260721", "osm_highway": "secondary", "road_name": "1489. Cadde", "synthetic_notice": "Gerçek altyapı değildir; eğitim ve demo amaçlı sentetik veridir."}, "geometry": {"type": "MultiLineString", "coordinates": [[[32.7731618, 39.9873783], [32.773385, 39.9872005], [32.7736473, 39.9869828]]]}}, {"type": "Feature", "properties": {"pipe_code": "YMH-OSM-P-0065", "pipe_type": "main_line", "diameter_mm": 400, "material": "çelik", "pressure_level": "medium", "operating_pressure_bar": 4.0, "status": "aktif", "install_year": 2005, "district": "Yenimahalle", "source": "synthetic_demo_yenimahalle_osm_20260721", "osm_highway": "secondary", "road_name": "1489. Cadde", "synthetic_notice": "Gerçek altyapı değildir; eğitim ve demo amaçlı sentetik veridir."}, "geometry": {"type": "MultiLineString", "coordinates": [[[32.7736473, 39.9869828], [32.7738064, 39.9869519], [32.7744537, 39.9868796], [32.7747329, 39.9868458], [32.7756481, 39.9867068], [32.7758696, 39.9867619]]]}}, {"type": "Feature", "properties": {"pipe_code": "YMH-OSM-P-0066", "pipe_type": "main_line", "diameter_mm": 250, "material": "çelik", "pressure_level": "medium", "operating_pressure_bar": 4.0, "status": "aktif", "install_year": 2012, "district": "Yenimahalle", "source": "synthetic_demo_yenimahalle_osm_20260721", "osm_highway": "secondary", "road_name": "İvedik Caddesi", "synthetic_notice": "Gerçek altyapı değildir; eğitim ve demo amaçlı sentetik veridir."}, "geometry": {"type": "MultiLineString", "coordinates": [[[32.7785335, 40.0000002], [32.7782528, 39.9995924], [32.7775671, 39.9984244], [32.7774136, 39.998178], [32.7773226, 39.9980043], [32.777272, 39.9978931], [32.7772295, 39.9977572], [32.7771986, 39.9975959], [32.7771937, 39.9975475], [32.777098, 39.9966109], [32.7770617, 39.9963353], [32.7770245, 39.9960685], [32.7769571, 39.9956399], [32.7768546, 39.9950267], [32.7768341, 39.9949366], [32.7767728, 39.9947027], [32.7765808, 39.9939602], [32.7763686, 39.9932093], [32.7763003, 39.9929952], [32.7761272, 39.9925195], [32.7760573, 39.9922977], [32.7759943, 39.9920814], [32.7759313, 39.9918022], [32.7757586, 39.9910372], [32.7757082, 39.99075], [32.7756858, 39.9905979], [32.7756872, 39.9902203], [32.7756975, 39.9900174], [32.7757948, 39.9893629], [32.7758377, 39.9890746], [32.7758492, 39.9889852], [32.7758772, 39.9887731], [32.7759527, 39.987823], [32.7758696, 39.9867619]]]}}, {"type": "Feature", "properties": {"pipe_code": "YMH-OSM-P-0067", "pipe_type": "main_line", "diameter_mm": 315, "material": "çelik", "pressure_level": "medium", "operating_pressure_bar": 4.0, "status": "pasif", "install_year": 2019, "district": "Yenimahalle", "source": "synthetic_demo_yenimahalle_osm_20260721", "osm_highway": "secondary", "road_name": "İvedik Caddesi", "synthetic_notice": "Gerçek altyapı değildir; eğitim ve demo amaçlı sentetik veridir."}, "geometry": {"type": "MultiLineString", "coordinates": [[[32.7758696, 39.9867619], [32.7758436, 39.9851866]]]}}, {"type": "Feature", "properties": {"pipe_code": "YMH-OSM-P-0068", "pipe_type": "main_line", "diameter_mm": 400, "material": "çelik", "pressure_level": "medium", "operating_pressure_bar": 4.0, "status": "aktif", "install_year": 1998, "district": "Yenimahalle", "source": "synthetic_demo_yenimahalle_osm_20260721", "osm_highway": "secondary", "road_name": "İvedik Caddesi", "synthetic_notice": "Gerçek altyapı değildir; eğitim ve demo amaçlı sentetik veridir."}, "geometry": {"type": "MultiLineString", "coordinates": [[[32.7758436, 39.9851866], [32.7758679, 39.9849242], [32.7759085, 39.9846619], [32.7759537, 39.9844363], [32.7760499, 39.98411], [32.7760893, 39.9839849], [32.7761583, 39.9838042], [32.7761845, 39.9837472], [32.7762808, 39.9835381], [32.7764203, 39.9833156], [32.7765876, 39.9830471], [32.7767728, 39.982729], [32.7769267, 39.9824646], [32.7769904, 39.9823497], [32.7772201, 39.9819669], [32.777793, 39.9811239], [32.7780344, 39.9807651], [32.7784013, 39.9801985]]]}}, {"type": "Feature", "properties": {"pipe_code": "YMH-OSM-P-0069", "pipe_type": "main_line", "diameter_mm": 250, "material": "çelik", "pressure_level": "medium", "operating_pressure_bar": 4.0, "status": "aktif", "install_year": 2005, "district": "Yenimahalle", "source": "synthetic_demo_yenimahalle_osm_20260721", "osm_highway": "secondary", "road_name": "Vatan Caddesi", "synthetic_notice": "Gerçek altyapı değildir; eğitim ve demo amaçlı sentetik veridir."}, "geometry": {"type": "MultiLineString", "coordinates": [[[32.7784013, 39.9801985], [32.7781192, 39.9797822], [32.7776877, 39.9792025], [32.7775054, 39.9789576], [32.7772568, 39.9786255], [32.7767069, 39.9778908], [32.7761711, 39.9771747], [32.7760539, 39.9770278], [32.7753221, 39.9759917], [32.775056, 39.9756497], [32.7750191, 39.9755933], [32.7749782, 39.9755264], [32.7749302, 39.9754384], [32.7748944, 39.975359], [32.7748721, 39.9752877], [32.7748582, 39.9752292], [32.7748525, 39.9751564], [32.7748609, 39.9750591], [32.7748758, 39.9749919], [32.7749068, 39.9748796], [32.7749485, 39.9747859], [32.7750375, 39.9745969], [32.7750572, 39.9745551], [32.7750629, 39.974543], [32.7751249, 39.974443]]]}}, {"type": "Feature", "properties": {"pipe_code": "YMH-OSM-P-0070", "pipe_type": "main_line", "diameter_mm": 315, "material": "çelik", "pressure_level": "medium", "operating_pressure_bar": 4.0, "status": "aktif", "install_year": 2012, "district": "Yenimahalle", "source": "synthetic_demo_yenimahalle_osm_20260721", "osm_highway": "secondary", "road_name": "1489. Cadde", "synthetic_notice": "Gerçek altyapı değildir; eğitim ve demo amaçlı sentetik veridir."}, "geometry": {"type": "MultiLineString", "coordinates": [[[32.7758696, 39.9867619], [32.7756577, 39.9868519], [32.7747446, 39.9869569]]]}}, {"type": "Feature", "properties": {"pipe_code": "YMH-OSM-P-0071", "pipe_type": "main_line", "diameter_mm": 400, "material": "çelik", "pressure_level": "medium", "operating_pressure_bar": 4.0, "status": "aktif", "install_year": 2019, "district": "Yenimahalle", "source": "synthetic_demo_yenimahalle_osm_20260721", "osm_highway": "secondary", "road_name": "İvedik Caddesi", "synthetic_notice": "Gerçek altyapı değildir; eğitim ve demo amaçlı sentetik veridir."}, "geometry": {"type": "MultiLineString", "coordinates": [[[32.7790956, 40.0007569], [32.7790374, 40.000678], [32.7788082, 40.0003812], [32.7786653, 40.0001916], [32.7785962, 40.0000913], [32.7785335, 40.0000002]]]}}, {"type": "Feature", "properties": {"pipe_code": "YMH-OSM-P-0072", "pipe_type": "main_line", "diameter_mm": 250, "material": "çelik", "pressure_level": "medium", "operating_pressure_bar": 4.0, "status": "aktif", "install_year": 1998, "district": "Yenimahalle", "source": "synthetic_demo_yenimahalle_osm_20260721", "osm_highway": "secondary", "road_name": "1489. Cadde", "synthetic_notice": "Gerçek altyapı değildir; eğitim ve demo amaçlı sentetik veridir."}, "geometry": {"type": "MultiLineString", "coordinates": [[[32.7747446, 39.9869569], [32.7744893, 39.9869862], [32.7738017, 39.9870457], [32.7736473, 39.9869828]]]}}, {"type": "Feature", "properties": {"pipe_code": "YMH-OSM-P-0073", "pipe_type": "main_line", "diameter_mm": 315, "material": "çelik", "pressure_level": "medium", "operating_pressure_bar": 4.0, "status": "aktif", "install_year": 2005, "district": "Yenimahalle", "source": "synthetic_demo_yenimahalle_osm_20260721", "osm_highway": "secondary", "road_name": "Adsız yol", "synthetic_notice": "Gerçek altyapı değildir; eğitim ve demo amaçlı sentetik veridir."}, "geometry": {"type": "MultiLineString", "coordinates": [[[32.7759195, 39.97436], [32.7755751, 39.9744007], [32.7755301, 39.974406], [32.7754012, 39.9744213], [32.7752238, 39.9744352], [32.7751249, 39.974443]]]}}, {"type": "Feature", "properties": {"pipe_code": "YMH-OSM-P-0074", "pipe_type": "main_line", "diameter_mm": 400, "material": "çelik", "pressure_level": "medium", "operating_pressure_bar": 4.0, "status": "aktif", "install_year": 2012, "district": "Yenimahalle", "source": "synthetic_demo_yenimahalle_osm_20260721", "osm_highway": "secondary", "road_name": "Adsız yol", "synthetic_notice": "Gerçek altyapı değildir; eğitim ve demo amaçlı sentetik veridir."}, "geometry": {"type": "MultiLineString", "coordinates": [[[32.7752111, 39.9743174], [32.7753902, 39.9743112], [32.7754675, 39.9743084], [32.7755833, 39.9743184], [32.7757481, 39.9743327], [32.7757776, 39.9743353], [32.7759195, 39.97436]]]}}, {"type": "Feature", "properties": {"pipe_code": "YMH-OSM-P-0075", "pipe_type": "main_line", "diameter_mm": 250, "material": "çelik", "pressure_level": "medium", "operating_pressure_bar": 4.0, "status": "aktif", "install_year": 2019, "district": "Yenimahalle", "source": "synthetic_demo_yenimahalle_osm_20260721", "osm_highway": "secondary", "road_name": "Vatan Caddesi", "synthetic_notice": "Gerçek altyapı değildir; eğitim ve demo amaçlı sentetik veridir."}, "geometry": {"type": "MultiLineString", "coordinates": [[[32.7752111, 39.9743174], [32.7752943, 39.9742248], [32.7753569, 39.9741553], [32.7753929, 39.9741153], [32.7754584, 39.9740348], [32.7756865, 39.9737113], [32.7759259, 39.973371], [32.7764881, 39.9725994], [32.7774775, 39.9711946]]]}}, {"type": "Feature", "properties": {"pipe_code": "YMH-OSM-P-0076", "pipe_type": "main_line", "diameter_mm": 315, "material": "çelik", "pressure_level": "medium", "operating_pressure_bar": 4.0, "status": "aktif", "install_year": 1998, "district": "Yenimahalle", "source": "synthetic_demo_yenimahalle_osm_20260721", "osm_highway": "secondary", "road_name": "Vatan Caddesi", "synthetic_notice": "Gerçek altyapı değildir; eğitim ve demo amaçlı sentetik veridir."}, "geometry": {"type": "MultiLineString", "coordinates": [[[32.7774775, 39.9711946], [32.7775702, 39.9710556], [32.7776843, 39.9708858], [32.777741, 39.9708232], [32.7777635, 39.9707984], [32.7778811, 39.9706686]]]}}, {"type": "Feature", "properties": {"pipe_code": "YMH-OSM-P-0077", "pipe_type": "main_line", "diameter_mm": 400, "material": "çelik", "pressure_level": "medium", "operating_pressure_bar": 4.0, "status": "aktif", "install_year": 2005, "district": "Yenimahalle", "source": "synthetic_demo_yenimahalle_osm_20260721", "osm_highway": "secondary", "road_name": "313. Cadde", "synthetic_notice": "Gerçek altyapı değildir; eğitim ve demo amaçlı sentetik veridir."}, "geometry": {"type": "MultiLineString", "coordinates": [[[32.7778811, 39.9706686], [32.7777104, 39.9706863], [32.7776054, 39.9706972], [32.7771194, 39.9707423]]]}}, {"type": "Feature", "properties": {"pipe_code": "YMH-OSM-P-0078", "pipe_type": "main_line", "diameter_mm": 250, "material": "çelik", "pressure_level": "medium", "operating_pressure_bar": 4.0, "status": "aktif", "install_year": 2012, "district": "Yenimahalle", "source": "synthetic_demo_yenimahalle_osm_20260721", "osm_highway": "secondary", "road_name": "313. Cadde", "synthetic_notice": "Gerçek altyapı değildir; eğitim ve demo amaçlı sentetik veridir."}, "geometry": {"type": "MultiLineString", "coordinates": [[[32.7771194, 39.9707423], [32.7760627, 39.9709441], [32.7759254, 39.970931], [32.7758486, 39.9708292], [32.7758221, 39.9702087], [32.7758165, 39.9700766]]]}}, {"type": "Feature", "properties": {"pipe_code": "YMH-OSM-P-0079", "pipe_type": "main_line", "diameter_mm": 315, "material": "çelik", "pressure_level": "medium", "operating_pressure_bar": 4.0, "status": "aktif", "install_year": 2019, "district": "Yenimahalle", "source": "synthetic_demo_yenimahalle_osm_20260721", "osm_highway": "secondary", "road_name": "313. Cadde", "synthetic_notice": "Gerçek altyapı değildir; eğitim ve demo amaçlı sentetik veridir."}, "geometry": {"type": "MultiLineString", "coordinates": [[[32.7771194, 39.9707423], [32.7773355, 39.970609], [32.7773981, 39.9706001], [32.77768, 39.9705598], [32.7777092, 39.9705556], [32.7779174, 39.9705258]]]}}, {"type": "Feature", "properties": {"pipe_code": "YMH-OSM-P-0080", "pipe_type": "main_line", "diameter_mm": 400, "material": "çelik", "pressure_level": "medium", "operating_pressure_bar": 4.0, "status": "aktif", "install_year": 1998, "district": "Yenimahalle", "source": "synthetic_demo_yenimahalle_osm_20260721", "osm_highway": "secondary", "road_name": "1489. Cadde", "synthetic_notice": "Gerçek altyapı değildir; eğitim ve demo amaçlı sentetik veridir."}, "geometry": {"type": "MultiLineString", "coordinates": [[[32.7685538, 39.9889961], [32.7689072, 39.98897], [32.7692324, 39.9889421]]]}}, {"type": "Feature", "properties": {"pipe_code": "YMH-OSM-P-0081", "pipe_type": "main_line", "diameter_mm": 250, "material": "çelik", "pressure_level": "medium", "operating_pressure_bar": 4.0, "status": "aktif", "install_year": 2005, "district": "Yenimahalle", "source": "synthetic_demo_yenimahalle_osm_20260721", "osm_highway": "secondary", "road_name": "Adsız yol", "synthetic_notice": "Gerçek altyapı değildir; eğitim ve demo amaçlı sentetik veridir."}, "geometry": {"type": "MultiLineString", "coordinates": [[[32.7682187, 39.9885351], [32.7683574, 39.9886416], [32.7684619, 39.9887976], [32.7685308, 39.9889075], [32.7685538, 39.9889961]]]}}, {"type": "Feature", "properties": {"pipe_code": "YMH-OSM-P-0082", "pipe_type": "main_line", "diameter_mm": 315, "material": "çelik", "pressure_level": "medium", "operating_pressure_bar": 4.0, "status": "bakımda", "install_year": 2012, "district": "Yenimahalle", "source": "synthetic_demo_yenimahalle_osm_20260721", "osm_highway": "secondary", "road_name": "Serhat Caddesi", "synthetic_notice": "Gerçek altyapı değildir; eğitim ve demo amaçlı sentetik veridir."}, "geometry": {"type": "MultiLineString", "coordinates": [[[32.7660022, 39.9858453], [32.7661645, 39.985915], [32.7663374, 39.9860251], [32.7663608, 39.9862051], [32.7669851, 39.9869115], [32.7677237, 39.9878411], [32.7678529, 39.9880038], [32.7682187, 39.9885351]]]}}, {"type": "Feature", "properties": {"pipe_code": "YMH-OSM-P-0083", "pipe_type": "main_line", "diameter_mm": 400, "material": "çelik", "pressure_level": "medium", "operating_pressure_bar": 4.0, "status": "aktif", "install_year": 2019, "district": "Yenimahalle", "source": "synthetic_demo_yenimahalle_osm_20260721", "osm_highway": "secondary", "road_name": "Serhat Caddesi", "synthetic_notice": "Gerçek altyapı değildir; eğitim ve demo amaçlı sentetik veridir."}, "geometry": {"type": "MultiLineString", "coordinates": [[[32.765617, 39.9847025], [32.7660022, 39.9858453]]]}}, {"type": "Feature", "properties": {"pipe_code": "YMH-OSM-P-0084", "pipe_type": "main_line", "diameter_mm": 250, "material": "çelik", "pressure_level": "medium", "operating_pressure_bar": 4.0, "status": "aktif", "install_year": 1998, "district": "Yenimahalle", "source": "synthetic_demo_yenimahalle_osm_20260721", "osm_highway": "secondary", "road_name": "Serhat Caddesi", "synthetic_notice": "Gerçek altyapı değildir; eğitim ve demo amaçlı sentetik veridir."}, "geometry": {"type": "MultiLineString", "coordinates": [[[32.7645099, 39.9813779], [32.764627, 39.9816528], [32.7648242, 39.9821386], [32.7648907, 39.9823227], [32.7651007, 39.9829047], [32.7651389, 39.983038], [32.7652638, 39.9834738], [32.7655246, 39.9843839], [32.765617, 39.9847025]]]}}, {"type": "Feature", "properties": {"pipe_code": "YMH-OSM-P-0085", "pipe_type": "main_line", "diameter_mm": 315, "material": "çelik", "pressure_level": "medium", "operating_pressure_bar": 4.0, "status": "aktif", "install_year": 2005, "district": "Yenimahalle", "source": "synthetic_demo_yenimahalle_osm_20260721", "osm_highway": "secondary", "road_name": "Adsız yol", "synthetic_notice": "Gerçek altyapı değildir; eğitim ve demo amaçlı sentetik veridir."}, "geometry": {"type": "MultiLineString", "coordinates": [[[32.7682883, 39.9890272], [32.7682915, 39.9889081], [32.7682858, 39.9887966], [32.7682685, 39.9887082], [32.7682187, 39.9885351]]]}}, {"type": "Feature", "properties": {"pipe_code": "YMH-OSM-P-0086", "pipe_type": "main_line", "diameter_mm": 400, "material": "çelik", "pressure_level": "medium", "operating_pressure_bar": 4.0, "status": "aktif", "install_year": 2012, "district": "Yenimahalle", "source": "synthetic_demo_yenimahalle_osm_20260721", "osm_highway": "secondary", "road_name": "Adsız yol", "synthetic_notice": "Gerçek altyapı değildir; eğitim ve demo amaçlı sentetik veridir."}, "geometry": {"type": "MultiLineString", "coordinates": [[[32.7747085, 39.9743895], [32.775055, 39.9743429], [32.7752111, 39.9743174]]]}}, {"type": "Feature", "properties": {"pipe_code": "YMH-OSM-P-0087", "pipe_type": "main_line", "diameter_mm": 250, "material": "çelik", "pressure_level": "medium", "operating_pressure_bar": 4.0, "status": "aktif", "install_year": 2019, "district": "Yenimahalle", "source": "synthetic_demo_yenimahalle_osm_20260721", "osm_highway": "secondary", "road_name": "Mehmet Akif Ersoy Caddesi", "synthetic_notice": "Gerçek altyapı değildir; eğitim ve demo amaçlı sentetik veridir."}, "geometry": {"type": "MultiLineString", "coordinates": [[[32.7747085, 39.9743895], [32.7738466, 39.9744525], [32.7733366, 39.9744987], [32.7731626, 39.9745145], [32.7729222, 39.9745375], [32.7722515, 39.9745828], [32.7722037, 39.974586], [32.7720673, 39.974598], [32.7720429, 39.9746002]]]}}, {"type": "Feature", "properties": {"pipe_code": "YMH-OSM-P-0088", "pipe_type": "main_line", "diameter_mm": 315, "material": "çelik", "pressure_level": "medium", "operating_pressure_bar": 4.0, "status": "aktif", "install_year": 1998, "district": "Yenimahalle", "source": "synthetic_demo_yenimahalle_osm_20260721", "osm_highway": "secondary", "road_name": "Adsız yol", "synthetic_notice": "Gerçek altyapı değildir; eğitim ve demo amaçlı sentetik veridir."}, "geometry": {"type": "MultiLineString", "coordinates": [[[32.7707953, 39.9746371], [32.7711639, 39.9745959], [32.7713398, 39.9745838], [32.7720429, 39.9746002]]]}}, {"type": "Feature", "properties": {"pipe_code": "YMH-OSM-P-0089", "pipe_type": "main_line", "diameter_mm": 400, "material": "çelik", "pressure_level": "medium", "operating_pressure_bar": 4.0, "status": "aktif", "install_year": 2005, "district": "Yenimahalle", "source": "synthetic_demo_yenimahalle_osm_20260721", "osm_highway": "secondary", "road_name": "Adsız yol", "synthetic_notice": "Gerçek altyapı değildir; eğitim ve demo amaçlı sentetik veridir."}, "geometry": {"type": "MultiLineString", "coordinates": [[[32.7720429, 39.9746002], [32.7711673, 39.9747374]]]}}, {"type": "Feature", "properties": {"pipe_code": "YMH-OSM-P-0090", "pipe_type": "main_line", "diameter_mm": 250, "material": "çelik", "pressure_level": "medium", "operating_pressure_bar": 4.0, "status": "aktif", "install_year": 2012, "district": "Yenimahalle", "source": "synthetic_demo_yenimahalle_osm_20260721", "osm_highway": "secondary", "road_name": "Adsız yol", "synthetic_notice": "Gerçek altyapı değildir; eğitim ve demo amaçlı sentetik veridir."}, "geometry": {"type": "MultiLineString", "coordinates": [[[32.7711673, 39.9747374], [32.7707956, 39.9747758], [32.7706127, 39.9747702], [32.7698822, 39.9747792]]]}}, {"type": "Feature", "properties": {"pipe_code": "YMH-OSM-P-0091", "pipe_type": "main_line", "diameter_mm": 315, "material": "çelik", "pressure_level": "medium", "operating_pressure_bar": 4.0, "status": "aktif", "install_year": 2019, "district": "Yenimahalle", "source": "synthetic_demo_yenimahalle_osm_20260721", "osm_highway": "secondary", "road_name": "Mehmet Akif Ersoy Caddesi", "synthetic_notice": "Gerçek altyapı değildir; eğitim ve demo amaçlı sentetik veridir."}, "geometry": {"type": "MultiLineString", "coordinates": [[[32.7698822, 39.9747792], [32.7695301, 39.9748008], [32.7691712, 39.97482], [32.7684714, 39.9748641], [32.768315, 39.9748728], [32.7675888, 39.9749133], [32.7674665, 39.9749176], [32.7673349, 39.9749223], [32.7668709, 39.9749387]]]}}, {"type": "Feature", "properties": {"pipe_code": "YMH-OSM-P-0092", "pipe_type": "main_line", "diameter_mm": 400, "material": "çelik", "pressure_level": "medium", "operating_pressure_bar": 4.0, "status": "aktif", "install_year": 1998, "district": "Yenimahalle", "source": "synthetic_demo_yenimahalle_osm_20260721", "osm_highway": "secondary", "road_name": "Serhat Caddesi", "synthetic_notice": "Gerçek altyapı değildir; eğitim ve demo amaçlı sentetik veridir."}, "geometry": {"type": "MultiLineString", "coordinates": [[[32.7644864, 39.9810515], [32.7645099, 39.9813779]]]}}, {"type": "Feature", "properties": {"pipe_code": "YMH-OSM-P-0093", "pipe_type": "main_line", "diameter_mm": 250, "material": "çelik", "pressure_level": "medium", "operating_pressure_bar": 4.0, "status": "aktif", "install_year": 2005, "district": "Yenimahalle", "source": "synthetic_demo_yenimahalle_osm_20260721", "osm_highway": "secondary", "road_name": "Mehmet Zahit Kotku Caddesi", "synthetic_notice": "Gerçek altyapı değildir; eğitim ve demo amaçlı sentetik veridir."}, "geometry": {"type": "MultiLineString", "coordinates": [[[32.7644864, 39.9810515], [32.7642976, 39.9810975], [32.762349, 39.9815241], [32.7620934, 39.9815802], [32.7609806, 39.9818241], [32.7601529, 39.9820019], [32.7595483, 39.9821317], [32.7584955, 39.9821741], [32.758305, 39.982147], [32.7574028, 39.982012], [32.7573079, 39.9819872], [32.7571415, 39.981946], [32.7563693, 39.9817421], [32.7562389, 39.9817077], [32.7560288, 39.9816522], [32.7558755, 39.9816107]]]}}, {"type": "Feature", "properties": {"pipe_code": "YMH-OSM-P-0094", "pipe_type": "main_line", "diameter_mm": 315, "material": "çelik", "pressure_level": "medium", "operating_pressure_bar": 4.0, "status": "aktif", "install_year": 2012, "district": "Yenimahalle", "source": "synthetic_demo_yenimahalle_osm_20260721", "osm_highway": "secondary", "road_name": "Mehmet Zahit Kotku Caddesi", "synthetic_notice": "Gerçek altyapı değildir; eğitim ve demo amaçlı sentetik veridir."}, "geometry": {"type": "MultiLineString", "coordinates": [[[32.771038, 39.9807065], [32.7705643, 39.9807083], [32.7700533, 39.9806984], [32.7666123, 39.9806407], [32.7665538, 39.9806379], [32.7656393, 39.9808232], [32.7644864, 39.9810515]]]}}, {"type": "Feature", "properties": {"pipe_code": "YMH-OSM-P-0095", "pipe_type": "main_line", "diameter_mm": 400, "material": "çelik", "pressure_level": "medium", "operating_pressure_bar": 4.0, "status": "aktif", "install_year": 2019, "district": "Yenimahalle", "source": "synthetic_demo_yenimahalle_osm_20260721", "osm_highway": "secondary", "road_name": "Serhat Caddesi", "synthetic_notice": "Gerçek altyapı değildir; eğitim ve demo amaçlı sentetik veridir."}, "geometry": {"type": "MultiLineString", "coordinates": [[[32.7642407, 39.9807176], [32.7644276, 39.9809325], [32.7644864, 39.9810515]]]}}, {"type": "Feature", "properties": {"pipe_code": "YMH-OSM-P-0096", "pipe_type": "main_line", "diameter_mm": 250, "material": "çelik", "pressure_level": "medium", "operating_pressure_bar": 4.0, "status": "aktif", "install_year": 1998, "district": "Yenimahalle", "source": "synthetic_demo_yenimahalle_osm_20260721", "osm_highway": "secondary", "road_name": "Serhat Caddesi", "synthetic_notice": "Gerçek altyapı değildir; eğitim ve demo amaçlı sentetik veridir."}, "geometry": {"type": "MultiLineString", "coordinates": [[[32.7633696, 39.9785402], [32.7636263, 39.9788342], [32.7637788, 39.979017], [32.7637891, 39.9790504], [32.7638751, 39.9793284], [32.7639252, 39.9796386], [32.7639582, 39.9797454], [32.764139, 39.9804007], [32.7642407, 39.9807176]]]}}, {"type": "Feature", "properties": {"pipe_code": "YMH-OSM-P-0097", "pipe_type": "main_line", "diameter_mm": 315, "material": "çelik", "pressure_level": "medium", "operating_pressure_bar": 4.0, "status": "aktif", "install_year": 2005, "district": "Yenimahalle", "source": "synthetic_demo_yenimahalle_osm_20260721", "osm_highway": "secondary", "road_name": "Serhat Caddesi", "synthetic_notice": "Gerçek altyapı değildir; eğitim ve demo amaçlı sentetik veridir."}, "geometry": {"type": "MultiLineString", "coordinates": [[[32.7605113, 39.9758624], [32.761301, 39.9766298], [32.761746, 39.9770313], [32.7629383, 39.9780996], [32.7633696, 39.9785402]]]}}, {"type": "Feature", "properties": {"pipe_code": "YMH-OSM-P-0098", "pipe_type": "main_line", "diameter_mm": 400, "material": "çelik", "pressure_level": "medium", "operating_pressure_bar": 4.0, "status": "aktif", "install_year": 2012, "district": "Yenimahalle", "source": "synthetic_demo_yenimahalle_osm_20260721", "osm_highway": "secondary", "road_name": "Serhat Caddesi", "synthetic_notice": "Gerçek altyapı değildir; eğitim ve demo amaçlı sentetik veridir."}, "geometry": {"type": "MultiLineString", "coordinates": [[[32.7645099, 39.9813779], [32.7642976, 39.9810975]]]}}, {"type": "Feature", "properties": {"pipe_code": "YMH-OSM-P-0099", "pipe_type": "main_line", "diameter_mm": 250, "material": "çelik", "pressure_level": "medium", "operating_pressure_bar": 4.0, "status": "aktif", "install_year": 2019, "district": "Yenimahalle", "source": "synthetic_demo_yenimahalle_osm_20260721", "osm_highway": "secondary", "road_name": "Adsız yol", "synthetic_notice": "Gerçek altyapı değildir; eğitim ve demo amaçlı sentetik veridir."}, "geometry": {"type": "MultiLineString", "coordinates": [[[32.7751249, 39.974443], [32.7747085, 39.9743895]]]}}, {"type": "Feature", "properties": {"pipe_code": "YMH-OSM-P-0100", "pipe_type": "main_line", "diameter_mm": 315, "material": "çelik", "pressure_level": "medium", "operating_pressure_bar": 4.0, "status": "aktif", "install_year": 1998, "district": "Yenimahalle", "source": "synthetic_demo_yenimahalle_osm_20260721", "osm_highway": "secondary", "road_name": "Adsız yol", "synthetic_notice": "Gerçek altyapı değildir; eğitim ve demo amaçlı sentetik veridir."}, "geometry": {"type": "MultiLineString", "coordinates": [[[32.7605113, 39.9758624], [32.7604038, 39.9757618], [32.7602604, 39.9756277]]]}}, {"type": "Feature", "properties": {"pipe_code": "YMH-OSM-P-0101", "pipe_type": "main_line", "diameter_mm": 400, "material": "çelik", "pressure_level": "medium", "operating_pressure_bar": 4.0, "status": "aktif", "install_year": 2005, "district": "Yenimahalle", "source": "synthetic_demo_yenimahalle_osm_20260721", "osm_highway": "secondary", "road_name": "Mehmet Akif Ersoy Caddesi", "synthetic_notice": "Gerçek altyapı değildir; eğitim ve demo amaçlı sentetik veridir."}, "geometry": {"type": "MultiLineString", "coordinates": [[[32.7602604, 39.9756277], [32.7599836, 39.9756774], [32.7596677, 39.9757807], [32.7593441, 39.9759031], [32.7592166, 39.9759534], [32.7586644, 39.9761713], [32.7580267, 39.9765281], [32.7569454, 39.9773297], [32.756219, 39.9778682], [32.7559735, 39.9780372]]]}}, {"type": "Feature", "properties": {"pipe_code": "YMH-OSM-P-0102", "pipe_type": "main_line", "diameter_mm": 250, "material": "çelik", "pressure_level": "medium", "operating_pressure_bar": 4.0, "status": "aktif", "install_year": 2012, "district": "Yenimahalle", "source": "synthetic_demo_yenimahalle_osm_20260721", "osm_highway": "secondary", "road_name": "Mehmet Akif Ersoy Caddesi", "synthetic_notice": "Gerçek altyapı değildir; eğitim ve demo amaçlı sentetik veridir."}, "geometry": {"type": "MultiLineString", "coordinates": [[[32.7559735, 39.9780372], [32.7544701, 39.9790723], [32.7528091, 39.9800882], [32.7526882, 39.9801813], [32.7525545, 39.9802842]]]}}, {"type": "Feature", "properties": {"pipe_code": "YMH-OSM-P-0103", "pipe_type": "main_line", "diameter_mm": 315, "material": "çelik", "pressure_level": "medium", "operating_pressure_bar": 4.0, "status": "aktif", "install_year": 2019, "district": "Yenimahalle", "source": "synthetic_demo_yenimahalle_osm_20260721", "osm_highway": "secondary", "road_name": "Mehmet Zahit Kotku Caddesi", "synthetic_notice": "Gerçek altyapı değildir; eğitim ve demo amaçlı sentetik veridir."}, "geometry": {"type": "MultiLineString", "coordinates": [[[32.7525545, 39.9802842], [32.7528033, 39.9804637], [32.7530227, 39.9806308], [32.7536165, 39.9808642], [32.7536525, 39.9808783], [32.7544995, 39.9811163], [32.7552863, 39.9813312], [32.7560821, 39.9815485]]]}}, {"type": "Feature", "properties": {"pipe_code": "YMH-OSM-P-0104", "pipe_type": "main_line", "diameter_mm": 400, "material": "çelik", "pressure_level": "medium", "operating_pressure_bar": 4.0, "status": "aktif", "install_year": 1998, "district": "Yenimahalle", "source": "synthetic_demo_yenimahalle_osm_20260721", "osm_highway": "secondary", "road_name": "Adsız yol", "synthetic_notice": "Gerçek altyapı değildir; eğitim ve demo amaçlı sentetik veridir."}, "geometry": {"type": "MultiLineString", "coordinates": [[[32.7522117, 39.9804537], [32.7521554, 39.9804326], [32.7521074, 39.9804018], [32.7520838, 39.9803771], [32.7520704, 39.980363], [32.7520467, 39.9803185], [32.7520378, 39.9802759], [32.7520412, 39.9802328], [32.7520567, 39.9801912], [32.7520835, 39.9801533], [32.7521204, 39.9801206], [32.7521657, 39.9800949], [32.7522274, 39.9800749], [32.7522938, 39.9800677], [32.7523604, 39.9800738], [32.7524226, 39.9800928], [32.7524818, 39.9801274], [32.7525256, 39.9801735], [32.7525506, 39.9802273], [32.7525545, 39.9802842]]]}}, {"type": "Feature", "properties": {"pipe_code": "YMH-OSM-P-0105", "pipe_type": "main_line", "diameter_mm": 250, "material": "çelik", "pressure_level": "medium", "operating_pressure_bar": 4.0, "status": "aktif", "install_year": 2005, "district": "Yenimahalle", "source": "synthetic_demo_yenimahalle_osm_20260721", "osm_highway": "secondary", "road_name": "Adsız yol", "synthetic_notice": "Gerçek altyapı değildir; eğitim ve demo amaçlı sentetik veridir."}, "geometry": {"type": "MultiLineString", "coordinates": [[[32.7602604, 39.9756277], [32.7601857, 39.9756053], [32.7601245, 39.9755655], [32.7600833, 39.9755128], [32.7600666, 39.9754526], [32.7600762, 39.9753916], [32.760111, 39.9753362], [32.7601607, 39.9752962], [32.7602234, 39.9752691], [32.7602937, 39.9752571], [32.7603656, 39.9752613]]]}}, {"type": "Feature", "properties": {"pipe_code": "YMH-OSM-P-0106", "pipe_type": "main_line", "diameter_mm": 315, "material": "çelik", "pressure_level": "medium", "operating_pressure_bar": 4.0, "status": "aktif", "install_year": 2012, "district": "Yenimahalle", "source": "synthetic_demo_yenimahalle_osm_20260721", "osm_highway": "secondary", "road_name": "Alınteri Bulvarı", "synthetic_notice": "Gerçek altyapı değildir; eğitim ve demo amaçlı sentetik veridir."}, "geometry": {"type": "MultiLineString", "coordinates": [[[32.759774, 39.9749113], [32.7603656, 39.9752613]]]}}, {"type": "Feature", "properties": {"pipe_code": "YMH-OSM-P-0107", "pipe_type": "main_line", "diameter_mm": 400, "material": "çelik", "pressure_level": "medium", "operating_pressure_bar": 4.0, "status": "aktif", "install_year": 2019, "district": "Yenimahalle", "source": "synthetic_demo_yenimahalle_osm_20260721", "osm_highway": "secondary", "road_name": "Alınteri Bulvarı", "synthetic_notice": "Gerçek altyapı değildir; eğitim ve demo amaçlı sentetik veridir."}, "geometry": {"type": "MultiLineString", "coordinates": [[[32.759774, 39.9749113], [32.7597083, 39.9748671], [32.7591921, 39.9745705], [32.7583178, 39.9741387], [32.7580833, 39.9740229], [32.7575808, 39.9738511], [32.7572732, 39.9737459], [32.7571598, 39.9737071], [32.7569184, 39.9736226], [32.7565301, 39.9734867], [32.7559762, 39.973301], [32.7553071, 39.9730546], [32.7545783, 39.9728421], [32.7539411, 39.9727063]]]}}, {"type": "Feature", "properties": {"pipe_code": "YMH-OSM-P-0108", "pipe_type": "main_line", "diameter_mm": 250, "material": "çelik", "pressure_level": "medium", "operating_pressure_bar": 4.0, "status": "aktif", "install_year": 1998, "district": "Yenimahalle", "source": "synthetic_demo_yenimahalle_osm_20260721", "osm_highway": "secondary", "road_name": "Alınteri Bulvarı", "synthetic_notice": "Gerçek altyapı değildir; eğitim ve demo amaçlı sentetik veridir."}, "geometry": {"type": "MultiLineString", "coordinates": [[[32.7518845, 39.9721917], [32.7539411, 39.9727063]]]}}, {"type": "Feature", "properties": {"pipe_code": "YMH-OSM-P-0109", "pipe_type": "main_line", "diameter_mm": 315, "material": "çelik", "pressure_level": "medium", "operating_pressure_bar": 4.0, "status": "aktif", "install_year": 2005, "district": "Yenimahalle", "source": "synthetic_demo_yenimahalle_osm_20260721", "osm_highway": "secondary", "road_name": "Alınteri Bulvarı", "synthetic_notice": "Gerçek altyapı değildir; eğitim ve demo amaçlı sentetik veridir."}, "geometry": {"type": "MultiLineString", "coordinates": [[[32.7539411, 39.9727063], [32.7519376, 39.9724157], [32.7518448, 39.9723987]]]}}, {"type": "Feature", "properties": {"pipe_code": "YMH-OSM-P-0110", "pipe_type": "main_line", "diameter_mm": 400, "material": "çelik", "pressure_level": "medium", "operating_pressure_bar": 4.0, "status": "aktif", "install_year": 2012, "district": "Yenimahalle", "source": "synthetic_demo_yenimahalle_osm_20260721", "osm_highway": "secondary", "road_name": "Alınteri Bulvarı", "synthetic_notice": "Gerçek altyapı değildir; eğitim ve demo amaçlı sentetik veridir."}, "geometry": {"type": "MultiLineString", "coordinates": [[[32.749867, 39.9716799], [32.7508134, 39.9719912], [32.7515827, 39.9721421], [32.7518845, 39.9721917]]]}}, {"type": "Feature", "properties": {"pipe_code": "YMH-OSM-P-0111", "pipe_type": "main_line", "diameter_mm": 250, "material": "çelik", "pressure_level": "medium", "operating_pressure_bar": 4.0, "status": "aktif", "install_year": 2019, "district": "Yenimahalle", "source": "synthetic_demo_yenimahalle_osm_20260721", "osm_highway": "secondary", "road_name": "Mehmet Akif Ersoy Caddesi", "synthetic_notice": "Gerçek altyapı değildir; eğitim ve demo amaçlı sentetik veridir."}, "geometry": {"type": "MultiLineString", "coordinates": [[[32.7603656, 39.9752613], [32.7608068, 39.9753396], [32.761045, 39.9753819]]]}}, {"type": "Feature", "properties": {"pipe_code": "YMH-OSM-P-0112", "pipe_type": "main_line", "diameter_mm": 315, "material": "çelik", "pressure_level": "medium", "operating_pressure_bar": 4.0, "status": "aktif", "install_year": 1998, "district": "Yenimahalle", "source": "synthetic_demo_yenimahalle_osm_20260721", "osm_highway": "secondary", "road_name": "Mehmet Akif Ersoy Caddesi", "synthetic_notice": "Gerçek altyapı değildir; eğitim ve demo amaçlı sentetik veridir."}, "geometry": {"type": "MultiLineString", "coordinates": [[[32.761045, 39.9753819], [32.7615271, 39.9753405], [32.7620371, 39.9752967], [32.7630684, 39.9752082], [32.7638154, 39.9751413], [32.7655498, 39.9749831], [32.766144, 39.9749263]]]}}, {"type": "Feature", "properties": {"pipe_code": "YMH-OSM-P-0113", "pipe_type": "main_line", "diameter_mm": 400, "material": "çelik", "pressure_level": "medium", "operating_pressure_bar": 4.0, "status": "aktif", "install_year": 2005, "district": "Yenimahalle", "source": "synthetic_demo_yenimahalle_osm_20260721", "osm_highway": "secondary", "road_name": "Alınteri Bulvarı", "synthetic_notice": "Gerçek altyapı değildir; eğitim ve demo amaçlı sentetik veridir."}, "geometry": {"type": "MultiLineString", "coordinates": [[[32.760111, 39.9753362], [32.759774, 39.9749113]]]}}, {"type": "Feature", "properties": {"pipe_code": "YMH-OSM-P-0114", "pipe_type": "main_line", "diameter_mm": 250, "material": "çelik", "pressure_level": "medium", "operating_pressure_bar": 4.0, "status": "aktif", "install_year": 2012, "district": "Yenimahalle", "source": "synthetic_demo_yenimahalle_osm_20260721", "osm_highway": "secondary", "road_name": "Mehmet Akif Ersoy Caddesi", "synthetic_notice": "Gerçek altyapı değildir; eğitim ve demo amaçlı sentetik veridir."}, "geometry": {"type": "MultiLineString", "coordinates": [[[32.7524226, 39.9800928], [32.7526367, 39.9800474], [32.7527567, 39.9799973], [32.7543907, 39.9789988], [32.7545251, 39.9789063], [32.7559018, 39.9779584], [32.7561341, 39.9777985], [32.7568645, 39.9772484], [32.7574192, 39.9768243], [32.7579806, 39.9763951], [32.7580412, 39.9763666], [32.7586232, 39.9760925], [32.759195, 39.9758768], [32.7596045, 39.9757003], [32.7596615, 39.9756757], [32.7597108, 39.9756456], [32.7598812, 39.9755431], [32.7599993, 39.9754392], [32.760111, 39.9753362]]]}}, {"type": "Feature", "properties": {"pipe_code": "YMH-OSM-P-0115", "pipe_type": "main_line", "diameter_mm": 315, "material": "çelik", "pressure_level": "medium", "operating_pressure_bar": 4.0, "status": "aktif", "install_year": 2019, "district": "Yenimahalle", "source": "synthetic_demo_yenimahalle_osm_20260721", "osm_highway": "secondary", "road_name": "Mehmet Akif Ersoy Caddesi", "synthetic_notice": "Gerçek altyapı değildir; eğitim ve demo amaçlı sentetik veridir."}, "geometry": {"type": "MultiLineString", "coordinates": [[[32.7607946, 39.9754959], [32.7605441, 39.9755017], [32.760351, 39.9754713], [32.7602006, 39.9754059], [32.760111, 39.9753362]]]}}, {"type": "Feature", "properties": {"pipe_code": "YMH-OSM-P-0116", "pipe_type": "main_line", "diameter_mm": 400, "material": "çelik", "pressure_level": "medium", "operating_pressure_bar": 4.0, "status": "aktif", "install_year": 1998, "district": "Yenimahalle", "source": "synthetic_demo_yenimahalle_osm_20260721", "osm_highway": "secondary", "road_name": "Adsız yol", "synthetic_notice": "Gerçek altyapı değildir; eğitim ve demo amaçlı sentetik veridir."}, "geometry": {"type": "MultiLineString", "coordinates": [[[32.7603656, 39.9752613], [32.7604284, 39.9752845], [32.7604789, 39.9753076], [32.7605218, 39.9753488], [32.7605481, 39.9753974], [32.7605558, 39.9754498], [32.7605441, 39.9755017], [32.7605146, 39.9755484], [32.7604697, 39.9755871]]]}}, {"type": "Feature", "properties": {"pipe_code": "YMH-OSM-P-0117", "pipe_type": "main_line", "diameter_mm": 250, "material": "çelik", "pressure_level": "medium", "operating_pressure_bar": 4.0, "status": "aktif", "install_year": 2005, "district": "Yenimahalle", "source": "synthetic_demo_yenimahalle_osm_20260721", "osm_highway": "secondary", "road_name": "Adsız yol", "synthetic_notice": "Gerçek altyapı değildir; eğitim ve demo amaçlı sentetik veridir."}, "geometry": {"type": "MultiLineString", "coordinates": [[[32.7525545, 39.9802842], [32.7525385, 39.9803372], [32.7525043, 39.9803848], [32.7524545, 39.9804235], [32.7523929, 39.9804504], [32.7523334, 39.9804627], [32.7522718, 39.9804638], [32.7522117, 39.9804537]]]}}, {"type": "Feature", "properties": {"pipe_code": "YMH-OSM-P-0118", "pipe_type": "main_line", "diameter_mm": 315, "material": "çelik", "pressure_level": "medium", "operating_pressure_bar": 4.0, "status": "aktif", "install_year": 2012, "district": "Yenimahalle", "source": "synthetic_demo_yenimahalle_osm_20260721", "osm_highway": "secondary", "road_name": "Adsız yol", "synthetic_notice": "Gerçek altyapı değildir; eğitim ve demo amaçlı sentetik veridir."}, "geometry": {"type": "MultiLineString", "coordinates": [[[32.7704187, 39.9746902], [32.7707953, 39.9746371]]]}}, {"type": "Feature", "properties": {"pipe_code": "YMH-OSM-P-0119", "pipe_type": "main_line", "diameter_mm": 400, "material": "çelik", "pressure_level": "medium", "operating_pressure_bar": 4.0, "status": "aktif", "install_year": 2019, "district": "Yenimahalle", "source": "synthetic_demo_yenimahalle_osm_20260721", "osm_highway": "secondary", "road_name": "Mehmet Akif Ersoy Caddesi", "synthetic_notice": "Gerçek altyapı değildir; eğitim ve demo amaçlı sentetik veridir."}, "geometry": {"type": "MultiLineString", "coordinates": [[[32.7665642, 39.9748993], [32.7675637, 39.9748412], [32.7684317, 39.9747972], [32.7691481, 39.9747517], [32.7704187, 39.9746902]]]}}, {"type": "Feature", "properties": {"pipe_code": "YMH-OSM-P-0120", "pipe_type": "main_line", "diameter_mm": 250, "material": "çelik", "pressure_level": "medium", "operating_pressure_bar": 4.0, "status": "aktif", "install_year": 1998, "district": "Yenimahalle", "source": "synthetic_demo_yenimahalle_osm_20260721", "osm_highway": "secondary", "road_name": "Mehmet Akif Ersoy Caddesi", "synthetic_notice": "Gerçek altyapı değildir; eğitim ve demo amaçlı sentetik veridir."}, "geometry": {"type": "MultiLineString", "coordinates": [[[32.7611634, 39.9754537], [32.7607946, 39.9754959]]]}}, {"type": "Feature", "properties": {"pipe_code": "YMH-OSM-P-0121", "pipe_type": "main_line", "diameter_mm": 315, "material": "çelik", "pressure_level": "medium", "operating_pressure_bar": 4.0, "status": "aktif", "install_year": 2005, "district": "Yenimahalle", "source": "synthetic_demo_yenimahalle_osm_20260721", "osm_highway": "secondary", "road_name": "Mehmet Akif Ersoy Caddesi", "synthetic_notice": "Gerçek altyapı değildir; eğitim ve demo amaçlı sentetik veridir."}, "geometry": {"type": "MultiLineString", "coordinates": [[[32.7656669, 39.9750318], [32.7646503, 39.975144], [32.7638354, 39.9752091], [32.7630937, 39.9752787], [32.7627061, 39.9753216], [32.7614468, 39.9754245], [32.7611634, 39.9754537]]]}}, {"type": "Feature", "properties": {"pipe_code": "YMH-OSM-P-0122", "pipe_type": "main_line", "diameter_mm": 400, "material": "çelik", "pressure_level": "medium", "operating_pressure_bar": 4.0, "status": "aktif", "install_year": 2012, "district": "Yenimahalle", "source": "synthetic_demo_yenimahalle_osm_20260721", "osm_highway": "secondary", "road_name": "Mehmet Zahit Kotku Caddesi", "synthetic_notice": "Gerçek altyapı değildir; eğitim ve demo amaçlı sentetik veridir."}, "geometry": {"type": "MultiLineString", "coordinates": [[[32.7560821, 39.9815485], [32.7562815, 39.981599], [32.7564356, 39.9816381]]]}}, {"type": "Feature", "properties": {"pipe_code": "YMH-OSM-P-0123", "pipe_type": "main_line", "diameter_mm": 250, "material": "çelik", "pressure_level": "medium", "operating_pressure_bar": 4.0, "status": "bakımda", "install_year": 2019, "district": "Yenimahalle", "source": "synthetic_demo_yenimahalle_osm_20260721", "osm_highway": "secondary", "road_name": "Mehmet Zahit Kotku Caddesi", "synthetic_notice": "Gerçek altyapı değildir; eğitim ve demo amaçlı sentetik veridir."}, "geometry": {"type": "MultiLineString", "coordinates": [[[32.7564356, 39.9816381], [32.7571781, 39.9818488]]]}}, {"type": "Feature", "properties": {"pipe_code": "YMH-OSM-P-0124", "pipe_type": "main_line", "diameter_mm": 315, "material": "çelik", "pressure_level": "medium", "operating_pressure_bar": 4.0, "status": "aktif", "install_year": 1998, "district": "Yenimahalle", "source": "synthetic_demo_yenimahalle_osm_20260721", "osm_highway": "secondary", "road_name": "Mehmet Zahit Kotku Caddesi", "synthetic_notice": "Gerçek altyapı değildir; eğitim ve demo amaçlı sentetik veridir."}, "geometry": {"type": "MultiLineString", "coordinates": [[[32.7571781, 39.9818488], [32.757352, 39.9818862], [32.7574645, 39.9819133], [32.7577504, 39.9819765], [32.7580455, 39.9820206], [32.7585052, 39.9820552], [32.7589872, 39.9820669], [32.7592797, 39.982051], [32.7595244, 39.9820202], [32.7601163, 39.9819131], [32.7609406, 39.981716], [32.7610757, 39.9816864], [32.7620529, 39.9814739], [32.7623094, 39.9814158], [32.764241, 39.9809703]]]}}, {"type": "Feature", "properties": {"pipe_code": "YMH-OSM-P-0125", "pipe_type": "main_line", "diameter_mm": 400, "material": "çelik", "pressure_level": "medium", "operating_pressure_bar": 4.0, "status": "aktif", "install_year": 2005, "district": "Yenimahalle", "source": "synthetic_demo_yenimahalle_osm_20260721", "osm_highway": "secondary", "road_name": "Mehmet Zahit Kotku Caddesi", "synthetic_notice": "Gerçek altyapı değildir; eğitim ve demo amaçlı sentetik veridir."}, "geometry": {"type": "MultiLineString", "coordinates": [[[32.764241, 39.9809703], [32.7644276, 39.9809325], [32.7652042, 39.9807481], [32.7665224, 39.9805213], [32.7666008, 39.980507], [32.7690787, 39.9805242], [32.7705327, 39.9805343], [32.7709615, 39.9805305], [32.7710227, 39.98053]]]}}, {"type": "Feature", "properties": {"pipe_code": "YMH-OSM-P-0126", "pipe_type": "main_line", "diameter_mm": 250, "material": "çelik", "pressure_level": "medium", "operating_pressure_bar": 4.0, "status": "aktif", "install_year": 2012, "district": "Yenimahalle", "source": "synthetic_demo_yenimahalle_osm_20260721", "osm_highway": "primary", "road_name": "Anadolu Bulvarı", "synthetic_notice": "Gerçek altyapı değildir; eğitim ve demo amaçlı sentetik veridir."}, "geometry": {"type": "MultiLineString", "coordinates": [[[32.7711602, 39.9838657], [32.7711416, 39.9817354], [32.7711119, 39.9814552], [32.771038, 39.9807065], [32.7710227, 39.98053]]]}}, {"type": "Feature", "properties": {"pipe_code": "YMH-OSM-P-0127", "pipe_type": "main_line", "diameter_mm": 315, "material": "çelik", "pressure_level": "medium", "operating_pressure_bar": 4.0, "status": "aktif", "install_year": 2019, "district": "Yenimahalle", "source": "synthetic_demo_yenimahalle_osm_20260721", "osm_highway": "primary", "road_name": "Anadolu Bulvarı", "synthetic_notice": "Gerçek altyapı değildir; eğitim ve demo amaçlı sentetik veridir."}, "geometry": {"type": "MultiLineString", "coordinates": [[[32.7710227, 39.98053], [32.7710193, 39.9802683], [32.7709675, 39.9781526], [32.7709591, 39.9778067]]]}}, {"type": "Feature", "properties": {"pipe_code": "YMH-OSM-P-0128", "pipe_type": "main_line", "diameter_mm": 400, "material": "çelik", "pressure_level": "medium", "operating_pressure_bar": 4.0, "status": "aktif", "install_year": 1998, "district": "Yenimahalle", "source": "synthetic_demo_yenimahalle_osm_20260721", "osm_highway": "primary", "road_name": "Anadolu Bulvarı", "synthetic_notice": "Gerçek altyapı değildir; eğitim ve demo amaçlı sentetik veridir."}, "geometry": {"type": "MultiLineString", "coordinates": [[[32.7709591, 39.9778067], [32.7709543, 39.9775847], [32.770942, 39.9770127], [32.7709185, 39.9762198], [32.7708985, 39.9752179]]]}}, {"type": "Feature", "properties": {"pipe_code": "YMH-OSM-P-0129", "pipe_type": "main_line", "diameter_mm": 250, "material": "çelik", "pressure_level": "medium", "operating_pressure_bar": 4.0, "status": "aktif", "install_year": 2005, "district": "Yenimahalle", "source": "synthetic_demo_yenimahalle_osm_20260721", "osm_highway": "primary", "road_name": "Anadolu Bulvarı", "synthetic_notice": "Gerçek altyapı değildir; eğitim ve demo amaçlı sentetik veridir."}, "geometry": {"type": "MultiLineString", "coordinates": [[[32.7708985, 39.9752179], [32.7708662, 39.9741194]]]}}, {"type": "Feature", "properties": {"pipe_code": "YMH-OSM-P-0130", "pipe_type": "main_line", "diameter_mm": 315, "material": "çelik", "pressure_level": "medium", "operating_pressure_bar": 4.0, "status": "aktif", "install_year": 2012, "district": "Yenimahalle", "source": "synthetic_demo_yenimahalle_osm_20260721", "osm_highway": "primary", "road_name": "Anadolu Bulvarı", "synthetic_notice": "Gerçek altyapı değildir; eğitim ve demo amaçlı sentetik veridir."}, "geometry": {"type": "MultiLineString", "coordinates": [[[32.7708662, 39.9741194], [32.7707164, 39.9726069], [32.7707031, 39.9725077], [32.7706718, 39.972303], [32.7706173, 39.9719072], [32.7705962, 39.9716112]]]}}, {"type": "Feature", "properties": {"pipe_code": "YMH-OSM-P-0131", "pipe_type": "main_line", "diameter_mm": 400, "material": "çelik", "pressure_level": "medium", "operating_pressure_bar": 4.0, "status": "aktif", "install_year": 2019, "district": "Yenimahalle", "source": "synthetic_demo_yenimahalle_osm_20260721", "osm_highway": "primary", "road_name": "Anadolu Bulvarı", "synthetic_notice": "Gerçek altyapı değildir; eğitim ve demo amaçlı sentetik veridir."}, "geometry": {"type": "MultiLineString", "coordinates": [[[32.7705962, 39.9716112], [32.7705941, 39.9714804], [32.770592, 39.971355], [32.7706022, 39.9710257], [32.7706204, 39.9708], [32.7706478, 39.9704605], [32.7706688, 39.9703105], [32.770709, 39.9700873], [32.770828, 39.9694271], [32.7709037, 39.9690069], [32.7709881, 39.9685387], [32.7712597, 39.9670309], [32.7713875, 39.9663216], [32.7715234, 39.9656971], [32.7715529, 39.9655203], [32.7716308, 39.9650536], [32.7716606, 39.964818], [32.7716689, 39.964752], [32.7717037, 39.9644764], [32.7717515, 39.9640398]]]}}, {"type": "Feature", "properties": {"pipe_code": "YMH-OSM-P-0132", "pipe_type": "main_line", "diameter_mm": 250, "material": "çelik", "pressure_level": "medium", "operating_pressure_bar": 4.0, "status": "aktif", "install_year": 1998, "district": "Yenimahalle", "source": "synthetic_demo_yenimahalle_osm_20260721", "osm_highway": "primary", "road_name": "Anadolu Bulvarı", "synthetic_notice": "Gerçek altyapı değildir; eğitim ve demo amaçlı sentetik veridir."}, "geometry": {"type": "MultiLineString", "coordinates": [[[32.7717515, 39.9640398], [32.7717563, 39.9639449], [32.7718088, 39.9628965], [32.7717638, 39.9618315], [32.7717112, 39.9612227]]]}}, {"type": "Feature", "properties": {"pipe_code": "YMH-OSM-P-0133", "pipe_type": "main_line", "diameter_mm": 315, "material": "çelik", "pressure_level": "medium", "operating_pressure_bar": 4.0, "status": "aktif", "install_year": 2005, "district": "Yenimahalle", "source": "synthetic_demo_yenimahalle_osm_20260721", "osm_highway": "primary", "road_name": "Anadolu Bulvarı", "synthetic_notice": "Gerçek altyapı değildir; eğitim ve demo amaçlı sentetik veridir."}, "geometry": {"type": "MultiLineString", "coordinates": [[[32.7712636, 39.984706], [32.7711602, 39.9838657]]]}}, {"type": "Feature", "properties": {"pipe_code": "YMH-OSM-P-0134", "pipe_type": "main_line", "diameter_mm": 400, "material": "çelik", "pressure_level": "medium", "operating_pressure_bar": 4.0, "status": "pasif", "install_year": 2012, "district": "Yenimahalle", "source": "synthetic_demo_yenimahalle_osm_20260721", "osm_highway": "primary", "road_name": "Anadolu Bulvarı", "synthetic_notice": "Gerçek altyapı değildir; eğitim ve demo amaçlı sentetik veridir."}, "geometry": {"type": "MultiLineString", "coordinates": [[[32.7721754, 39.9876378], [32.7721086, 39.987353], [32.7719853, 39.9869086], [32.7717726, 39.9862868], [32.7714898, 39.9854694], [32.7713611, 39.9851447], [32.7712636, 39.984706]]]}}, {"type": "Feature", "properties": {"pipe_code": "YMH-OSM-P-0135", "pipe_type": "main_line", "diameter_mm": 250, "material": "çelik", "pressure_level": "medium", "operating_pressure_bar": 4.0, "status": "aktif", "install_year": 2019, "district": "Yenimahalle", "source": "synthetic_demo_yenimahalle_osm_20260721", "osm_highway": "primary", "road_name": "Anadolu Bulvarı", "synthetic_notice": "Gerçek altyapı değildir; eğitim ve demo amaçlı sentetik veridir."}, "geometry": {"type": "MultiLineString", "coordinates": [[[32.7724396, 39.9889893], [32.7721754, 39.9876378]]]}}, {"type": "Feature", "properties": {"pipe_code": "YMH-OSM-P-0136", "pipe_type": "main_line", "diameter_mm": 315, "material": "çelik", "pressure_level": "medium", "operating_pressure_bar": 4.0, "status": "aktif", "install_year": 1998, "district": "Yenimahalle", "source": "synthetic_demo_yenimahalle_osm_20260721", "osm_highway": "primary", "road_name": "Anadolu Bulvarı", "synthetic_notice": "Gerçek altyapı değildir; eğitim ve demo amaçlı sentetik veridir."}, "geometry": {"type": "MultiLineString", "coordinates": [[[32.7728418, 39.999955], [32.7728696, 39.9994852], [32.7729127, 39.998711], [32.7729305, 39.9982238], [32.7729297, 39.9981721], [32.7729277, 39.9980335], [32.7729143, 39.9971188], [32.7728752, 39.9959908], [32.772845, 39.9954327], [32.7728253, 39.9950666], [32.7728201, 39.9949709], [32.7728194, 39.9949581], [32.7728036, 39.9946658], [32.7727455, 39.9935896], [32.7726315, 39.9914785], [32.7725534, 39.9905778], [32.7724396, 39.9889893]]]}}, {"type": "Feature", "properties": {"pipe_code": "YMH-OSM-P-0137", "pipe_type": "main_line", "diameter_mm": 400, "material": "çelik", "pressure_level": "medium", "operating_pressure_bar": 4.0, "status": "aktif", "install_year": 2005, "district": "Yenimahalle", "source": "synthetic_demo_yenimahalle_osm_20260721", "osm_highway": "primary", "road_name": "Anadolu Bulvarı", "synthetic_notice": "Gerçek altyapı değildir; eğitim ve demo amaçlı sentetik veridir."}, "geometry": {"type": "MultiLineString", "coordinates": [[[32.7727962, 40.0007861], [32.7728418, 39.999955]]]}}, {"type": "Feature", "properties": {"pipe_code": "YMH-OSM-P-0138", "pipe_type": "main_line", "diameter_mm": 250, "material": "çelik", "pressure_level": "medium", "operating_pressure_bar": 4.0, "status": "aktif", "install_year": 2012, "district": "Yenimahalle", "source": "synthetic_demo_yenimahalle_osm_20260721", "osm_highway": "primary", "road_name": "Anadolu Bulvarı", "synthetic_notice": "Gerçek altyapı değildir; eğitim ve demo amaçlı sentetik veridir."}, "geometry": {"type": "MultiLineString", "coordinates": [[[32.7723315, 40.0036462], [32.7723757, 40.0034353], [32.7724973, 40.0027681], [32.7726141, 40.0021241], [32.7726795, 40.0017198], [32.7727262, 40.001312], [32.7727962, 40.0007861]]]}}, {"type": "Feature", "properties": {"pipe_code": "YMH-OSM-P-0139", "pipe_type": "main_line", "diameter_mm": 315, "material": "çelik", "pressure_level": "medium", "operating_pressure_bar": 4.0, "status": "aktif", "install_year": 2019, "district": "Yenimahalle", "source": "synthetic_demo_yenimahalle_osm_20260721", "osm_highway": "primary", "road_name": "Anadolu Bulvarı", "synthetic_notice": "Gerçek altyapı değildir; eğitim ve demo amaçlı sentetik veridir."}, "geometry": {"type": "MultiLineString", "coordinates": [[[32.7754026, 40.011205], [32.775396, 40.0111486], [32.7753764, 40.0110477], [32.7753402, 40.0109082], [32.7749691, 40.0101221], [32.7745724, 40.0096342], [32.7742303, 40.0092961], [32.7722482, 40.0080114], [32.7720538, 40.0078042], [32.7719226, 40.0075433], [32.7718847, 40.0073509], [32.7718551, 40.0066231], [32.7718996, 40.0061323], [32.7719228, 40.0058771], [32.771971, 40.0053709], [32.772074, 40.0048726], [32.7722683, 40.0039472], [32.7722705, 40.0039368], [32.7723315, 40.0036462]]]}}, {"type": "Feature", "properties": {"pipe_code": "YMH-OSM-P-0140", "pipe_type": "main_line", "diameter_mm": 400, "material": "çelik", "pressure_level": "medium", "operating_pressure_bar": 4.0, "status": "aktif", "install_year": 1998, "district": "Yenimahalle", "source": "synthetic_demo_yenimahalle_osm_20260721", "osm_highway": "primary", "road_name": "3563. Cadde", "synthetic_notice": "Gerçek altyapı değildir; eğitim ve demo amaçlı sentetik veridir."}, "geometry": {"type": "MultiLineString", "coordinates": [[[32.7757253, 40.0147993], [32.7756269, 40.0144425], [32.7755454, 40.014031], [32.7755302, 40.0138468], [32.7754988, 40.0135274], [32.7754928, 40.013368], [32.7754544, 40.0121403], [32.7754509, 40.0120061], [32.7754457, 40.0119065], [32.7754359, 40.0117165], [32.7754181, 40.0115038], [32.7754026, 40.011205]]]}}, {"type": "Feature", "properties": {"pipe_code": "YMH-OSM-P-0141", "pipe_type": "main_line", "diameter_mm": 250, "material": "çelik", "pressure_level": "medium", "operating_pressure_bar": 4.0, "status": "aktif", "install_year": 2005, "district": "Yenimahalle", "source": "synthetic_demo_yenimahalle_osm_20260721", "osm_highway": "primary", "road_name": "Anadolu Bulvarı", "synthetic_notice": "Gerçek altyapı değildir; eğitim ve demo amaçlı sentetik veridir."}, "geometry": {"type": "MultiLineString", "coordinates": [[[32.7717112, 39.9612227], [32.7716583, 39.9608838]]]}}, {"type": "Feature", "properties": {"pipe_code": "YMH-OSM-P-0142", "pipe_type": "main_line", "diameter_mm": 315, "material": "çelik", "pressure_level": "medium", "operating_pressure_bar": 4.0, "status": "aktif", "install_year": 2012, "district": "Yenimahalle", "source": "synthetic_demo_yenimahalle_osm_20260721", "osm_highway": "primary", "road_name": "Anadolu Bulvarı", "synthetic_notice": "Gerçek altyapı değildir; eğitim ve demo amaçlı sentetik veridir."}, "geometry": {"type": "MultiLineString", "coordinates": [[[32.7716583, 39.9608838], [32.7715041, 39.9599248], [32.7713828, 39.9594382]]]}}, {"type": "Feature", "properties": {"pipe_code": "YMH-OSM-P-0143", "pipe_type": "main_line", "diameter_mm": 400, "material": "çelik", "pressure_level": "medium", "operating_pressure_bar": 4.0, "status": "aktif", "install_year": 2019, "district": "Yenimahalle", "source": "synthetic_demo_yenimahalle_osm_20260721", "osm_highway": "primary", "road_name": "Anadolu Bulvarı", "synthetic_notice": "Gerçek altyapı değildir; eğitim ve demo amaçlı sentetik veridir."}, "geometry": {"type": "MultiLineString", "coordinates": [[[32.7713828, 39.9594382], [32.7713671, 39.9593635], [32.7710564, 39.9573067], [32.7709848, 39.9563143], [32.7709159, 39.9553602], [32.7708914, 39.9550201]]]}}, {"type": "Feature", "properties": {"pipe_code": "YMH-OSM-P-0144", "pipe_type": "main_line", "diameter_mm": 250, "material": "çelik", "pressure_level": "medium", "operating_pressure_bar": 4.0, "status": "aktif", "install_year": 1998, "district": "Yenimahalle", "source": "synthetic_demo_yenimahalle_osm_20260721", "osm_highway": "primary", "road_name": "Anadolu Bulvarı", "synthetic_notice": "Gerçek altyapı değildir; eğitim ve demo amaçlı sentetik veridir."}, "geometry": {"type": "MultiLineString", "coordinates": [[[32.7708914, 39.9550201], [32.7708875, 39.9542814], [32.7708886, 39.9541699], [32.7708946, 39.9536025], [32.7708997, 39.9531142], [32.7709002, 39.9530655], [32.7709004, 39.9528756]]]}}, {"type": "Feature", "properties": {"pipe_code": "YMH-OSM-P-0145", "pipe_type": "main_line", "diameter_mm": 315, "material": "çelik", "pressure_level": "medium", "operating_pressure_bar": 4.0, "status": "aktif", "install_year": 2005, "district": "Yenimahalle", "source": "synthetic_demo_yenimahalle_osm_20260721", "osm_highway": "primary", "road_name": "Anadolu Bulvarı", "synthetic_notice": "Gerçek altyapı değildir; eğitim ve demo amaçlı sentetik veridir."}, "geometry": {"type": "MultiLineString", "coordinates": [[[32.7709004, 39.9528756], [32.7709261, 39.9526246], [32.7709919, 39.9519806], [32.7710135, 39.9516758], [32.7710882, 39.9508659], [32.7711413, 39.9504773]]]}}, {"type": "Feature", "properties": {"pipe_code": "YMH-OSM-P-0146", "pipe_type": "main_line", "diameter_mm": 400, "material": "çelik", "pressure_level": "medium", "operating_pressure_bar": 4.0, "status": "aktif", "install_year": 2012, "district": "Yenimahalle", "source": "synthetic_demo_yenimahalle_osm_20260721", "osm_highway": "primary", "road_name": "Anadolu Bulvarı", "synthetic_notice": "Gerçek altyapı değildir; eğitim ve demo amaçlı sentetik veridir."}, "geometry": {"type": "MultiLineString", "coordinates": [[[32.7711413, 39.9504773], [32.7712468, 39.9495921]]]}}, {"type": "Feature", "properties": {"pipe_code": "YMH-OSM-P-0147", "pipe_type": "main_line", "diameter_mm": 250, "material": "çelik", "pressure_level": "medium", "operating_pressure_bar": 4.0, "status": "aktif", "install_year": 2019, "district": "Yenimahalle", "source": "synthetic_demo_yenimahalle_osm_20260721", "osm_highway": "primary", "road_name": "Anadolu Bulvarı", "synthetic_notice": "Gerçek altyapı değildir; eğitim ve demo amaçlı sentetik veridir."}, "geometry": {"type": "MultiLineString", "coordinates": [[[32.7712468, 39.9495921], [32.7712706, 39.9494244], [32.7713754, 39.9486869], [32.7714546, 39.9482317], [32.7715611, 39.9477172], [32.7716216, 39.947481], [32.7717942, 39.9470013], [32.7729265, 39.944379], [32.7732527, 39.9437148], [32.7733082, 39.943566]]]}}, {"type": "Feature", "properties": {"pipe_code": "YMH-OSM-P-0148", "pipe_type": "main_line", "diameter_mm": 315, "material": "çelik", "pressure_level": "medium", "operating_pressure_bar": 4.0, "status": "aktif", "install_year": 1998, "district": "Yenimahalle", "source": "synthetic_demo_yenimahalle_osm_20260721", "osm_highway": "primary", "road_name": "Anadolu Bulvarı", "synthetic_notice": "Gerçek altyapı değildir; eğitim ve demo amaçlı sentetik veridir."}, "geometry": {"type": "MultiLineString", "coordinates": [[[32.7733082, 39.943566], [32.7733953, 39.9433684], [32.7734208, 39.9433077], [32.7734932, 39.9431148]]]}}, {"type": "Feature", "properties": {"pipe_code": "YMH-OSM-P-0149", "pipe_type": "main_line", "diameter_mm": 400, "material": "çelik", "pressure_level": "medium", "operating_pressure_bar": 4.0, "status": "aktif", "install_year": 2005, "district": "Yenimahalle", "source": "synthetic_demo_yenimahalle_osm_20260721", "osm_highway": "primary", "road_name": "Anadolu Bulvarı", "synthetic_notice": "Gerçek altyapı değildir; eğitim ve demo amaçlı sentetik veridir."}, "geometry": {"type": "MultiLineString", "coordinates": [[[32.7734932, 39.9431148], [32.7735977, 39.9427127], [32.7736944, 39.9423727], [32.774086, 39.9403318], [32.7744832, 39.9378762], [32.7744911, 39.9378272], [32.7746153, 39.9370928], [32.7748589, 39.9358873], [32.7752313, 39.9344155]]]}}, {"type": "Feature", "properties": {"pipe_code": "YMH-OSM-P-0150", "pipe_type": "main_line", "diameter_mm": 250, "material": "çelik", "pressure_level": "medium", "operating_pressure_bar": 4.0, "status": "aktif", "install_year": 2012, "district": "Yenimahalle", "source": "synthetic_demo_yenimahalle_osm_20260721", "osm_highway": "secondary", "road_name": "3563. Cadde", "synthetic_notice": "Gerçek altyapı değildir; eğitim ve demo amaçlı sentetik veridir."}, "geometry": {"type": "MultiLineString", "coordinates": [[[32.7756207, 40.0177076], [32.7757512, 40.0173933], [32.7758043, 40.0172226], [32.7758432, 40.0170762], [32.7758821, 40.016881], [32.7759317, 40.0165205], [32.7759459, 40.0162874], [32.7759494, 40.0160381], [32.7759352, 40.0158321], [32.7759005, 40.0155658], [32.7758963, 40.0155339], [32.7758722, 40.0153996], [32.7758291, 40.0151598], [32.7757253, 40.0147993]]]}}, {"type": "Feature", "properties": {"pipe_code": "YMH-OSM-P-0151", "pipe_type": "main_line", "diameter_mm": 315, "material": "çelik", "pressure_level": "medium", "operating_pressure_bar": 4.0, "status": "aktif", "install_year": 2019, "district": "Yenimahalle", "source": "synthetic_demo_yenimahalle_osm_20260721", "osm_highway": "secondary", "road_name": "Adsız yol", "synthetic_notice": "Gerçek altyapı değildir; eğitim ve demo amaçlı sentetik veridir."}, "geometry": {"type": "MultiLineString", "coordinates": [[[32.7604697, 39.9755871], [32.7605113, 39.9758624]]]}}, {"type": "Feature", "properties": {"pipe_code": "YMH-OSM-P-0152", "pipe_type": "main_line", "diameter_mm": 400, "material": "çelik", "pressure_level": "medium", "operating_pressure_bar": 4.0, "status": "aktif", "install_year": 1998, "district": "Yenimahalle", "source": "synthetic_demo_yenimahalle_osm_20260721", "osm_highway": "secondary", "road_name": "Mehmet Akif Ersoy Caddesi", "synthetic_notice": "Gerçek altyapı değildir; eğitim ve demo amaçlı sentetik veridir."}, "geometry": {"type": "MultiLineString", "coordinates": [[[32.7607946, 39.9754959], [32.7604697, 39.9755871]]]}}, {"type": "Feature", "properties": {"pipe_code": "YMH-OSM-P-0153", "pipe_type": "main_line", "diameter_mm": 250, "material": "çelik", "pressure_level": "medium", "operating_pressure_bar": 4.0, "status": "aktif", "install_year": 2005, "district": "Yenimahalle", "source": "synthetic_demo_yenimahalle_osm_20260721", "osm_highway": "secondary", "road_name": "Serhat Caddesi", "synthetic_notice": "Gerçek altyapı değildir; eğitim ve demo amaçlı sentetik veridir."}, "geometry": {"type": "MultiLineString", "coordinates": [[[32.764241, 39.9809703], [32.7642407, 39.9807176]]]}}, {"type": "Feature", "properties": {"pipe_code": "YMH-OSM-P-0154", "pipe_type": "main_line", "diameter_mm": 315, "material": "çelik", "pressure_level": "medium", "operating_pressure_bar": 4.0, "status": "aktif", "install_year": 2012, "district": "Yenimahalle", "source": "synthetic_demo_yenimahalle_osm_20260721", "osm_highway": "secondary", "road_name": "Adsız yol", "synthetic_notice": "Gerçek altyapı değildir; eğitim ve demo amaçlı sentetik veridir."}, "geometry": {"type": "MultiLineString", "coordinates": [[[32.7685538, 39.9889961], [32.7685925, 39.9890257], [32.7686184, 39.9890625], [32.7686295, 39.9891035], [32.7686248, 39.9891452], [32.7686047, 39.9891841], [32.7685709, 39.989217]]]}}, {"type": "Feature", "properties": {"pipe_code": "YMH-OSM-P-0155", "pipe_type": "main_line", "diameter_mm": 400, "material": "çelik", "pressure_level": "medium", "operating_pressure_bar": 4.0, "status": "aktif", "install_year": 2019, "district": "Yenimahalle", "source": "synthetic_demo_yenimahalle_osm_20260721", "osm_highway": "secondary", "road_name": "Alınteri Bulvarı", "synthetic_notice": "Gerçek altyapı değildir; eğitim ve demo amaçlı sentetik veridir."}, "geometry": {"type": "MultiLineString", "coordinates": [[[32.7518448, 39.9723987], [32.7515287, 39.9723496]]]}}, {"type": "Feature", "properties": {"pipe_code": "YMH-OSM-P-0156", "pipe_type": "main_line", "diameter_mm": 250, "material": "çelik", "pressure_level": "medium", "operating_pressure_bar": 4.0, "status": "aktif", "install_year": 1998, "district": "Yenimahalle", "source": "synthetic_demo_yenimahalle_osm_20260721", "osm_highway": "secondary", "road_name": "Alınteri Bulvarı", "synthetic_notice": "Gerçek altyapı değildir; eğitim ve demo amaçlı sentetik veridir."}, "geometry": {"type": "MultiLineString", "coordinates": [[[32.7515287, 39.9723496], [32.7507327, 39.9721427], [32.7492552, 39.9716486], [32.7478233, 39.9711698], [32.7476369, 39.9711075], [32.7473794, 39.9710878], [32.7471725, 39.971117], [32.7469503, 39.9711383], [32.7468272, 39.971148], [32.7465925, 39.9711957]]]}}, {"type": "Feature", "properties": {"pipe_code": "YMH-OSM-P-0157", "pipe_type": "main_line", "diameter_mm": 315, "material": "çelik", "pressure_level": "medium", "operating_pressure_bar": 4.0, "status": "aktif", "install_year": 2005, "district": "Yenimahalle", "source": "synthetic_demo_yenimahalle_osm_20260721", "osm_highway": "primary", "road_name": "Adsız yol", "synthetic_notice": "Gerçek altyapı değildir; eğitim ve demo amaçlı sentetik veridir."}, "geometry": {"type": "MultiLineString", "coordinates": [[[32.7465925, 39.9711957], [32.7465161, 39.9712484], [32.7464217, 39.9712797], [32.7463193, 39.9712862], [32.7462195, 39.9712674], [32.7461327, 39.9712252]]]}}, {"type": "Feature", "properties": {"pipe_code": "YMH-OSM-P-0158", "pipe_type": "main_line", "diameter_mm": 400, "material": "çelik", "pressure_level": "medium", "operating_pressure_bar": 4.0, "status": "aktif", "install_year": 2012, "district": "Yenimahalle", "source": "synthetic_demo_yenimahalle_osm_20260721", "osm_highway": "primary", "road_name": "Alınteri Bulvarı", "synthetic_notice": "Gerçek altyapı değildir; eğitim ve demo amaçlı sentetik veridir."}, "geometry": {"type": "MultiLineString", "coordinates": [[[32.7461327, 39.9712252], [32.7458801, 39.9711172], [32.7457228, 39.9710671], [32.7454415, 39.9709776], [32.7444582, 39.9706155], [32.7431875, 39.9701764], [32.7417587, 39.9696826], [32.7416291, 39.9696378], [32.7415079, 39.9695959], [32.7386675, 39.9686142], [32.7359206, 39.9676649], [32.7355437, 39.9675346]]]}}, {"type": "Feature", "properties": {"pipe_code": "YMH-OSM-P-0159", "pipe_type": "main_line", "diameter_mm": 250, "material": "çelik", "pressure_level": "medium", "operating_pressure_bar": 4.0, "status": "aktif", "install_year": 2019, "district": "Yenimahalle", "source": "synthetic_demo_yenimahalle_osm_20260721", "osm_highway": "primary", "road_name": "Alınteri Bulvarı", "synthetic_notice": "Gerçek altyapı değildir; eğitim ve demo amaçlı sentetik veridir."}, "geometry": {"type": "MultiLineString", "coordinates": [[[32.7355437, 39.9675346], [32.7337408, 39.9669115]]]}}, {"type": "Feature", "properties": {"pipe_code": "YMH-OSM-P-0160", "pipe_type": "main_line", "diameter_mm": 315, "material": "çelik", "pressure_level": "medium", "operating_pressure_bar": 4.0, "status": "aktif", "install_year": 1998, "district": "Yenimahalle", "source": "synthetic_demo_yenimahalle_osm_20260721", "osm_highway": "primary", "road_name": "Alınteri Bulvarı", "synthetic_notice": "Gerçek altyapı değildir; eğitim ve demo amaçlı sentetik veridir."}, "geometry": {"type": "MultiLineString", "coordinates": [[[32.7337408, 39.9669115], [32.733715, 39.9669001], [32.7336932, 39.966887], [32.7335459, 39.9667813], [32.7335081, 39.966748], [32.733481, 39.9667146], [32.7333911, 39.9665562], [32.7333477, 39.9664693], [32.7333302, 39.9664371], [32.7332932, 39.9663547]]]}}, {"type": "Feature", "properties": {"pipe_code": "YMH-OSM-P-0161", "pipe_type": "main_line", "diameter_mm": 400, "material": "çelik", "pressure_level": "medium", "operating_pressure_bar": 4.0, "status": "aktif", "install_year": 2005, "district": "Yenimahalle", "source": "synthetic_demo_yenimahalle_osm_20260721", "osm_highway": "primary", "road_name": "Başkent Bulvarı", "synthetic_notice": "Gerçek altyapı değildir; eğitim ve demo amaçlı sentetik veridir."}, "geometry": {"type": "MultiLineString", "coordinates": [[[32.7332932, 39.9663547], [32.7331187, 39.9664172], [32.7323186, 39.9666807], [32.7320185, 39.9667777]]]}}, {"type": "Feature", "properties": {"pipe_code": "YMH-OSM-P-0162", "pipe_type": "main_line", "diameter_mm": 250, "material": "çelik", "pressure_level": "medium", "operating_pressure_bar": 4.0, "status": "aktif", "install_year": 2012, "district": "Yenimahalle", "source": "synthetic_demo_yenimahalle_osm_20260721", "osm_highway": "primary", "road_name": "Başkent Bulvarı", "synthetic_notice": "Gerçek altyapı değildir; eğitim ve demo amaçlı sentetik veridir."}, "geometry": {"type": "MultiLineString", "coordinates": [[[32.7320185, 39.9667777], [32.7317934, 39.9668395], [32.7316637, 39.9668722], [32.7316537, 39.9668746], [32.7315238, 39.9669058], [32.73136, 39.9669439], [32.7303783, 39.9671528], [32.7295196, 39.9673503], [32.7293249, 39.9673951]]]}}, {"type": "Feature", "properties": {"pipe_code": "YMH-OSM-P-0163", "pipe_type": "main_line", "diameter_mm": 315, "material": "çelik", "pressure_level": "medium", "operating_pressure_bar": 4.0, "status": "aktif", "install_year": 2019, "district": "Yenimahalle", "source": "synthetic_demo_yenimahalle_osm_20260721", "osm_highway": "primary", "road_name": "Başkent Bulvarı", "synthetic_notice": "Gerçek altyapı değildir; eğitim ve demo amaçlı sentetik veridir."}, "geometry": {"type": "MultiLineString", "coordinates": [[[32.7293249, 39.9673951], [32.7291962, 39.9674258], [32.729074, 39.9674626], [32.7289705, 39.9674967], [32.7288841, 39.96753], [32.7287949, 39.9675696], [32.7287012, 39.967618], [32.7282051, 39.9678768], [32.7281874, 39.967886], [32.7280306, 39.9679678]]]}}, {"type": "Feature", "properties": {"pipe_code": "YMH-OSM-P-0164", "pipe_type": "main_line", "diameter_mm": 400, "material": "çelik", "pressure_level": "medium", "operating_pressure_bar": 4.0, "status": "bakımda", "install_year": 1998, "district": "Yenimahalle", "source": "synthetic_demo_yenimahalle_osm_20260721", "osm_highway": "primary", "road_name": "Adsız yol", "synthetic_notice": "Gerçek altyapı değildir; eğitim ve demo amaçlı sentetik veridir."}, "geometry": {"type": "MultiLineString", "coordinates": [[[32.7461327, 39.9712252], [32.7460661, 39.9711613], [32.7460308, 39.971084], [32.7460309, 39.9710021], [32.7460664, 39.9709249], [32.7461125, 39.9708808]]]}}, {"type": "Feature", "properties": {"pipe_code": "YMH-OSM-P-0165", "pipe_type": "main_line", "diameter_mm": 250, "material": "çelik", "pressure_level": "medium", "operating_pressure_bar": 4.0, "status": "aktif", "install_year": 2005, "district": "Yenimahalle", "source": "synthetic_demo_yenimahalle_osm_20260721", "osm_highway": "primary", "road_name": "Alınteri Bulvarı", "synthetic_notice": "Gerçek altyapı değildir; eğitim ve demo amaçlı sentetik veridir."}, "geometry": {"type": "MultiLineString", "coordinates": [[[32.7451995, 39.9707284], [32.7458968, 39.9708422], [32.7459182, 39.9708456], [32.7461125, 39.9708808]]]}}, {"type": "Feature", "properties": {"pipe_code": "YMH-OSM-P-0166", "pipe_type": "main_line", "diameter_mm": 315, "material": "çelik", "pressure_level": "medium", "operating_pressure_bar": 4.0, "status": "aktif", "install_year": 2012, "district": "Yenimahalle", "source": "synthetic_demo_yenimahalle_osm_20260721", "osm_highway": "primary", "road_name": "Alınteri Bulvarı", "synthetic_notice": "Gerçek altyapı değildir; eğitim ve demo amaçlı sentetik veridir."}, "geometry": {"type": "MultiLineString", "coordinates": [[[32.7415789, 39.9694762], [32.7417007, 39.9695182], [32.743934, 39.9702986], [32.7449986, 39.9706706], [32.7451995, 39.9707284]]]}}, {"type": "Feature", "properties": {"pipe_code": "YMH-OSM-P-0167", "pipe_type": "main_line", "diameter_mm": 400, "material": "çelik", "pressure_level": "medium", "operating_pressure_bar": 4.0, "status": "aktif", "install_year": 2019, "district": "Yenimahalle", "source": "synthetic_demo_yenimahalle_osm_20260721", "osm_highway": "primary", "road_name": "Alınteri Bulvarı", "synthetic_notice": "Gerçek altyapı değildir; eğitim ve demo amaçlı sentetik veridir."}, "geometry": {"type": "MultiLineString", "coordinates": [[[32.7401429, 39.9689808], [32.7414827, 39.969443], [32.7415789, 39.9694762]]]}}, {"type": "Feature", "properties": {"pipe_code": "YMH-OSM-P-0168", "pipe_type": "main_line", "diameter_mm": 250, "material": "çelik", "pressure_level": "medium", "operating_pressure_bar": 4.0, "status": "aktif", "install_year": 1998, "district": "Yenimahalle", "source": "synthetic_demo_yenimahalle_osm_20260721", "osm_highway": "primary", "road_name": "Alınteri Bulvarı", "synthetic_notice": "Gerçek altyapı değildir; eğitim ve demo amaçlı sentetik veridir."}, "geometry": {"type": "MultiLineString", "coordinates": [[[32.7387181, 39.9684894], [32.7401429, 39.9689808]]]}}, {"type": "Feature", "properties": {"pipe_code": "YMH-OSM-P-0169", "pipe_type": "main_line", "diameter_mm": 315, "material": "çelik", "pressure_level": "medium", "operating_pressure_bar": 4.0, "status": "aktif", "install_year": 2005, "district": "Yenimahalle", "source": "synthetic_demo_yenimahalle_osm_20260721", "osm_highway": "primary", "road_name": "Alınteri Bulvarı", "synthetic_notice": "Gerçek altyapı değildir; eğitim ve demo amaçlı sentetik veridir."}, "geometry": {"type": "MultiLineString", "coordinates": [[[32.7336327, 39.9662195], [32.7336517, 39.9663648], [32.7336768, 39.9664974], [32.7336943, 39.9665901], [32.7337057, 39.9666501], [32.7337186, 39.9666891], [32.7337502, 39.9667381], [32.733792, 39.9667762], [32.7338388, 39.9668011], [32.7338958, 39.966826], [32.7355285, 39.9673892], [32.736567, 39.9677474], [32.7387181, 39.9684894]]]}}, {"type": "Feature", "properties": {"pipe_code": "YMH-OSM-P-0170", "pipe_type": "main_line", "diameter_mm": 400, "material": "çelik", "pressure_level": "medium", "operating_pressure_bar": 4.0, "status": "aktif", "install_year": 2012, "district": "Yenimahalle", "source": "synthetic_demo_yenimahalle_osm_20260721", "osm_highway": "primary", "road_name": "Başkent Bulvarı", "synthetic_notice": "Gerçek altyapı değildir; eğitim ve demo amaçlı sentetik veridir."}, "geometry": {"type": "MultiLineString", "coordinates": [[[32.7441393, 39.9635073], [32.7435373, 39.9635113], [32.7427918, 39.9635468], [32.7414785, 39.9637573], [32.7403698, 39.9640383], [32.7374417, 39.9647805], [32.7371441, 39.9648559], [32.7359672, 39.9652064], [32.7348188, 39.9656013], [32.7347355, 39.9656351], [32.7346613, 39.9656689], [32.7340351, 39.9659801], [32.7339494, 39.9660252], [32.7338825, 39.9660674], [32.7338205, 39.9661011], [32.7336327, 39.9662195]]]}}, {"type": "Feature", "properties": {"pipe_code": "YMH-OSM-P-0171", "pipe_type": "main_line", "diameter_mm": 250, "material": "çelik", "pressure_level": "medium", "operating_pressure_bar": 4.0, "status": "aktif", "install_year": 2019, "district": "Yenimahalle", "source": "synthetic_demo_yenimahalle_osm_20260721", "osm_highway": "primary", "road_name": "Başkent Bulvarı", "synthetic_notice": "Gerçek altyapı değildir; eğitim ve demo amaçlı sentetik veridir."}, "geometry": {"type": "MultiLineString", "coordinates": [[[32.7461779, 39.9637132], [32.745331, 39.9636], [32.7441393, 39.9635073]]]}}, {"type": "Feature", "properties": {"pipe_code": "YMH-OSM-P-0172", "pipe_type": "main_line", "diameter_mm": 315, "material": "çelik", "pressure_level": "medium", "operating_pressure_bar": 4.0, "status": "aktif", "install_year": 1998, "district": "Yenimahalle", "source": "synthetic_demo_yenimahalle_osm_20260721", "osm_highway": "primary", "road_name": "Başkent Bulvarı", "synthetic_notice": "Gerçek altyapı değildir; eğitim ve demo amaçlı sentetik veridir."}, "geometry": {"type": "MultiLineString", "coordinates": [[[32.7477025, 39.964159], [32.7461779, 39.9637132]]]}}, {"type": "Feature", "properties": {"pipe_code": "YMH-OSM-P-0173", "pipe_type": "main_line", "diameter_mm": 400, "material": "çelik", "pressure_level": "medium", "operating_pressure_bar": 4.0, "status": "aktif", "install_year": 2005, "district": "Yenimahalle", "source": "synthetic_demo_yenimahalle_osm_20260721", "osm_highway": "primary", "road_name": "Adsız yol", "synthetic_notice": "Gerçek altyapı değildir; eğitim ve demo amaçlı sentetik veridir."}, "geometry": {"type": "MultiLineString", "coordinates": [[[32.7332368, 39.9661135], [32.7333954, 39.9660426], [32.733598, 39.9659564], [32.7336261, 39.9661662], [32.7336327, 39.9662195]]]}}, {"type": "Feature", "properties": {"pipe_code": "YMH-OSM-P-0174", "pipe_type": "main_line", "diameter_mm": 250, "material": "çelik", "pressure_level": "medium", "operating_pressure_bar": 4.0, "status": "aktif", "install_year": 2012, "district": "Yenimahalle", "source": "synthetic_demo_yenimahalle_osm_20260721", "osm_highway": "primary", "road_name": "1611. Cadde", "synthetic_notice": "Gerçek altyapı değildir; eğitim ve demo amaçlı sentetik veridir."}, "geometry": {"type": "MultiLineString", "coordinates": [[[32.7332368, 39.9661135], [32.7332967, 39.9659214], [32.7333305, 39.965816], [32.7333587, 39.9657257], [32.7335233, 39.9649472], [32.7335375, 39.9648717], [32.7335392, 39.9648348], [32.7335371, 39.9648064], [32.7334906, 39.9643429], [32.7334867, 39.964311], [32.7334806, 39.9642795], [32.7333872, 39.9638456], [32.7333676, 39.9637547], [32.7333466, 39.9636572], [32.733331, 39.9636155], [32.7333233, 39.9635951], [32.7332834, 39.963501], [32.7332414, 39.9634102], [32.7331654, 39.9632702], [32.7330985, 39.9631709], [32.7328415, 39.9628293], [32.7321862, 39.9619583], [32.7321688, 39.9619351], [32.7320626, 39.961794]]]}}, {"type": "Feature", "properties": {"pipe_code": "YMH-OSM-P-0175", "pipe_type": "main_line", "diameter_mm": 315, "material": "çelik", "pressure_level": "medium", "operating_pressure_bar": 4.0, "status": "aktif", "install_year": 2019, "district": "Yenimahalle", "source": "synthetic_demo_yenimahalle_osm_20260721", "osm_highway": "primary", "road_name": "Başkent Bulvarı", "synthetic_notice": "Gerçek altyapı değildir; eğitim ve demo amaçlı sentetik veridir."}, "geometry": {"type": "MultiLineString", "coordinates": [[[32.7281361, 39.9677242], [32.7286478, 39.967459], [32.728748, 39.9674121], [32.7288422, 39.9673727], [32.7289572, 39.967333], [32.729092, 39.9672943], [32.7292497, 39.967255], [32.7294498, 39.9672094], [32.7312447, 39.9668006], [32.7315656, 39.9667275], [32.7320514, 39.9666169], [32.7322095, 39.9665704], [32.7323713, 39.9665159], [32.7324593, 39.9664835], [32.7325132, 39.9664637], [32.7326397, 39.9664099], [32.732756, 39.9663542], [32.732873, 39.9662909], [32.7329513, 39.9662546], [32.7330212, 39.9662262], [32.7332368, 39.9661135]]]}}, {"type": "Feature", "properties": {"pipe_code": "YMH-OSM-P-0176", "pipe_type": "main_line", "diameter_mm": 400, "material": "çelik", "pressure_level": "medium", "operating_pressure_bar": 4.0, "status": "aktif", "install_year": 1998, "district": "Yenimahalle", "source": "synthetic_demo_yenimahalle_osm_20260721", "osm_highway": "primary", "road_name": "100. Yıl Bulvarı", "synthetic_notice": "Gerçek altyapı değildir; eğitim ve demo amaçlı sentetik veridir."}, "geometry": {"type": "MultiLineString", "coordinates": [[[32.7461125, 39.9708808], [32.7461491, 39.9707695], [32.7461525, 39.9706028], [32.7461559, 39.9703375]]]}}, {"type": "Feature", "properties": {"pipe_code": "YMH-OSM-P-0177", "pipe_type": "main_line", "diameter_mm": 250, "material": "çelik", "pressure_level": "medium", "operating_pressure_bar": 4.0, "status": "aktif", "install_year": 2005, "district": "Yenimahalle", "source": "synthetic_demo_yenimahalle_osm_20260721", "osm_highway": "primary", "road_name": "100. Yıl Bulvarı", "synthetic_notice": "Gerçek altyapı değildir; eğitim ve demo amaçlı sentetik veridir."}, "geometry": {"type": "MultiLineString", "coordinates": [[[32.7461559, 39.9703375], [32.7461507, 39.9702288], [32.7461122, 39.9694578], [32.7461028, 39.969345], [32.7460927, 39.9692234]]]}}, {"type": "Feature", "properties": {"pipe_code": "YMH-OSM-P-0178", "pipe_type": "main_line", "diameter_mm": 315, "material": "çelik", "pressure_level": "medium", "operating_pressure_bar": 4.0, "status": "aktif", "install_year": 2012, "district": "Yenimahalle", "source": "synthetic_demo_yenimahalle_osm_20260721", "osm_highway": "primary", "road_name": "100. Yıl Bulvarı", "synthetic_notice": "Gerçek altyapı değildir; eğitim ve demo amaçlı sentetik veridir."}, "geometry": {"type": "MultiLineString", "coordinates": [[[32.7460927, 39.9692234], [32.7460282, 39.9685711], [32.7459925, 39.9683614], [32.7460791, 39.9680003], [32.7464224, 39.9671714], [32.7467626, 39.9664674], [32.7468172, 39.9663543], [32.747624, 39.9646848], [32.7476453, 39.9645346], [32.7476477, 39.9645175], [32.7476694, 39.9643644]]]}}, {"type": "Feature", "properties": {"pipe_code": "YMH-OSM-P-0179", "pipe_type": "main_line", "diameter_mm": 400, "material": "çelik", "pressure_level": "medium", "operating_pressure_bar": 4.0, "status": "aktif", "install_year": 2019, "district": "Yenimahalle", "source": "synthetic_demo_yenimahalle_osm_20260721", "osm_highway": "primary", "road_name": "Adsız yol", "synthetic_notice": "Gerçek altyapı değildir; eğitim ve demo amaçlı sentetik veridir."}, "geometry": {"type": "MultiLineString", "coordinates": [[[32.7336327, 39.9662195], [32.7333839, 39.966321], [32.7332932, 39.9663547], [32.7332651, 39.9662982], [32.733255, 39.9662735], [32.7332419, 39.9662226], [32.7332363, 39.9661769], [32.7332368, 39.9661135]]]}}, {"type": "Feature", "properties": {"pipe_code": "YMH-OSM-P-0180", "pipe_type": "main_line", "diameter_mm": 250, "material": "çelik", "pressure_level": "medium", "operating_pressure_bar": 4.0, "status": "aktif", "install_year": 1998, "district": "Yenimahalle", "source": "synthetic_demo_yenimahalle_osm_20260721", "osm_highway": "primary", "road_name": "Adsız yol", "synthetic_notice": "Gerçek altyapı değildir; eğitim ve demo amaçlı sentetik veridir."}, "geometry": {"type": "MultiLineString", "coordinates": [[[32.7461125, 39.9708808], [32.7462112, 39.970822], [32.7463006, 39.9708019], [32.7463938, 39.9708026], [32.7464827, 39.9708239], [32.7465598, 39.970864], [32.7466183, 39.9709196]]]}}, {"type": "Feature", "properties": {"pipe_code": "YMH-OSM-P-0181", "pipe_type": "main_line", "diameter_mm": 315, "material": "çelik", "pressure_level": "medium", "operating_pressure_bar": 4.0, "status": "aktif", "install_year": 2005, "district": "Yenimahalle", "source": "synthetic_demo_yenimahalle_osm_20260721", "osm_highway": "primary", "road_name": "100. Yıl Bulvarı", "synthetic_notice": "Gerçek altyapı değildir; eğitim ve demo amaçlı sentetik veridir."}, "geometry": {"type": "MultiLineString", "coordinates": [[[32.7465026, 39.9703085], [32.7465228, 39.9704398], [32.7465625, 39.9706463], [32.7465657, 39.9706746], [32.7466183, 39.9709196]]]}}, {"type": "Feature", "properties": {"pipe_code": "YMH-OSM-P-0182", "pipe_type": "main_line", "diameter_mm": 400, "material": "çelik", "pressure_level": "medium", "operating_pressure_bar": 4.0, "status": "aktif", "install_year": 2012, "district": "Yenimahalle", "source": "synthetic_demo_yenimahalle_osm_20260721", "osm_highway": "primary", "road_name": "100. Yıl Bulvarı", "synthetic_notice": "Gerçek altyapı değildir; eğitim ve demo amaçlı sentetik veridir."}, "geometry": {"type": "MultiLineString", "coordinates": [[[32.7477917, 39.9647014], [32.7477667, 39.964739], [32.7476136, 39.965024], [32.7475165, 39.9652084], [32.7472311, 39.9657792], [32.7469284, 39.9663849], [32.7468105, 39.9666207], [32.7465228, 39.9671962], [32.7464504, 39.9673874], [32.7462701, 39.9678636], [32.7461382, 39.9683176], [32.7461421, 39.9683552], [32.7461557, 39.9684855], [32.7463313, 39.9693169], [32.7463512, 39.9694112], [32.7464155, 39.9697595], [32.7465026, 39.9703085]]]}}, {"type": "Feature", "properties": {"pipe_code": "YMH-OSM-P-0183", "pipe_type": "main_line", "diameter_mm": 250, "material": "çelik", "pressure_level": "medium", "operating_pressure_bar": 4.0, "status": "aktif", "install_year": 2019, "district": "Yenimahalle", "source": "synthetic_demo_yenimahalle_osm_20260721", "osm_highway": "primary", "road_name": "Adsız yol", "synthetic_notice": "Gerçek altyapı değildir; eğitim ve demo amaçlı sentetik veridir."}, "geometry": {"type": "MultiLineString", "coordinates": [[[32.7476694, 39.9643644], [32.7476217, 39.9642989], [32.7476033, 39.9642251], [32.7476162, 39.9641506], [32.747659, 39.9640831], [32.7477276, 39.9640292], [32.7478144, 39.9639948]]]}}, {"type": "Feature", "properties": {"pipe_code": "YMH-OSM-P-0184", "pipe_type": "main_line", "diameter_mm": 315, "material": "çelik", "pressure_level": "medium", "operating_pressure_bar": 4.0, "status": "aktif", "install_year": 1998, "district": "Yenimahalle", "source": "synthetic_demo_yenimahalle_osm_20260721", "osm_highway": "primary", "road_name": "Bağdat Caddesi;Başkent Bulvarı", "synthetic_notice": "Gerçek altyapı değildir; eğitim ve demo amaçlı sentetik veridir."}, "geometry": {"type": "MultiLineString", "coordinates": [[[32.7480702, 39.9642681], [32.7477025, 39.964159]]]}}, {"type": "Feature", "properties": {"pipe_code": "YMH-OSM-P-0185", "pipe_type": "main_line", "diameter_mm": 400, "material": "çelik", "pressure_level": "medium", "operating_pressure_bar": 4.0, "status": "aktif", "install_year": 2005, "district": "Yenimahalle", "source": "synthetic_demo_yenimahalle_osm_20260721", "osm_highway": "primary", "road_name": "Bağdat Caddesi", "synthetic_notice": "Gerçek altyapı değildir; eğitim ve demo amaçlı sentetik veridir."}, "geometry": {"type": "MultiLineString", "coordinates": [[[32.7502278, 39.9644705], [32.7496332, 39.9645166], [32.7492784, 39.9645111], [32.7487803, 39.9644515], [32.7483025, 39.9643349], [32.7480702, 39.9642681]]]}}, {"type": "Feature", "properties": {"pipe_code": "YMH-OSM-P-0186", "pipe_type": "main_line", "diameter_mm": 250, "material": "çelik", "pressure_level": "medium", "operating_pressure_bar": 4.0, "status": "aktif", "install_year": 2012, "district": "Yenimahalle", "source": "synthetic_demo_yenimahalle_osm_20260721", "osm_highway": "primary", "road_name": "Bağdat Caddesi", "synthetic_notice": "Gerçek altyapı değildir; eğitim ve demo amaçlı sentetik veridir."}, "geometry": {"type": "MultiLineString", "coordinates": [[[32.752084, 39.9643404], [32.7502278, 39.9644705]]]}}, {"type": "Feature", "properties": {"pipe_code": "YMH-OSM-P-0187", "pipe_type": "main_line", "diameter_mm": 315, "material": "çelik", "pressure_level": "medium", "operating_pressure_bar": 4.0, "status": "aktif", "install_year": 2019, "district": "Yenimahalle", "source": "synthetic_demo_yenimahalle_osm_20260721", "osm_highway": "primary", "road_name": "Bağdat Caddesi", "synthetic_notice": "Gerçek altyapı değildir; eğitim ve demo amaçlı sentetik veridir."}, "geometry": {"type": "MultiLineString", "coordinates": [[[32.7525549, 39.9642986], [32.752084, 39.9643404]]]}}, {"type": "Feature", "properties": {"pipe_code": "YMH-OSM-P-0188", "pipe_type": "main_line", "diameter_mm": 400, "material": "çelik", "pressure_level": "medium", "operating_pressure_bar": 4.0, "status": "aktif", "install_year": 1998, "district": "Yenimahalle", "source": "synthetic_demo_yenimahalle_osm_20260721", "osm_highway": "primary", "road_name": "Bağdat Caddesi", "synthetic_notice": "Gerçek altyapı değildir; eğitim ve demo amaçlı sentetik veridir."}, "geometry": {"type": "MultiLineString", "coordinates": [[[32.7531941, 39.9642168], [32.7528656, 39.9642534], [32.7525549, 39.9642986]]]}}, {"type": "Feature", "properties": {"pipe_code": "YMH-OSM-P-0189", "pipe_type": "main_line", "diameter_mm": 250, "material": "çelik", "pressure_level": "medium", "operating_pressure_bar": 4.0, "status": "aktif", "install_year": 2005, "district": "Yenimahalle", "source": "synthetic_demo_yenimahalle_osm_20260721", "osm_highway": "primary", "road_name": "Bağdat Caddesi", "synthetic_notice": "Gerçek altyapı değildir; eğitim ve demo amaçlı sentetik veridir."}, "geometry": {"type": "MultiLineString", "coordinates": [[[32.7562273, 39.9635267], [32.7560056, 39.963575], [32.7554298, 39.9637198], [32.7549554, 39.963827], [32.754298, 39.9639802], [32.7541328, 39.9640236], [32.7538103, 39.9641016], [32.7531941, 39.9642168]]]}}, {"type": "Feature", "properties": {"pipe_code": "YMH-OSM-P-0190", "pipe_type": "main_line", "diameter_mm": 315, "material": "çelik", "pressure_level": "medium", "operating_pressure_bar": 4.0, "status": "aktif", "install_year": 2012, "district": "Yenimahalle", "source": "synthetic_demo_yenimahalle_osm_20260721", "osm_highway": "primary", "road_name": "Bağdat Caddesi", "synthetic_notice": "Gerçek altyapı değildir; eğitim ve demo amaçlı sentetik veridir."}, "geometry": {"type": "MultiLineString", "coordinates": [[[32.7581662, 39.9630692], [32.756642, 39.9634315], [32.7562273, 39.9635267]]]}}, {"type": "Feature", "properties": {"pipe_code": "YMH-OSM-P-0191", "pipe_type": "main_line", "diameter_mm": 400, "material": "çelik", "pressure_level": "medium", "operating_pressure_bar": 4.0, "status": "aktif", "install_year": 2019, "district": "Yenimahalle", "source": "synthetic_demo_yenimahalle_osm_20260721", "osm_highway": "primary", "road_name": "Bağdat Caddesi", "synthetic_notice": "Gerçek altyapı değildir; eğitim ve demo amaçlı sentetik veridir."}, "geometry": {"type": "MultiLineString", "coordinates": [[[32.7609427, 39.9623996], [32.7603542, 39.96253], [32.7587139, 39.9629365], [32.7585189, 39.9629788], [32.758374, 39.9630137], [32.7581662, 39.9630692]]]}}, {"type": "Feature", "properties": {"pipe_code": "YMH-OSM-P-0192", "pipe_type": "main_line", "diameter_mm": 250, "material": "çelik", "pressure_level": "medium", "operating_pressure_bar": 4.0, "status": "aktif", "install_year": 1998, "district": "Yenimahalle", "source": "synthetic_demo_yenimahalle_osm_20260721", "osm_highway": "primary", "road_name": "Bağdat Caddesi", "synthetic_notice": "Gerçek altyapı değildir; eğitim ve demo amaçlı sentetik veridir."}, "geometry": {"type": "MultiLineString", "coordinates": [[[32.7655116, 39.9616719], [32.7638487, 39.9618256], [32.7636824, 39.9618441], [32.7625834, 39.9620174], [32.7609427, 39.9623996]]]}}, {"type": "Feature", "properties": {"pipe_code": "YMH-OSM-P-0193", "pipe_type": "main_line", "diameter_mm": 315, "material": "çelik", "pressure_level": "medium", "operating_pressure_bar": 4.0, "status": "aktif", "install_year": 2005, "district": "Yenimahalle", "source": "synthetic_demo_yenimahalle_osm_20260721", "osm_highway": "primary", "road_name": "Bağdat Caddesi", "synthetic_notice": "Gerçek altyapı değildir; eğitim ve demo amaçlı sentetik veridir."}, "geometry": {"type": "MultiLineString", "coordinates": [[[32.7686892, 39.961548], [32.7676841, 39.9615849], [32.7663817, 39.9616286], [32.7659035, 39.9616513], [32.7656744, 39.961665], [32.7655116, 39.9616719]]]}}, {"type": "Feature", "properties": {"pipe_code": "YMH-OSM-P-0194", "pipe_type": "main_line", "diameter_mm": 400, "material": "çelik", "pressure_level": "medium", "operating_pressure_bar": 4.0, "status": "aktif", "install_year": 2012, "district": "Yenimahalle", "source": "synthetic_demo_yenimahalle_osm_20260721", "osm_highway": "primary", "road_name": "Bağdat Caddesi", "synthetic_notice": "Gerçek altyapı değildir; eğitim ve demo amaçlı sentetik veridir."}, "geometry": {"type": "MultiLineString", "coordinates": [[[32.7811726, 39.9599913], [32.7810342, 39.9600105], [32.7808895, 39.9600305], [32.7804234, 39.9600773], [32.7803388, 39.9600858], [32.7791925, 39.9602179], [32.7786687, 39.9602821], [32.778289, 39.9603287], [32.7743961, 39.960806], [32.773431, 39.9609282], [32.7725077, 39.9610451], [32.7710847, 39.9612419], [32.7695936, 39.961448], [32.7692541, 39.9614949], [32.769116, 39.961514], [32.7688888, 39.9615326], [32.7686892, 39.961548]]]}}, {"type": "Feature", "properties": {"pipe_code": "YMH-OSM-P-0195", "pipe_type": "main_line", "diameter_mm": 250, "material": "çelik", "pressure_level": "medium", "operating_pressure_bar": 4.0, "status": "aktif", "install_year": 2019, "district": "Yenimahalle", "source": "synthetic_demo_yenimahalle_osm_20260721", "osm_highway": "primary", "road_name": "Adsız yol", "synthetic_notice": "Gerçek altyapı değildir; eğitim ve demo amaçlı sentetik veridir."}, "geometry": {"type": "MultiLineString", "coordinates": [[[32.7466183, 39.9709196], [32.7466539, 39.9709876], [32.7466615, 39.9710607], [32.7466404, 39.9711322], [32.7465925, 39.9711957]]]}}, {"type": "Feature", "properties": {"pipe_code": "YMH-OSM-P-0196", "pipe_type": "main_line", "diameter_mm": 315, "material": "çelik", "pressure_level": "medium", "operating_pressure_bar": 4.0, "status": "aktif", "install_year": 1998, "district": "Yenimahalle", "source": "synthetic_demo_yenimahalle_osm_20260721", "osm_highway": "primary", "road_name": "Adsız yol", "synthetic_notice": "Gerçek altyapı değildir; eğitim ve demo amaçlı sentetik veridir."}, "geometry": {"type": "MultiLineString", "coordinates": [[[32.7478144, 39.9639948], [32.7479044, 39.963983], [32.747995, 39.9639921], [32.7480781, 39.9640212], [32.7481463, 39.9640677]]]}}, {"type": "Feature", "properties": {"pipe_code": "YMH-OSM-P-0197", "pipe_type": "main_line", "diameter_mm": 400, "material": "çelik", "pressure_level": "medium", "operating_pressure_bar": 4.0, "status": "aktif", "install_year": 2005, "district": "Yenimahalle", "source": "synthetic_demo_yenimahalle_osm_20260721", "osm_highway": "primary", "road_name": "Adsız yol", "synthetic_notice": "Gerçek altyapı değildir; eğitim ve demo amaçlı sentetik veridir."}, "geometry": {"type": "MultiLineString", "coordinates": [[[32.7481463, 39.9640677], [32.7481946, 39.9641291], [32.7482165, 39.9641987], [32.74821, 39.9642702], [32.7481758, 39.9643369], [32.748117, 39.9643926], [32.7480666, 39.9644182], [32.7480391, 39.9644322], [32.7479492, 39.964452]]]}}, {"type": "Feature", "properties": {"pipe_code": "YMH-OSM-P-0198", "pipe_type": "main_line", "diameter_mm": 250, "material": "çelik", "pressure_level": "medium", "operating_pressure_bar": 4.0, "status": "aktif", "install_year": 2012, "district": "Yenimahalle", "source": "synthetic_demo_yenimahalle_osm_20260721", "osm_highway": "primary", "road_name": "100. Yıl Bulvarı", "synthetic_notice": "Gerçek altyapı değildir; eğitim ve demo amaçlı sentetik veridir."}, "geometry": {"type": "MultiLineString", "coordinates": [[[32.7479492, 39.964452], [32.7478708, 39.9645762], [32.7477917, 39.9647014]]]}}, {"type": "Feature", "properties": {"pipe_code": "YMH-OSM-P-0199", "pipe_type": "main_line", "diameter_mm": 315, "material": "çelik", "pressure_level": "medium", "operating_pressure_bar": 4.0, "status": "aktif", "install_year": 2019, "district": "Yenimahalle", "source": "synthetic_demo_yenimahalle_osm_20260721", "osm_highway": "primary", "road_name": "Adsız yol", "synthetic_notice": "Gerçek altyapı değildir; eğitim ve demo amaçlı sentetik veridir."}, "geometry": {"type": "MultiLineString", "coordinates": [[[32.7465026, 39.9703085], [32.7463953, 39.9703327], [32.746329, 39.9703448], [32.7462121, 39.97034], [32.7461559, 39.9703375]]]}}, {"type": "Feature", "properties": {"pipe_code": "YMH-OSM-P-0200", "pipe_type": "main_line", "diameter_mm": 400, "material": "çelik", "pressure_level": "medium", "operating_pressure_bar": 4.0, "status": "aktif", "install_year": 1998, "district": "Yenimahalle", "source": "synthetic_demo_yenimahalle_osm_20260721", "osm_highway": "primary", "road_name": "Adsız yol", "synthetic_notice": "Gerçek altyapı değildir; eğitim ve demo amaçlı sentetik veridir."}, "geometry": {"type": "MultiLineString", "coordinates": [[[32.7479492, 39.964452], [32.7478445, 39.9644484], [32.7477475, 39.964418], [32.7476694, 39.9643644]]]}}, {"type": "Feature", "properties": {"pipe_code": "YMH-OSM-P-0201", "pipe_type": "main_line", "diameter_mm": 250, "material": "çelik", "pressure_level": "medium", "operating_pressure_bar": 4.0, "status": "pasif", "install_year": 2005, "district": "Yenimahalle", "source": "synthetic_demo_yenimahalle_osm_20260721", "osm_highway": "primary", "road_name": "Başkent Bulvarı", "synthetic_notice": "Gerçek altyapı değildir; eğitim ve demo amaçlı sentetik veridir."}, "geometry": {"type": "MultiLineString", "coordinates": [[[32.7279445, 39.9678257], [32.7280975, 39.9677446], [32.7281361, 39.9677242]]]}}, {"type": "Feature", "properties": {"pipe_code": "YMH-OSM-P-0202", "pipe_type": "main_line", "diameter_mm": 315, "material": "çelik", "pressure_level": "medium", "operating_pressure_bar": 4.0, "status": "aktif", "install_year": 2012, "district": "Yenimahalle", "source": "synthetic_demo_yenimahalle_osm_20260721", "osm_highway": "primary", "road_name": "Adsız yol", "synthetic_notice": "Gerçek altyapı değildir; eğitim ve demo amaçlı sentetik veridir."}, "geometry": {"type": "MultiLineString", "coordinates": [[[32.7279445, 39.9678257], [32.7280306, 39.9679678]]]}}, {"type": "Feature", "properties": {"pipe_code": "YMH-OSM-P-0203", "pipe_type": "main_line", "diameter_mm": 400, "material": "çelik", "pressure_level": "medium", "operating_pressure_bar": 4.0, "status": "aktif", "install_year": 2019, "district": "Yenimahalle", "source": "synthetic_demo_yenimahalle_osm_20260721", "osm_highway": "primary", "road_name": "Adsız yol", "synthetic_notice": "Gerçek altyapı değildir; eğitim ve demo amaçlı sentetik veridir."}, "geometry": {"type": "MultiLineString", "coordinates": [[[32.7322185, 39.9617459], [32.7321996, 39.9617708], [32.7321711, 39.9617896], [32.7321363, 39.9618004], [32.7320987, 39.9618019], [32.7320626, 39.961794]]]}}, {"type": "Feature", "properties": {"pipe_code": "YMH-OSM-P-0204", "pipe_type": "main_line", "diameter_mm": 250, "material": "çelik", "pressure_level": "medium", "operating_pressure_bar": 4.0, "status": "aktif", "install_year": 1998, "district": "Yenimahalle", "source": "synthetic_demo_yenimahalle_osm_20260721", "osm_highway": "primary", "road_name": "1611. Cadde", "synthetic_notice": "Gerçek altyapı değildir; eğitim ve demo amaçlı sentetik veridir."}, "geometry": {"type": "MultiLineString", "coordinates": [[[32.7322185, 39.9617459], [32.7323133, 39.9618716], [32.7325815, 39.9622272], [32.7329804, 39.9627562], [32.7332526, 39.9631171], [32.7333322, 39.963247], [32.7333906, 39.9633526], [32.7334398, 39.9634511], [32.733466, 39.963516], [32.7334929, 39.9635878], [32.7335003, 39.9636075], [32.7335308, 39.9636967], [32.7335393, 39.9637324], [32.7335536, 39.9637921], [32.7335685, 39.9638559], [32.7336658, 39.964274], [32.7336695, 39.9642912], [32.7336717, 39.9643075], [32.7337033, 39.9647779], [32.7337066, 39.9648398], [32.7337076, 39.964877], [32.7337051, 39.9649062], [32.7336986, 39.9649504], [32.73364, 39.9653496], [32.7336326, 39.9654619]]]}}, {"type": "Feature", "properties": {"pipe_code": "YMH-OSM-P-0205", "pipe_type": "main_line", "diameter_mm": 315, "material": "çelik", "pressure_level": "medium", "operating_pressure_bar": 4.0, "status": "bakımda", "install_year": 2005, "district": "Yenimahalle", "source": "synthetic_demo_yenimahalle_osm_20260721", "osm_highway": "primary", "road_name": "1611. Cadde", "synthetic_notice": "Gerçek altyapı değildir; eğitim ve demo amaçlı sentetik veridir."}, "geometry": {"type": "MultiLineString", "coordinates": [[[32.7336326, 39.9654619], [32.7336029, 39.965799], [32.7335994, 39.9658492], [32.733598, 39.9659564]]]}}, {"type": "Feature", "properties": {"pipe_code": "YMH-OSM-P-0206", "pipe_type": "main_line", "diameter_mm": 400, "material": "çelik", "pressure_level": "medium", "operating_pressure_bar": 4.0, "status": "aktif", "install_year": 2012, "district": "Yenimahalle", "source": "synthetic_demo_yenimahalle_osm_20260721", "osm_highway": "primary", "road_name": "Başkent Bulvarı", "synthetic_notice": "Gerçek altyapı değildir; eğitim ve demo amaçlı sentetik veridir."}, "geometry": {"type": "MultiLineString", "coordinates": [[[32.733598, 39.9659564], [32.7337545, 39.9658968], [32.7341452, 39.9657305]]]}}, {"type": "Feature", "properties": {"pipe_code": "YMH-OSM-P-0207", "pipe_type": "main_line", "diameter_mm": 250, "material": "çelik", "pressure_level": "medium", "operating_pressure_bar": 4.0, "status": "aktif", "install_year": 2019, "district": "Yenimahalle", "source": "synthetic_demo_yenimahalle_osm_20260721", "osm_highway": "primary", "road_name": "Başkent Bulvarı", "synthetic_notice": "Gerçek altyapı değildir; eğitim ve demo amaçlı sentetik veridir."}, "geometry": {"type": "MultiLineString", "coordinates": [[[32.7341452, 39.9657305], [32.734776, 39.9654619], [32.7356141, 39.9651667], [32.7358899, 39.965091], [32.7364243, 39.9649444], [32.737189, 39.9647345], [32.7373942, 39.9646782], [32.738219, 39.9644519], [32.7398014, 39.9640445], [32.7414611, 39.9636171], [32.7415556, 39.9635928], [32.7418601, 39.9635502], [32.7423516, 39.9634815], [32.7425688, 39.9634512], [32.7429166, 39.9634139], [32.7435093, 39.9633879], [32.7441583, 39.9633899]]]}}, {"type": "Feature", "properties": {"pipe_code": "YMH-OSM-P-0208", "pipe_type": "main_line", "diameter_mm": 315, "material": "çelik", "pressure_level": "medium", "operating_pressure_bar": 4.0, "status": "aktif", "install_year": 1998, "district": "Yenimahalle", "source": "synthetic_demo_yenimahalle_osm_20260721", "osm_highway": "primary", "road_name": "Başkent Bulvarı", "synthetic_notice": "Gerçek altyapı değildir; eğitim ve demo amaçlı sentetik veridir."}, "geometry": {"type": "MultiLineString", "coordinates": [[[32.7441583, 39.9633899], [32.7450363, 39.9634428], [32.7453447, 39.96347], [32.7456212, 39.9635058], [32.7458721, 39.9635515], [32.7461015, 39.9635865], [32.7463064, 39.9636215]]]}}, {"type": "Feature", "properties": {"pipe_code": "YMH-OSM-P-0209", "pipe_type": "main_line", "diameter_mm": 400, "material": "çelik", "pressure_level": "medium", "operating_pressure_bar": 4.0, "status": "aktif", "install_year": 2005, "district": "Yenimahalle", "source": "synthetic_demo_yenimahalle_osm_20260721", "osm_highway": "primary", "road_name": "Başkent Bulvarı", "synthetic_notice": "Gerçek altyapı değildir; eğitim ve demo amaçlı sentetik veridir."}, "geometry": {"type": "MultiLineString", "coordinates": [[[32.7463064, 39.9636215], [32.7477511, 39.964076]]]}}, {"type": "Feature", "properties": {"pipe_code": "YMH-OSM-P-0210", "pipe_type": "main_line", "diameter_mm": 250, "material": "çelik", "pressure_level": "medium", "operating_pressure_bar": 4.0, "status": "aktif", "install_year": 2012, "district": "Yenimahalle", "source": "synthetic_demo_yenimahalle_osm_20260721", "osm_highway": "primary", "road_name": "Bağdat Caddesi;Başkent Bulvarı", "synthetic_notice": "Gerçek altyapı değildir; eğitim ve demo amaçlı sentetik veridir."}, "geometry": {"type": "MultiLineString", "coordinates": [[[32.7477511, 39.964076], [32.7479491, 39.9641382], [32.7481073, 39.9641908]]]}}, {"type": "Feature", "properties": {"pipe_code": "YMH-OSM-P-0211", "pipe_type": "main_line", "diameter_mm": 315, "material": "çelik", "pressure_level": "medium", "operating_pressure_bar": 4.0, "status": "aktif", "install_year": 2019, "district": "Yenimahalle", "source": "synthetic_demo_yenimahalle_osm_20260721", "osm_highway": "primary", "road_name": "Bağdat Caddesi", "synthetic_notice": "Gerçek altyapı değildir; eğitim ve demo amaçlı sentetik veridir."}, "geometry": {"type": "MultiLineString", "coordinates": [[[32.7481073, 39.9641908], [32.7481431, 39.9642006], [32.7482763, 39.9642373], [32.7487944, 39.9643594], [32.7492687, 39.9644165], [32.7497403, 39.9644253], [32.7502597, 39.964362]]]}}, {"type": "Feature", "properties": {"pipe_code": "YMH-OSM-P-0212", "pipe_type": "main_line", "diameter_mm": 400, "material": "çelik", "pressure_level": "medium", "operating_pressure_bar": 4.0, "status": "aktif", "install_year": 1998, "district": "Yenimahalle", "source": "synthetic_demo_yenimahalle_osm_20260721", "osm_highway": "primary", "road_name": "Bağdat Caddesi", "synthetic_notice": "Gerçek altyapı değildir; eğitim ve demo amaçlı sentetik veridir."}, "geometry": {"type": "MultiLineString", "coordinates": [[[32.7502597, 39.964362], [32.7505739, 39.964305]]]}}, {"type": "Feature", "properties": {"pipe_code": "YMH-OSM-P-0213", "pipe_type": "main_line", "diameter_mm": 250, "material": "çelik", "pressure_level": "medium", "operating_pressure_bar": 4.0, "status": "aktif", "install_year": 2005, "district": "Yenimahalle", "source": "synthetic_demo_yenimahalle_osm_20260721", "osm_highway": "primary", "road_name": "Bağdat Caddesi", "synthetic_notice": "Gerçek altyapı değildir; eğitim ve demo amaçlı sentetik veridir."}, "geometry": {"type": "MultiLineString", "coordinates": [[[32.7505739, 39.964305], [32.7509737, 39.9642754], [32.7515105, 39.9642357], [32.7524511, 39.9641503], [32.7525044, 39.9641442]]]}}, {"type": "Feature", "properties": {"pipe_code": "YMH-OSM-P-0214", "pipe_type": "main_line", "diameter_mm": 315, "material": "çelik", "pressure_level": "medium", "operating_pressure_bar": 4.0, "status": "aktif", "install_year": 2012, "district": "Yenimahalle", "source": "synthetic_demo_yenimahalle_osm_20260721", "osm_highway": "primary", "road_name": "Bağdat Caddesi", "synthetic_notice": "Gerçek altyapı değildir; eğitim ve demo amaçlı sentetik veridir."}, "geometry": {"type": "MultiLineString", "coordinates": [[[32.7525044, 39.9641442], [32.7528278, 39.9641076], [32.7531573, 39.964065]]]}}, {"type": "Feature", "properties": {"pipe_code": "YMH-OSM-P-0215", "pipe_type": "main_line", "diameter_mm": 400, "material": "çelik", "pressure_level": "medium", "operating_pressure_bar": 4.0, "status": "aktif", "install_year": 2019, "district": "Yenimahalle", "source": "synthetic_demo_yenimahalle_osm_20260721", "osm_highway": "primary", "road_name": "Bağdat Caddesi", "synthetic_notice": "Gerçek altyapı değildir; eğitim ve demo amaçlı sentetik veridir."}, "geometry": {"type": "MultiLineString", "coordinates": [[[32.7531573, 39.964065], [32.7533138, 39.9640433], [32.7539768, 39.9639311], [32.7546817, 39.9637691], [32.7555016, 39.9635941]]]}}, {"type": "Feature", "properties": {"pipe_code": "YMH-OSM-P-0216", "pipe_type": "main_line", "diameter_mm": 250, "material": "çelik", "pressure_level": "medium", "operating_pressure_bar": 4.0, "status": "aktif", "install_year": 1998, "district": "Yenimahalle", "source": "synthetic_demo_yenimahalle_osm_20260721", "osm_highway": "primary", "road_name": "Bağdat Caddesi", "synthetic_notice": "Gerçek altyapı değildir; eğitim ve demo amaçlı sentetik veridir."}, "geometry": {"type": "MultiLineString", "coordinates": [[[32.7555016, 39.9635941], [32.7559915, 39.96347], [32.7561729, 39.9634249], [32.7567366, 39.9632689], [32.7570825, 39.9631847], [32.7577099, 39.9630298], [32.7581324, 39.9629255]]]}}, {"type": "Feature", "properties": {"pipe_code": "YMH-OSM-P-0217", "pipe_type": "main_line", "diameter_mm": 315, "material": "çelik", "pressure_level": "medium", "operating_pressure_bar": 4.0, "status": "aktif", "install_year": 2005, "district": "Yenimahalle", "source": "synthetic_demo_yenimahalle_osm_20260721", "osm_highway": "primary", "road_name": "Bağdat Caddesi", "synthetic_notice": "Gerçek altyapı değildir; eğitim ve demo amaçlı sentetik veridir."}, "geometry": {"type": "MultiLineString", "coordinates": [[[32.7581324, 39.9629255], [32.7582095, 39.9629065], [32.7585598, 39.96282]]]}}, {"type": "Feature", "properties": {"pipe_code": "YMH-OSM-P-0218", "pipe_type": "main_line", "diameter_mm": 400, "material": "çelik", "pressure_level": "medium", "operating_pressure_bar": 4.0, "status": "aktif", "install_year": 2012, "district": "Yenimahalle", "source": "synthetic_demo_yenimahalle_osm_20260721", "osm_highway": "primary", "road_name": "1611. Cadde", "synthetic_notice": "Gerçek altyapı değildir; eğitim ve demo amaçlı sentetik veridir."}, "geometry": {"type": "MultiLineString", "coordinates": [[[32.7321208, 39.9616273], [32.7321352, 39.9616292], [32.7321671, 39.9616386], [32.7321917, 39.9616523], [32.7322108, 39.9616714], [32.7322225, 39.9616937], [32.7322258, 39.9617176], [32.7322185, 39.9617459]]]}}, {"type": "Feature", "properties": {"pipe_code": "YMH-OSM-P-0219", "pipe_type": "main_line", "diameter_mm": 250, "material": "çelik", "pressure_level": "medium", "operating_pressure_bar": 4.0, "status": "aktif", "install_year": 2019, "district": "Yenimahalle", "source": "synthetic_demo_yenimahalle_osm_20260721", "osm_highway": "primary", "road_name": "1611. Cadde", "synthetic_notice": "Gerçek altyapı değildir; eğitim ve demo amaçlı sentetik veridir."}, "geometry": {"type": "MultiLineString", "coordinates": [[[32.7292445, 39.9580729], [32.7293081, 39.9581832], [32.7293839, 39.9583145], [32.7298473, 39.9588754], [32.7302158, 39.9593216], [32.730381, 39.9595215], [32.7313284, 39.9606683], [32.732018, 39.9615029], [32.7320383, 39.9615274], [32.7321208, 39.9616273]]]}}, {"type": "Feature", "properties": {"pipe_code": "YMH-OSM-P-0220", "pipe_type": "main_line", "diameter_mm": 315, "material": "çelik", "pressure_level": "medium", "operating_pressure_bar": 4.0, "status": "aktif", "install_year": 1998, "district": "Yenimahalle", "source": "synthetic_demo_yenimahalle_osm_20260721", "osm_highway": "primary", "road_name": "Adsız yol", "synthetic_notice": "Gerçek altyapı değildir; eğitim ve demo amaçlı sentetik veridir."}, "geometry": {"type": "MultiLineString", "coordinates": [[[32.7292445, 39.9580729], [32.7292223, 39.9581012], [32.7291762, 39.9581366], [32.7291028, 39.9581652], [32.7290549, 39.9581699], [32.7289853, 39.9581642]]]}}, {"type": "Feature", "properties": {"pipe_code": "YMH-OSM-P-0221", "pipe_type": "main_line", "diameter_mm": 400, "material": "çelik", "pressure_level": "medium", "operating_pressure_bar": 4.0, "status": "aktif", "install_year": 2005, "district": "Yenimahalle", "source": "synthetic_demo_yenimahalle_osm_20260721", "osm_highway": "primary", "road_name": "1611. Cadde", "synthetic_notice": "Gerçek altyapı değildir; eğitim ve demo amaçlı sentetik veridir."}, "geometry": {"type": "MultiLineString", "coordinates": [[[32.7319981, 39.9617045], [32.7319063, 39.9615956], [32.7311942, 39.9607508], [32.731155, 39.9607043], [32.730228, 39.9596045], [32.7301457, 39.9595068], [32.7300563, 39.9594008], [32.7296866, 39.9589626], [32.7291925, 39.958377], [32.7291109, 39.9582993], [32.7290879, 39.9582745], [32.7289853, 39.9581642]]]}}, {"type": "Feature", "properties": {"pipe_code": "YMH-OSM-P-0222", "pipe_type": "main_line", "diameter_mm": 250, "material": "çelik", "pressure_level": "medium", "operating_pressure_bar": 4.0, "status": "aktif", "install_year": 2012, "district": "Yenimahalle", "source": "synthetic_demo_yenimahalle_osm_20260721", "osm_highway": "primary", "road_name": "Adsız yol", "synthetic_notice": "Gerçek altyapı değildir; eğitim ve demo amaçlı sentetik veridir."}, "geometry": {"type": "MultiLineString", "coordinates": [[[32.7289853, 39.9581642], [32.7289215, 39.9581421], [32.7288698, 39.958106], [32.7288353, 39.9580593], [32.7288173, 39.95799], [32.7288329, 39.9579451], [32.728869, 39.9578941]]]}}, {"type": "Feature", "properties": {"pipe_code": "YMH-OSM-P-0223", "pipe_type": "main_line", "diameter_mm": 315, "material": "çelik", "pressure_level": "medium", "operating_pressure_bar": 4.0, "status": "aktif", "install_year": 2019, "district": "Yenimahalle", "source": "synthetic_demo_yenimahalle_osm_20260721", "osm_highway": "primary", "road_name": "Cengiz Aytmatov Caddesi", "synthetic_notice": "Gerçek altyapı değildir; eğitim ve demo amaçlı sentetik veridir."}, "geometry": {"type": "MultiLineString", "coordinates": [[[32.7239756, 39.9578731], [32.7241381, 39.9578965], [32.7242907, 39.9579081], [32.7244496, 39.9579092], [32.7254005, 39.9579159], [32.7255778, 39.9579171], [32.7265207, 39.9579236], [32.7270843, 39.9579279], [32.7271769, 39.9579283], [32.7276934, 39.9579319], [32.7284089, 39.9579369], [32.7284441, 39.9579365], [32.7284782, 39.9579343], [32.7287279, 39.9579086], [32.7287766, 39.9579036], [32.728869, 39.9578941]]]}}, {"type": "Feature", "properties": {"pipe_code": "YMH-OSM-P-0224", "pipe_type": "main_line", "diameter_mm": 400, "material": "çelik", "pressure_level": "medium", "operating_pressure_bar": 4.0, "status": "aktif", "install_year": 1998, "district": "Yenimahalle", "source": "synthetic_demo_yenimahalle_osm_20260721", "osm_highway": "primary", "road_name": "Cengiz Aytmatov Caddesi", "synthetic_notice": "Gerçek altyapı değildir; eğitim ve demo amaçlı sentetik veridir."}, "geometry": {"type": "MultiLineString", "coordinates": [[[32.7235449, 39.9578702], [32.723581, 39.9578352], [32.7236219, 39.9578053], [32.7236762, 39.9577702], [32.7237439, 39.9577588], [32.7238129, 39.9577631], [32.7238721, 39.9577798], [32.7239182, 39.9578134], [32.7239485, 39.9578432], [32.7239756, 39.9578731]]]}}, {"type": "Feature", "properties": {"pipe_code": "YMH-OSM-P-0225", "pipe_type": "main_line", "diameter_mm": 250, "material": "çelik", "pressure_level": "medium", "operating_pressure_bar": 4.0, "status": "aktif", "install_year": 2005, "district": "Yenimahalle", "source": "synthetic_demo_yenimahalle_osm_20260721", "osm_highway": "primary", "road_name": "Cengiz Aytmatov Caddesi", "synthetic_notice": "Gerçek altyapı değildir; eğitim ve demo amaçlı sentetik veridir."}, "geometry": {"type": "MultiLineString", "coordinates": [[[32.7206403, 39.9580398], [32.7207688, 39.9580063], [32.7208452, 39.957995], [32.7214213, 39.9579102], [32.7214926, 39.9579022], [32.7215759, 39.9578999], [32.7218326, 39.9579001], [32.7228026, 39.9579007], [32.722856, 39.9579007], [32.7232554, 39.957901], [32.723328, 39.9578937], [32.7233652, 39.9578868], [32.7235449, 39.9578702]]]}}, {"type": "Feature", "properties": {"pipe_code": "YMH-OSM-P-0226", "pipe_type": "main_line", "diameter_mm": 315, "material": "çelik", "pressure_level": "medium", "operating_pressure_bar": 4.0, "status": "aktif", "install_year": 2012, "district": "Yenimahalle", "source": "synthetic_demo_yenimahalle_osm_20260721", "osm_highway": "primary", "road_name": "Adsız yol", "synthetic_notice": "Gerçek altyapı değildir; eğitim ve demo amaçlı sentetik veridir."}, "geometry": {"type": "MultiLineString", "coordinates": [[[32.7319981, 39.9617045], [32.7320084, 39.9616772], [32.7320295, 39.9616539], [32.7320592, 39.961637], [32.7320945, 39.9616282], [32.7321208, 39.9616273]]]}}, {"type": "Feature", "properties": {"pipe_code": "YMH-OSM-P-0227", "pipe_type": "main_line", "diameter_mm": 400, "material": "çelik", "pressure_level": "medium", "operating_pressure_bar": 4.0, "status": "aktif", "install_year": 2019, "district": "Yenimahalle", "source": "synthetic_demo_yenimahalle_osm_20260721", "osm_highway": "primary", "road_name": "1611. Cadde", "synthetic_notice": "Gerçek altyapı değildir; eğitim ve demo amaçlı sentetik veridir."}, "geometry": {"type": "MultiLineString", "coordinates": [[[32.7320626, 39.961794], [32.7320333, 39.9617787], [32.7320116, 39.9617572], [32.7319994, 39.9617317], [32.7319981, 39.9617045]]]}}, {"type": "Feature", "properties": {"pipe_code": "YMH-OSM-P-0228", "pipe_type": "main_line", "diameter_mm": 250, "material": "çelik", "pressure_level": "medium", "operating_pressure_bar": 4.0, "status": "aktif", "install_year": 1998, "district": "Yenimahalle", "source": "synthetic_demo_yenimahalle_osm_20260721", "osm_highway": "primary", "road_name": "Adsız yol", "synthetic_notice": "Gerçek altyapı değildir; eğitim ve demo amaçlı sentetik veridir."}, "geometry": {"type": "MultiLineString", "coordinates": [[[32.728869, 39.9578941], [32.7289209, 39.9578575], [32.7289851, 39.9578352]]]}}, {"type": "Feature", "properties": {"pipe_code": "YMH-OSM-P-0229", "pipe_type": "main_line", "diameter_mm": 315, "material": "çelik", "pressure_level": "medium", "operating_pressure_bar": 4.0, "status": "aktif", "install_year": 2005, "district": "Yenimahalle", "source": "synthetic_demo_yenimahalle_osm_20260721", "osm_highway": "primary", "road_name": "Rajiv Gandhi Caddesi", "synthetic_notice": "Gerçek altyapı değildir; eğitim ve demo amaçlı sentetik veridir."}, "geometry": {"type": "MultiLineString", "coordinates": [[[32.7289851, 39.9578352], [32.729116, 39.9577646], [32.7291272, 39.9577585], [32.7292144, 39.9577034], [32.7292968, 39.9576343], [32.7297641, 39.9571303], [32.7298812, 39.9570037], [32.7307009, 39.9561177], [32.7307773, 39.9560435], [32.7311323, 39.9556986], [32.7312363, 39.9555931], [32.7316655, 39.9551577], [32.731821, 39.9550124], [32.7320223, 39.9548364], [32.7321954, 39.9547058], [32.7323646, 39.9545903], [32.7327449, 39.9543547], [32.7327855, 39.9543281], [32.732913, 39.9542446]]]}}, {"type": "Feature", "properties": {"pipe_code": "YMH-OSM-P-0230", "pipe_type": "main_line", "diameter_mm": 400, "material": "çelik", "pressure_level": "medium", "operating_pressure_bar": 4.0, "status": "aktif", "install_year": 2012, "district": "Yenimahalle", "source": "synthetic_demo_yenimahalle_osm_20260721", "osm_highway": "primary", "road_name": "Rajiv Gandhi Caddesi", "synthetic_notice": "Gerçek altyapı değildir; eğitim ve demo amaçlı sentetik veridir."}, "geometry": {"type": "MultiLineString", "coordinates": [[[32.732913, 39.9542446], [32.7330252, 39.9541738], [32.7331746, 39.9540796], [32.7339618, 39.9535833], [32.7346572, 39.9531448], [32.7353287, 39.9527214], [32.7355473, 39.9525733], [32.7357469, 39.9524309], [32.7360044, 39.9522286], [32.7362125, 39.9520411], [32.736405, 39.9518546], [32.7368125, 39.951427], [32.737177, 39.9510327], [32.737716, 39.95042], [32.7378092, 39.950305], [32.7379491, 39.9501137], [32.7380645, 39.9499057], [32.7381358, 39.9497549], [32.738209, 39.9495772], [32.7382634, 39.9494048], [32.7383058, 39.9492293], [32.738341, 39.9490186], [32.7383824, 39.9485536], [32.738383, 39.9484375], [32.7383548, 39.9482303], [32.7383468, 39.9481882], [32.7383275, 39.9481161]]]}}, {"type": "Feature", "properties": {"pipe_code": "YMH-OSM-P-0231", "pipe_type": "main_line", "diameter_mm": 250, "material": "çelik", "pressure_level": "medium", "operating_pressure_bar": 4.0, "status": "aktif", "install_year": 2019, "district": "Yenimahalle", "source": "synthetic_demo_yenimahalle_osm_20260721", "osm_highway": "primary", "road_name": "Adsız yol", "synthetic_notice": "Gerçek altyapı değildir; eğitim ve demo amaçlı sentetik veridir."}, "geometry": {"type": "MultiLineString", "coordinates": [[[32.7289851, 39.9578352], [32.7290631, 39.9578286], [32.7291338, 39.9578447], [32.7291943, 39.9578742], [32.7292261, 39.9578973], [32.7292598, 39.9579596], [32.729266, 39.9580007]]]}}, {"type": "Feature", "properties": {"pipe_code": "YMH-OSM-P-0232", "pipe_type": "main_line", "diameter_mm": 315, "material": "çelik", "pressure_level": "medium", "operating_pressure_bar": 4.0, "status": "aktif", "install_year": 1998, "district": "Yenimahalle", "source": "synthetic_demo_yenimahalle_osm_20260721", "osm_highway": "primary", "road_name": "Rajiv Gandhi Caddesi", "synthetic_notice": "Gerçek altyapı değildir; eğitim ve demo amaçlı sentetik veridir."}, "geometry": {"type": "MultiLineString", "coordinates": [[[32.7331255, 39.9542796], [32.7330111, 39.9543516], [32.732891, 39.9544272], [32.7325134, 39.9546649], [32.7323284, 39.9547875], [32.7321647, 39.9549125], [32.7320464, 39.9550109], [32.7319006, 39.955142], [32.7315617, 39.9554853], [32.7313604, 39.9556892], [32.7309187, 39.9561366], [32.7308483, 39.9562079], [32.7300347, 39.957078], [32.7294218, 39.9577334], [32.729359, 39.957824], [32.7293222, 39.9578872], [32.7293154, 39.9578989], [32.729266, 39.9580007]]]}}, {"type": "Feature", "properties": {"pipe_code": "YMH-OSM-P-0233", "pipe_type": "main_line", "diameter_mm": 400, "material": "çelik", "pressure_level": "medium", "operating_pressure_bar": 4.0, "status": "aktif", "install_year": 2005, "district": "Yenimahalle", "source": "synthetic_demo_yenimahalle_osm_20260721", "osm_highway": "primary", "road_name": "Rajiv Gandhi Caddesi", "synthetic_notice": "Gerçek altyapı değildir; eğitim ve demo amaçlı sentetik veridir."}, "geometry": {"type": "MultiLineString", "coordinates": [[[32.7386747, 39.9480937], [32.738645, 39.9481901], [32.7385659, 39.9484473], [32.7385302, 39.9490466], [32.7384942, 39.9492868], [32.7384411, 39.9494913], [32.7383666, 39.9497074], [32.7382743, 39.949913], [32.7381605, 39.9501182], [32.7380442, 39.9502938], [32.7379218, 39.9504544], [32.7373072, 39.9511185], [32.7365358, 39.9519457], [32.7363542, 39.95212], [32.7361278, 39.9523169], [32.7358821, 39.9525092], [32.7356695, 39.9526586], [32.7355299, 39.9527566], [32.7352058, 39.9529702], [32.7349753, 39.9531153], [32.7347551, 39.9532538], [32.7345203, 39.9534016], [32.7342997, 39.9535405], [32.7340642, 39.9536887], [32.7336951, 39.953921], [32.7334096, 39.9541008], [32.7333175, 39.9541599], [32.7332836, 39.954181], [32.7331255, 39.9542796]]]}}, {"type": "Feature", "properties": {"pipe_code": "YMH-OSM-P-0234", "pipe_type": "main_line", "diameter_mm": 250, "material": "çelik", "pressure_level": "medium", "operating_pressure_bar": 4.0, "status": "aktif", "install_year": 2012, "district": "Yenimahalle", "source": "synthetic_demo_yenimahalle_osm_20260721", "osm_highway": "primary", "road_name": "Rajiv Gandhi Caddesi", "synthetic_notice": "Gerçek altyapı değildir; eğitim ve demo amaçlı sentetik veridir."}, "geometry": {"type": "MultiLineString", "coordinates": [[[32.7383275, 39.9481161], [32.7383157, 39.947971], [32.7383195, 39.9479059], [32.7383233, 39.9478259]]]}}, {"type": "Feature", "properties": {"pipe_code": "YMH-OSM-P-0235", "pipe_type": "main_line", "diameter_mm": 315, "material": "çelik", "pressure_level": "medium", "operating_pressure_bar": 4.0, "status": "aktif", "install_year": 2019, "district": "Yenimahalle", "source": "synthetic_demo_yenimahalle_osm_20260721", "osm_highway": "primary", "road_name": "Rajiv Gandhi Caddesi", "synthetic_notice": "Gerçek altyapı değildir; eğitim ve demo amaçlı sentetik veridir."}, "geometry": {"type": "MultiLineString", "coordinates": [[[32.7383233, 39.9478259], [32.7383517, 39.9477267], [32.7383763, 39.9475771], [32.7383863, 39.9473866], [32.738388, 39.9473426], [32.738514, 39.9461523], [32.738578, 39.9457275]]]}}, {"type": "Feature", "properties": {"pipe_code": "YMH-OSM-P-0236", "pipe_type": "main_line", "diameter_mm": 400, "material": "çelik", "pressure_level": "medium", "operating_pressure_bar": 4.0, "status": "aktif", "install_year": 1998, "district": "Yenimahalle", "source": "synthetic_demo_yenimahalle_osm_20260721", "osm_highway": "primary", "road_name": "Rajiv Gandhi Caddesi", "synthetic_notice": "Gerçek altyapı değildir; eğitim ve demo amaçlı sentetik veridir."}, "geometry": {"type": "MultiLineString", "coordinates": [[[32.738578, 39.9457275], [32.7385918, 39.9455676], [32.7385918, 39.9454436], [32.7385942, 39.9454055], [32.7386007, 39.945299]]]}}, {"type": "Feature", "properties": {"pipe_code": "YMH-OSM-P-0237", "pipe_type": "main_line", "diameter_mm": 250, "material": "çelik", "pressure_level": "medium", "operating_pressure_bar": 4.0, "status": "aktif", "install_year": 2005, "district": "Yenimahalle", "source": "synthetic_demo_yenimahalle_osm_20260721", "osm_highway": "primary", "road_name": "Rajiv Gandhi Caddesi", "synthetic_notice": "Gerçek altyapı değildir; eğitim ve demo amaçlı sentetik veridir."}, "geometry": {"type": "MultiLineString", "coordinates": [[[32.7386279, 39.9478194], [32.7386665, 39.9479458], [32.7386706, 39.9480319], [32.7386747, 39.9480937]]]}}, {"type": "Feature", "properties": {"pipe_code": "YMH-OSM-P-0238", "pipe_type": "main_line", "diameter_mm": 315, "material": "çelik", "pressure_level": "medium", "operating_pressure_bar": 4.0, "status": "aktif", "install_year": 2012, "district": "Yenimahalle", "source": "synthetic_demo_yenimahalle_osm_20260721", "osm_highway": "primary", "road_name": "Rajiv Gandhi Caddesi", "synthetic_notice": "Gerçek altyapı değildir; eğitim ve demo amaçlı sentetik veridir."}, "geometry": {"type": "MultiLineString", "coordinates": [[[32.7387855, 39.9457276], [32.738745, 39.9459254], [32.7387021, 39.9462058], [32.7385887, 39.94729], [32.7385813, 39.9473957], [32.7385809, 39.9475681], [32.7385974, 39.9477013], [32.7386041, 39.9477311], [32.7386279, 39.9478194]]]}}, {"type": "Feature", "properties": {"pipe_code": "YMH-OSM-P-0239", "pipe_type": "main_line", "diameter_mm": 400, "material": "çelik", "pressure_level": "medium", "operating_pressure_bar": 4.0, "status": "aktif", "install_year": 2019, "district": "Yenimahalle", "source": "synthetic_demo_yenimahalle_osm_20260721", "osm_highway": "primary", "road_name": "Rajiv Gandhi Caddesi", "synthetic_notice": "Gerçek altyapı değildir; eğitim ve demo amaçlı sentetik veridir."}, "geometry": {"type": "MultiLineString", "coordinates": [[[32.7388548, 39.9453083], [32.7388392, 39.9454189], [32.7388187, 39.9455645], [32.7387855, 39.9457276]]]}}, {"type": "Feature", "properties": {"pipe_code": "YMH-OSM-P-0240", "pipe_type": "main_line", "diameter_mm": 250, "material": "çelik", "pressure_level": "medium", "operating_pressure_bar": 4.0, "status": "aktif", "install_year": 1998, "district": "Yenimahalle", "source": "synthetic_demo_yenimahalle_osm_20260721", "osm_highway": "primary", "road_name": "Batı Bulvarı", "synthetic_notice": "Gerçek altyapı değildir; eğitim ve demo amaçlı sentetik veridir."}, "geometry": {"type": "MultiLineString", "coordinates": [[[32.7386747, 39.9480937], [32.7384913, 39.9481096], [32.7384335, 39.9481119], [32.7383275, 39.9481161]]]}}, {"type": "Feature", "properties": {"pipe_code": "YMH-OSM-P-0241", "pipe_type": "main_line", "diameter_mm": 315, "material": "çelik", "pressure_level": "medium", "operating_pressure_bar": 4.0, "status": "aktif", "install_year": 2005, "district": "Yenimahalle", "source": "synthetic_demo_yenimahalle_osm_20260721", "osm_highway": "primary", "road_name": "Batı Bulvarı", "synthetic_notice": "Gerçek altyapı değildir; eğitim ve demo amaçlı sentetik veridir."}, "geometry": {"type": "MultiLineString", "coordinates": [[[32.7383233, 39.9478259], [32.7384052, 39.9478233], [32.7385409, 39.9478153], [32.7386279, 39.9478194]]]}}, {"type": "Feature", "properties": {"pipe_code": "YMH-OSM-P-0242", "pipe_type": "main_line", "diameter_mm": 400, "material": "çelik", "pressure_level": "medium", "operating_pressure_bar": 4.0, "status": "aktif", "install_year": 2012, "district": "Yenimahalle", "source": "synthetic_demo_yenimahalle_osm_20260721", "osm_highway": "primary", "road_name": "Başkent Bulvarı", "synthetic_notice": "Gerçek altyapı değildir; eğitim ve demo amaçlı sentetik veridir."}, "geometry": {"type": "MultiLineString", "coordinates": [[[32.727836, 39.9678844], [32.7279445, 39.9678257]]]}}, {"type": "Feature", "properties": {"pipe_code": "YMH-OSM-P-0243", "pipe_type": "main_line", "diameter_mm": 250, "material": "çelik", "pressure_level": "medium", "operating_pressure_bar": 4.0, "status": "aktif", "install_year": 2019, "district": "Yenimahalle", "source": "synthetic_demo_yenimahalle_osm_20260721", "osm_highway": "primary", "road_name": "Başkent Bulvarı", "synthetic_notice": "Gerçek altyapı değildir; eğitim ve demo amaçlı sentetik veridir."}, "geometry": {"type": "MultiLineString", "coordinates": [[[32.7276165, 39.96801], [32.727714, 39.9679542], [32.7277361, 39.9679416], [32.727836, 39.9678844]]]}}, {"type": "Feature", "properties": {"pipe_code": "YMH-OSM-P-0244", "pipe_type": "main_line", "diameter_mm": 315, "material": "çelik", "pressure_level": "medium", "operating_pressure_bar": 4.0, "status": "aktif", "install_year": 1998, "district": "Yenimahalle", "source": "synthetic_demo_yenimahalle_osm_20260721", "osm_highway": "primary", "road_name": "Başkent Bulvarı", "synthetic_notice": "Gerçek altyapı değildir; eğitim ve demo amaçlı sentetik veridir."}, "geometry": {"type": "MultiLineString", "coordinates": [[[32.7265831, 39.9686017], [32.7276165, 39.96801]]]}}, {"type": "Feature", "properties": {"pipe_code": "YMH-OSM-P-0245", "pipe_type": "main_line", "diameter_mm": 400, "material": "çelik", "pressure_level": "medium", "operating_pressure_bar": 4.0, "status": "aktif", "install_year": 2005, "district": "Yenimahalle", "source": "synthetic_demo_yenimahalle_osm_20260721", "osm_highway": "primary", "road_name": "Başkent Bulvarı", "synthetic_notice": "Gerçek altyapı değildir; eğitim ve demo amaçlı sentetik veridir."}, "geometry": {"type": "MultiLineString", "coordinates": [[[32.7170813, 39.9698917], [32.7173386, 39.9699459], [32.7173734, 39.9699532], [32.7176004, 39.9700011], [32.7181534, 39.9700945], [32.7190452, 39.9702452], [32.7192759, 39.9702813], [32.720288, 39.9704397], [32.7206065, 39.9704799], [32.7207236, 39.9704899], [32.720831, 39.9704991], [32.7211325, 39.9705165], [32.7213738, 39.970523], [32.7215397, 39.9705232], [32.7217157, 39.9705144], [32.721896, 39.9704933], [32.7219564, 39.9704836], [32.7220617, 39.9704668], [32.7222022, 39.9704389], [32.7224348, 39.9703782], [32.7226084, 39.970327], [32.7228257, 39.9702507], [32.72334, 39.9700205], [32.7241001, 39.9696804], [32.7241382, 39.9696634], [32.7243965, 39.9695478], [32.7250102, 39.9692856], [32.7255632, 39.9690493], [32.7257199, 39.9689806], [32.7258874, 39.9689071], [32.7264118, 39.9686769], [32.7265831, 39.9686017]]]}}, {"type": "Feature", "properties": {"pipe_code": "YMH-OSM-P-0246", "pipe_type": "main_line", "diameter_mm": 250, "material": "çelik", "pressure_level": "medium", "operating_pressure_bar": 4.0, "status": "bakımda", "install_year": 2012, "district": "Yenimahalle", "source": "synthetic_demo_yenimahalle_osm_20260721", "osm_highway": "primary", "road_name": "Batıkent Bulvarı", "synthetic_notice": "Gerçek altyapı değildir; eğitim ve demo amaçlı sentetik veridir."}, "geometry": {"type": "MultiLineString", "coordinates": [[[32.7206728, 39.958223], [32.7206936, 39.9583441], [32.7207032, 39.9584142], [32.7207167, 39.9584815], [32.7210038, 39.9593884], [32.7210181, 39.9594336], [32.7211419, 39.9599033], [32.7212046, 39.96035], [32.7212327, 39.9606199], [32.7212427, 39.960716], [32.7212532, 39.9608162], [32.7212732, 39.9610081], [32.7213113, 39.9613734], [32.7213337, 39.961617], [32.7213427, 39.9621069], [32.7213451, 39.9622358], [32.7213412, 39.9623604], [32.7213209, 39.9625676], [32.7212719, 39.9630664], [32.7211738, 39.9636243], [32.7211222, 39.9638162], [32.7211069, 39.9638733], [32.7210364, 39.9641359], [32.7208397, 39.9647192], [32.7208128, 39.9647853], [32.7206045, 39.9652973], [32.7205404, 39.9654549], [32.7205053, 39.9655337], [32.7199962, 39.9665056], [32.719831, 39.9668212], [32.7195539, 39.9672767], [32.7191589, 39.9678198], [32.7191427, 39.967842], [32.7191005, 39.9679], [32.7190349, 39.9679811], [32.7189088, 39.968133], [32.7187265, 39.9683414], [32.7185347, 39.9685339], [32.7181984, 39.9688575], [32.7178416, 39.9692008], [32.7172815, 39.969702], [32.7172552, 39.9697228], [32.7171597, 39.9698156], [32.7170813, 39.9698917]]]}}, {"type": "Feature", "properties": {"pipe_code": "YMH-OSM-P-0247", "pipe_type": "main_line", "diameter_mm": 315, "material": "çelik", "pressure_level": "medium", "operating_pressure_bar": 4.0, "status": "aktif", "install_year": 2019, "district": "Yenimahalle", "source": "synthetic_demo_yenimahalle_osm_20260721", "osm_highway": "primary", "road_name": "Cengiz Aytmatov Caddesi", "synthetic_notice": "Gerçek altyapı değildir; eğitim ve demo amaçlı sentetik veridir."}, "geometry": {"type": "MultiLineString", "coordinates": [[[32.7235818, 39.9580533], [32.7234813, 39.9580375], [32.7233553, 39.95803], [32.7232535, 39.9580237], [32.7219733, 39.9580248], [32.7218315, 39.9580249], [32.7216705, 39.958025], [32.7215154, 39.958033], [32.7213608, 39.9580484], [32.7212302, 39.958067], [32.7210911, 39.9580917], [32.7208833, 39.9581441], [32.7208284, 39.958158], [32.7206728, 39.958223]]]}}, {"type": "Feature", "properties": {"pipe_code": "YMH-OSM-P-0248", "pipe_type": "main_line", "diameter_mm": 400, "material": "çelik", "pressure_level": "medium", "operating_pressure_bar": 4.0, "status": "aktif", "install_year": 1998, "district": "Yenimahalle", "source": "synthetic_demo_yenimahalle_osm_20260721", "osm_highway": "primary", "road_name": "Batıkent Bulvarı", "synthetic_notice": "Gerçek altyapı değildir; eğitim ve demo amaçlı sentetik veridir."}, "geometry": {"type": "MultiLineString", "coordinates": [[[32.7170813, 39.9698917], [32.7170985, 39.9699468], [32.717093, 39.9700033], [32.7170654, 39.9700558], [32.7170183, 39.9700994], [32.7169881, 39.9701221], [32.7168848, 39.9701447]]]}}, {"type": "Feature", "properties": {"pipe_code": "YMH-OSM-P-0249", "pipe_type": "main_line", "diameter_mm": 250, "material": "çelik", "pressure_level": "medium", "operating_pressure_bar": 4.0, "status": "aktif", "install_year": 2005, "district": "Yenimahalle", "source": "synthetic_demo_yenimahalle_osm_20260721", "osm_highway": "primary", "road_name": "Başkent Bulvarı", "synthetic_notice": "Gerçek altyapı değildir; eğitim ve demo amaçlı sentetik veridir."}, "geometry": {"type": "MultiLineString", "coordinates": [[[32.7271797, 39.9684362], [32.7270684, 39.9684982], [32.7266655, 39.9687207], [32.7265033, 39.9687899], [32.7258128, 39.9690843], [32.7257334, 39.9691182], [32.7250758, 39.9693987], [32.7249648, 39.969446], [32.7244851, 39.9696506], [32.7243072, 39.9697343], [32.7242604, 39.9697563], [32.7242188, 39.9697758], [32.7234269, 39.9701481], [32.7233521, 39.9701833], [32.7228242, 39.9704068], [32.7226199, 39.9704808], [32.7224635, 39.9705256], [32.7222842, 39.9705686], [32.7221714, 39.9705904], [32.7220358, 39.9706166], [32.7219989, 39.9706216], [32.7219131, 39.9706333], [32.721801, 39.9706462], [32.7215882, 39.9706599], [32.7213941, 39.9706624], [32.7211494, 39.9706586], [32.7208559, 39.9706428], [32.7207128, 39.9706322], [32.7205328, 39.9706155], [32.7202527, 39.9705792], [32.7192317, 39.9704215], [32.7190054, 39.9703865], [32.7187766, 39.9703511], [32.7176142, 39.9701715], [32.7173547, 39.9701539], [32.717317, 39.9701497], [32.717263, 39.9701437], [32.7168848, 39.9701447]]]}}, {"type": "Feature", "properties": {"pipe_code": "YMH-OSM-P-0250", "pipe_type": "main_line", "diameter_mm": 315, "material": "çelik", "pressure_level": "medium", "operating_pressure_bar": 4.0, "status": "aktif", "install_year": 2012, "district": "Yenimahalle", "source": "synthetic_demo_yenimahalle_osm_20260721", "osm_highway": "primary", "road_name": "Başkent Bulvarı", "synthetic_notice": "Gerçek altyapı değildir; eğitim ve demo amaçlı sentetik veridir."}, "geometry": {"type": "MultiLineString", "coordinates": [[[32.7276465, 39.9681779], [32.7271797, 39.9684362]]]}}, {"type": "Feature", "properties": {"pipe_code": "YMH-OSM-P-0251", "pipe_type": "main_line", "diameter_mm": 400, "material": "çelik", "pressure_level": "medium", "operating_pressure_bar": 4.0, "status": "aktif", "install_year": 2019, "district": "Yenimahalle", "source": "synthetic_demo_yenimahalle_osm_20260721", "osm_highway": "primary", "road_name": "Cengiz Aytmatov Caddesi", "synthetic_notice": "Gerçek altyapı değildir; eğitim ve demo amaçlı sentetik veridir."}, "geometry": {"type": "MultiLineString", "coordinates": [[[32.7239325, 39.9580596], [32.7238699, 39.9580983], [32.7238047, 39.9581145], [32.7237305, 39.9581164], [32.7236593, 39.9581005], [32.7236212, 39.9580805], [32.7235818, 39.9580533]]]}}, {"type": "Feature", "properties": {"pipe_code": "YMH-OSM-P-0252", "pipe_type": "main_line", "diameter_mm": 250, "material": "çelik", "pressure_level": "medium", "operating_pressure_bar": 4.0, "status": "aktif", "install_year": 1998, "district": "Yenimahalle", "source": "synthetic_demo_yenimahalle_osm_20260721", "osm_highway": "primary", "road_name": "Cengiz Aytmatov Caddesi", "synthetic_notice": "Gerçek altyapı değildir; eğitim ve demo amaçlı sentetik veridir."}, "geometry": {"type": "MultiLineString", "coordinates": [[[32.7288698, 39.958106], [32.7287481, 39.9580934], [32.7285179, 39.9580695], [32.7284706, 39.9580657], [32.7284237, 39.9580648], [32.727116, 39.9580572], [32.7269244, 39.9580561], [32.7255772, 39.9580483], [32.7243017, 39.9580409], [32.7241607, 39.958045], [32.7241366, 39.9580457], [32.7239325, 39.9580596]]]}}, {"type": "Feature", "properties": {"pipe_code": "YMH-OSM-P-0253", "pipe_type": "main_line", "diameter_mm": 315, "material": "çelik", "pressure_level": "medium", "operating_pressure_bar": 4.0, "status": "aktif", "install_year": 2005, "district": "Yenimahalle", "source": "synthetic_demo_yenimahalle_osm_20260721", "osm_highway": "primary", "road_name": "Başkent Bulvarı", "synthetic_notice": "Gerçek altyapı değildir; eğitim ve demo amaçlı sentetik veridir."}, "geometry": {"type": "MultiLineString", "coordinates": [[[32.7279288, 39.9680217], [32.7278521, 39.9680641], [32.7276465, 39.9681779]]]}}, {"type": "Feature", "properties": {"pipe_code": "YMH-OSM-P-0254", "pipe_type": "main_line", "diameter_mm": 400, "material": "çelik", "pressure_level": "medium", "operating_pressure_bar": 4.0, "status": "aktif", "install_year": 2012, "district": "Yenimahalle", "source": "synthetic_demo_yenimahalle_osm_20260721", "osm_highway": "primary", "road_name": "Adsız yol", "synthetic_notice": "Gerçek altyapı değildir; eğitim ve demo amaçlı sentetik veridir."}, "geometry": {"type": "MultiLineString", "coordinates": [[[32.7168024, 39.9697824], [32.7168701, 39.9697774], [32.7169369, 39.9697872], [32.7169975, 39.969811], [32.7170469, 39.9698468], [32.7170813, 39.9698917]]]}}, {"type": "Feature", "properties": {"pipe_code": "YMH-OSM-P-0255", "pipe_type": "main_line", "diameter_mm": 250, "material": "çelik", "pressure_level": "medium", "operating_pressure_bar": 4.0, "status": "aktif", "install_year": 2019, "district": "Yenimahalle", "source": "synthetic_demo_yenimahalle_osm_20260721", "osm_highway": "primary", "road_name": "Batıkent Bulvarı", "synthetic_notice": "Gerçek altyapı değildir; eğitim ve demo amaçlı sentetik veridir."}, "geometry": {"type": "MultiLineString", "coordinates": [[[32.7168024, 39.9697824], [32.717084, 39.9696748], [32.7171103, 39.9696521], [32.7175076, 39.9693094], [32.7180658, 39.9687839], [32.7184043, 39.9684652], [32.718492, 39.9683793], [32.7185882, 39.9682875], [32.7187769, 39.9680739], [32.7189023, 39.9679245], [32.7189678, 39.9678419], [32.719008, 39.9677847], [32.719239, 39.967456], [32.7193916, 39.967239], [32.7194107, 39.9672076], [32.7195783, 39.966932], [32.7196629, 39.9667928], [32.7197238, 39.9666766], [32.7198363, 39.9664616], [32.7198889, 39.9663613], [32.7202942, 39.9655877], [32.720396, 39.9653655], [32.7204391, 39.9652589], [32.7206732, 39.96468], [32.7208705, 39.964105], [32.7209532, 39.9637912], [32.7210029, 39.9636022], [32.721097, 39.9630636], [32.7211482, 39.9625609], [32.7211684, 39.9623627], [32.7211722, 39.9622477], [32.7211711, 39.9621628], [32.7211707, 39.9621308], [32.7211703, 39.9621033], [32.721168, 39.9619279], [32.721164, 39.9616307], [32.7210586, 39.9606302], [32.7210297, 39.9603564], [32.7209734, 39.9599229], [32.7208459, 39.9594503], [32.7208359, 39.9594179], [32.7205222, 39.9584008], [32.7205148, 39.958368], [32.7204897, 39.9582568]]]}}, {"type": "Feature", "properties": {"pipe_code": "YMH-OSM-P-0256", "pipe_type": "main_line", "diameter_mm": 315, "material": "çelik", "pressure_level": "medium", "operating_pressure_bar": 4.0, "status": "aktif", "install_year": 1998, "district": "Yenimahalle", "source": "synthetic_demo_yenimahalle_osm_20260721", "osm_highway": "primary", "road_name": "Başkent Bulvarı", "synthetic_notice": "Gerçek altyapı değildir; eğitim ve demo amaçlı sentetik veridir."}, "geometry": {"type": "MultiLineString", "coordinates": [[[32.7079567, 39.9697965], [32.7081118, 39.9697703], [32.7081853, 39.9697572], [32.7083045, 39.9697359], [32.7084879, 39.9697031], [32.709076, 39.969635], [32.7093177, 39.9696084], [32.7098439, 39.9695627], [32.7099781, 39.969556], [32.7101827, 39.9695457], [32.7105221, 39.9695327], [32.7111195, 39.9695286], [32.7120318, 39.9695749], [32.7126505, 39.9696063], [32.7135866, 39.9696506], [32.7136971, 39.9696557], [32.7151654, 39.969725], [32.7157955, 39.9697548], [32.7164006, 39.9698011], [32.7164516, 39.9698001], [32.7165157, 39.9697989], [32.7168024, 39.9697824]]]}}, {"type": "Feature", "properties": {"pipe_code": "YMH-OSM-P-0257", "pipe_type": "main_line", "diameter_mm": 400, "material": "çelik", "pressure_level": "medium", "operating_pressure_bar": 4.0, "status": "aktif", "install_year": 2005, "district": "Yenimahalle", "source": "synthetic_demo_yenimahalle_osm_20260721", "osm_highway": "primary", "road_name": "Batıkent Bulvarı", "synthetic_notice": "Gerçek altyapı değildir; eğitim ve demo amaçlı sentetik veridir."}, "geometry": {"type": "MultiLineString", "coordinates": [[[32.7166402, 39.9700383], [32.7166205, 39.9699865], [32.7166213, 39.9699325], [32.7166425, 39.969881], [32.7166822, 39.9698364], [32.7167371, 39.9698026], [32.7168024, 39.9697824]]]}}, {"type": "Feature", "properties": {"pipe_code": "YMH-OSM-P-0258", "pipe_type": "main_line", "diameter_mm": 250, "material": "çelik", "pressure_level": "medium", "operating_pressure_bar": 4.0, "status": "aktif", "install_year": 2012, "district": "Yenimahalle", "source": "synthetic_demo_yenimahalle_osm_20260721", "osm_highway": "primary", "road_name": "Adsız yol", "synthetic_notice": "Gerçek altyapı değildir; eğitim ve demo amaçlı sentetik veridir."}, "geometry": {"type": "MultiLineString", "coordinates": [[[32.7168848, 39.9701447], [32.7168101, 39.970142], [32.7167401, 39.9701218], [32.7166704, 39.970081], [32.7166402, 39.9700383]]]}}, {"type": "Feature", "properties": {"pipe_code": "YMH-OSM-P-0259", "pipe_type": "main_line", "diameter_mm": 315, "material": "çelik", "pressure_level": "medium", "operating_pressure_bar": 4.0, "status": "aktif", "install_year": 2019, "district": "Yenimahalle", "source": "synthetic_demo_yenimahalle_osm_20260721", "osm_highway": "primary", "road_name": "Batıkent Bulvarı", "synthetic_notice": "Gerçek altyapı değildir; eğitim ve demo amaçlı sentetik veridir."}, "geometry": {"type": "MultiLineString", "coordinates": [[[32.7206179, 39.9580285], [32.7206403, 39.9580398], [32.7206596, 39.9580496], [32.7206908, 39.9580794], [32.7207088, 39.9581152], [32.7207117, 39.9581534], [32.7207016, 39.9581882], [32.7206728, 39.958223]]]}}, {"type": "Feature", "properties": {"pipe_code": "YMH-OSM-P-0260", "pipe_type": "main_line", "diameter_mm": 400, "material": "çelik", "pressure_level": "medium", "operating_pressure_bar": 4.0, "status": "aktif", "install_year": 1998, "district": "Yenimahalle", "source": "synthetic_demo_yenimahalle_osm_20260721", "osm_highway": "primary", "road_name": "Batıkent Bulvarı", "synthetic_notice": "Gerçek altyapı değildir; eğitim ve demo amaçlı sentetik veridir."}, "geometry": {"type": "MultiLineString", "coordinates": [[[32.7167495, 39.9532274], [32.7172368, 39.9536642], [32.717542, 39.9539304], [32.7177411, 39.9541041], [32.7179264, 39.9542738], [32.7187871, 39.9550623], [32.7190714, 39.9553995], [32.7194577, 39.9559134], [32.7197046, 39.9563049], [32.7199244, 39.9566536], [32.7203267, 39.9573321], [32.720357, 39.9573891], [32.7204906, 39.9577456], [32.7205275, 39.9578277], [32.7205686, 39.9579186], [32.7205861, 39.9579576], [32.7206179, 39.9580285]]]}}, {"type": "Feature", "properties": {"pipe_code": "YMH-OSM-P-0261", "pipe_type": "main_line", "diameter_mm": 250, "material": "çelik", "pressure_level": "medium", "operating_pressure_bar": 4.0, "status": "aktif", "install_year": 2005, "district": "Yenimahalle", "source": "synthetic_demo_yenimahalle_osm_20260721", "osm_highway": "primary", "road_name": "Batıkent Bulvarı", "synthetic_notice": "Gerçek altyapı değildir; eğitim ve demo amaçlı sentetik veridir."}, "geometry": {"type": "MultiLineString", "coordinates": [[[32.7149125, 39.9515352], [32.7150106, 39.9516286], [32.7156221, 39.9522167], [32.7166391, 39.9531284], [32.7167495, 39.9532274]]]}}, {"type": "Feature", "properties": {"pipe_code": "YMH-OSM-P-0262", "pipe_type": "main_line", "diameter_mm": 315, "material": "çelik", "pressure_level": "medium", "operating_pressure_bar": 4.0, "status": "aktif", "install_year": 2012, "district": "Yenimahalle", "source": "synthetic_demo_yenimahalle_osm_20260721", "osm_highway": "primary", "road_name": "Batıkent Bulvarı", "synthetic_notice": "Gerçek altyapı değildir; eğitim ve demo amaçlı sentetik veridir."}, "geometry": {"type": "MultiLineString", "coordinates": [[[32.7144106, 39.9510545], [32.7149125, 39.9515352]]]}}, {"type": "Feature", "properties": {"pipe_code": "YMH-OSM-P-0263", "pipe_type": "main_line", "diameter_mm": 400, "material": "çelik", "pressure_level": "medium", "operating_pressure_bar": 4.0, "status": "aktif", "install_year": 2019, "district": "Yenimahalle", "source": "synthetic_demo_yenimahalle_osm_20260721", "osm_highway": "primary", "road_name": "Batıkent Bulvarı", "synthetic_notice": "Gerçek altyapı değildir; eğitim ve demo amaçlı sentetik veridir."}, "geometry": {"type": "MultiLineString", "coordinates": [[[32.711846, 39.9470405], [32.7118536, 39.9472015], [32.7118814, 39.9474045], [32.7119325, 39.9476096], [32.7120226, 39.9477938], [32.712213, 39.9481515], [32.7123686, 39.9484045], [32.7125215, 39.9486471], [32.7127414, 39.9490193], [32.7129131, 39.9493031], [32.7130392, 39.9495272], [32.7131643, 39.9497581], [32.7133251, 39.949992], [32.7136456, 39.9503131], [32.7139954, 39.9506586], [32.7142143, 39.9508743], [32.7142948, 39.9509539], [32.7144106, 39.9510545]]]}}, {"type": "Feature", "properties": {"pipe_code": "YMH-OSM-P-0264", "pipe_type": "main_line", "diameter_mm": 250, "material": "çelik", "pressure_level": "medium", "operating_pressure_bar": 4.0, "status": "aktif", "install_year": 1998, "district": "Yenimahalle", "source": "synthetic_demo_yenimahalle_osm_20260721", "osm_highway": "primary", "road_name": "Adsız yol", "synthetic_notice": "Gerçek altyapı değildir; eğitim ve demo amaçlı sentetik veridir."}, "geometry": {"type": "MultiLineString", "coordinates": [[[32.7079567, 39.9697965], [32.7079791, 39.9698075], [32.7080124, 39.969838], [32.708032, 39.9698748], [32.7080361, 39.9699144], [32.7080244, 39.9699531], [32.7079979, 39.9699873]]]}}, {"type": "Feature", "properties": {"pipe_code": "YMH-OSM-P-0265", "pipe_type": "main_line", "diameter_mm": 315, "material": "çelik", "pressure_level": "medium", "operating_pressure_bar": 4.0, "status": "aktif", "install_year": 2005, "district": "Yenimahalle", "source": "synthetic_demo_yenimahalle_osm_20260721", "osm_highway": "primary", "road_name": "Batıkent Bulvarı", "synthetic_notice": "Gerçek altyapı değildir; eğitim ve demo amaçlı sentetik veridir."}, "geometry": {"type": "MultiLineString", "coordinates": [[[32.7204897, 39.9582568], [32.7204489, 39.9582386], [32.7204167, 39.9582121], [32.7203958, 39.9581796], [32.7203881, 39.9581439], [32.7203925, 39.958111], [32.7204133, 39.9580749]]]}}, {"type": "Feature", "properties": {"pipe_code": "YMH-OSM-P-0266", "pipe_type": "main_line", "diameter_mm": 400, "material": "çelik", "pressure_level": "medium", "operating_pressure_bar": 4.0, "status": "aktif", "install_year": 2012, "district": "Yenimahalle", "source": "synthetic_demo_yenimahalle_osm_20260721", "osm_highway": "primary", "road_name": "Batıkent Bulvarı", "synthetic_notice": "Gerçek altyapı değildir; eğitim ve demo amaçlı sentetik veridir."}, "geometry": {"type": "MultiLineString", "coordinates": [[[32.7204133, 39.9580749], [32.7203942, 39.9579903], [32.7203857, 39.957953], [32.7203781, 39.9579256], [32.7203294, 39.9577495], [32.7201349, 39.957272], [32.7196628, 39.9565483], [32.7195146, 39.956318], [32.7192659, 39.9559315], [32.7189509, 39.9555099], [32.7187761, 39.9553017], [32.7186851, 39.955191], [32.718665, 39.9551666], [32.7182252, 39.9547719], [32.7177922, 39.9543555], [32.7176351, 39.9542044], [32.7169058, 39.9535738], [32.7167874, 39.9534574], [32.7164764, 39.9531517], [32.7158648, 39.9526089], [32.7153646, 39.952155], [32.7148778, 39.9516795], [32.7147894, 39.9516053]]]}}, {"type": "Feature", "properties": {"pipe_code": "YMH-OSM-P-0267", "pipe_type": "main_line", "diameter_mm": 250, "material": "çelik", "pressure_level": "medium", "operating_pressure_bar": 4.0, "status": "aktif", "install_year": 2019, "district": "Yenimahalle", "source": "synthetic_demo_yenimahalle_osm_20260721", "osm_highway": "primary", "road_name": "Batıkent Bulvarı", "synthetic_notice": "Gerçek altyapı değildir; eğitim ve demo amaçlı sentetik veridir."}, "geometry": {"type": "MultiLineString", "coordinates": [[[32.7147894, 39.9516053], [32.7143142, 39.9511297]]]}}, {"type": "Feature", "properties": {"pipe_code": "YMH-OSM-P-0268", "pipe_type": "main_line", "diameter_mm": 315, "material": "çelik", "pressure_level": "medium", "operating_pressure_bar": 4.0, "status": "pasif", "install_year": 1998, "district": "Yenimahalle", "source": "synthetic_demo_yenimahalle_osm_20260721", "osm_highway": "primary", "road_name": "Batıkent Bulvarı", "synthetic_notice": "Gerçek altyapı değildir; eğitim ve demo amaçlı sentetik veridir."}, "geometry": {"type": "MultiLineString", "coordinates": [[[32.7143142, 39.9511297], [32.7142463, 39.9510581], [32.7141445, 39.9509534], [32.7139331, 39.9507362], [32.7136874, 39.9504862], [32.7135311, 39.9503311], [32.7133753, 39.9501777], [32.7132065, 39.9499919], [32.7130499, 39.9497513], [32.7128822, 39.9494835], [32.7126598, 39.9491476]]]}}, {"type": "Feature", "properties": {"pipe_code": "YMH-OSM-P-0269", "pipe_type": "main_line", "diameter_mm": 400, "material": "çelik", "pressure_level": "medium", "operating_pressure_bar": 4.0, "status": "aktif", "install_year": 2005, "district": "Yenimahalle", "source": "synthetic_demo_yenimahalle_osm_20260721", "osm_highway": "primary", "road_name": "Batıkent Bulvarı", "synthetic_notice": "Gerçek altyapı değildir; eğitim ve demo amaçlı sentetik veridir."}, "geometry": {"type": "MultiLineString", "coordinates": [[[32.7126598, 39.9491476], [32.7124626, 39.9488455], [32.7120069, 39.9480838], [32.711783, 39.9477139], [32.7116952, 39.9472657], [32.7117115, 39.9469938]]]}}, {"type": "Feature", "properties": {"pipe_code": "YMH-OSM-P-0270", "pipe_type": "main_line", "diameter_mm": 250, "material": "çelik", "pressure_level": "medium", "operating_pressure_bar": 4.0, "status": "aktif", "install_year": 2012, "district": "Yenimahalle", "source": "synthetic_demo_yenimahalle_osm_20260721", "osm_highway": "primary", "road_name": "Adsız yol", "synthetic_notice": "Gerçek altyapı değildir; eğitim ve demo amaçlı sentetik veridir."}, "geometry": {"type": "MultiLineString", "coordinates": [[[32.7077305, 39.9698291], [32.7077459, 39.9698175], [32.7077712, 39.9697984], [32.707823, 39.9697798], [32.7078799, 39.9697756], [32.7079354, 39.9697861], [32.7079567, 39.9697965]]]}}, {"type": "Feature", "properties": {"pipe_code": "YMH-OSM-P-0271", "pipe_type": "main_line", "diameter_mm": 315, "material": "çelik", "pressure_level": "medium", "operating_pressure_bar": 4.0, "status": "aktif", "install_year": 2019, "district": "Yenimahalle", "source": "synthetic_demo_yenimahalle_osm_20260721", "osm_highway": "primary", "road_name": "Başkent Bulvarı", "synthetic_notice": "Gerçek altyapı değildir; eğitim ve demo amaçlı sentetik veridir."}, "geometry": {"type": "MultiLineString", "coordinates": [[[32.7054138, 39.9705811], [32.7055279, 39.9705321], [32.7056127, 39.9704976], [32.7059255, 39.9703704], [32.7065508, 39.9701518], [32.7072401, 39.9699632], [32.7074995, 39.9698922], [32.7075489, 39.9698787], [32.7077305, 39.9698291]]]}}, {"type": "Feature", "properties": {"pipe_code": "YMH-OSM-P-0272", "pipe_type": "main_line", "diameter_mm": 400, "material": "çelik", "pressure_level": "medium", "operating_pressure_bar": 4.0, "status": "aktif", "install_year": 1998, "district": "Yenimahalle", "source": "synthetic_demo_yenimahalle_osm_20260721", "osm_highway": "primary", "road_name": "Başkent Bulvarı", "synthetic_notice": "Gerçek altyapı değildir; eğitim ve demo amaçlı sentetik veridir."}, "geometry": {"type": "MultiLineString", "coordinates": [[[32.7021667, 39.972047], [32.7023032, 39.971985], [32.702827, 39.9717473], [32.7032209, 39.9715685], [32.7053088, 39.9706284], [32.7054138, 39.9705811]]]}}, {"type": "Feature", "properties": {"pipe_code": "YMH-OSM-P-0273", "pipe_type": "main_line", "diameter_mm": 250, "material": "çelik", "pressure_level": "medium", "operating_pressure_bar": 4.0, "status": "aktif", "install_year": 2005, "district": "Yenimahalle", "source": "synthetic_demo_yenimahalle_osm_20260721", "osm_highway": "primary", "road_name": "Başkent Bulvarı", "synthetic_notice": "Gerçek altyapı değildir; eğitim ve demo amaçlı sentetik veridir."}, "geometry": {"type": "MultiLineString", "coordinates": [[[32.6949539, 39.9802565], [32.695526, 39.9795717], [32.6966486, 39.9781727], [32.6973449, 39.9773049], [32.6981543, 39.976296], [32.6989488, 39.9753058], [32.7001893, 39.9737181], [32.7003364, 39.9735297], [32.7004606, 39.9733708], [32.70088, 39.9729232], [32.7009872, 39.9728231], [32.7011001, 39.9727273], [32.7012424, 39.9726235], [32.7014235, 39.9724988], [32.7018746, 39.9722245], [32.701897, 39.9722109], [32.7020604, 39.9721116], [32.7021667, 39.972047]]]}}, {"type": "Feature", "properties": {"pipe_code": "YMH-OSM-P-0274", "pipe_type": "main_line", "diameter_mm": 315, "material": "çelik", "pressure_level": "medium", "operating_pressure_bar": 4.0, "status": "aktif", "install_year": 2012, "district": "Yenimahalle", "source": "synthetic_demo_yenimahalle_osm_20260721", "osm_highway": "primary", "road_name": "Başkent Bulvarı", "synthetic_notice": "Gerçek altyapı değildir; eğitim ve demo amaçlı sentetik veridir."}, "geometry": {"type": "MultiLineString", "coordinates": [[[32.6921685, 39.9839937], [32.6924289, 39.9838857], [32.6925685, 39.9838091], [32.6927617, 39.9836678], [32.6928517, 39.9835681], [32.692931, 39.9834863], [32.6929863, 39.9834017], [32.6930348, 39.9832947], [32.6931926, 39.9828837], [32.6934114, 39.9823977], [32.69353, 39.9821871], [32.6937048, 39.9819083], [32.6938297, 39.9817239], [32.693869, 39.9816699], [32.69403, 39.9814787], [32.6948353, 39.9804125], [32.6948549, 39.9803867], [32.6949539, 39.9802565]]]}}, {"type": "Feature", "properties": {"pipe_code": "YMH-OSM-P-0275", "pipe_type": "main_line", "diameter_mm": 400, "material": "çelik", "pressure_level": "medium", "operating_pressure_bar": 4.0, "status": "aktif", "install_year": 2019, "district": "Yenimahalle", "source": "synthetic_demo_yenimahalle_osm_20260721", "osm_highway": "primary", "road_name": "Şehit Kaymakam Muhammed Fatih Safitürk Bulvarı", "synthetic_notice": "Gerçek altyapı değildir; eğitim ve demo amaçlı sentetik veridir."}, "geometry": {"type": "MultiLineString", "coordinates": [[[32.6921685, 39.9839937], [32.6923157, 39.9839894], [32.6924567, 39.9839968], [32.6926046, 39.9840229], [32.6927187, 39.9840577], [32.6928044, 39.9840961], [32.692892, 39.9841494], [32.6929716, 39.9842227], [32.6930259, 39.9842855], [32.6930725, 39.9843467]]]}}, {"type": "Feature", "properties": {"pipe_code": "YMH-OSM-P-0276", "pipe_type": "main_line", "diameter_mm": 250, "material": "çelik", "pressure_level": "medium", "operating_pressure_bar": 4.0, "status": "aktif", "install_year": 1998, "district": "Yenimahalle", "source": "synthetic_demo_yenimahalle_osm_20260721", "osm_highway": "primary", "road_name": "Başkent Bulvarı", "synthetic_notice": "Gerçek altyapı değildir; eğitim ve demo amaçlı sentetik veridir."}, "geometry": {"type": "MultiLineString", "coordinates": [[[32.69508, 39.9803517], [32.6949977, 39.9804566], [32.6939794, 39.9818294], [32.6938925, 39.9819501], [32.6938061, 39.9820724], [32.6936638, 39.9823165], [32.6933945, 39.9828927], [32.6933466, 39.9829988], [32.6932758, 39.9832118], [32.6931819, 39.9835334], [32.6931465, 39.9837953], [32.6930725, 39.9843467]]]}}, {"type": "Feature", "properties": {"pipe_code": "YMH-OSM-P-0277", "pipe_type": "main_line", "diameter_mm": 315, "material": "çelik", "pressure_level": "medium", "operating_pressure_bar": 4.0, "status": "aktif", "install_year": 2005, "district": "Yenimahalle", "source": "synthetic_demo_yenimahalle_osm_20260721", "osm_highway": "primary", "road_name": "Başkent Bulvarı", "synthetic_notice": "Gerçek altyapı değildir; eğitim ve demo amaçlı sentetik veridir."}, "geometry": {"type": "MultiLineString", "coordinates": [[[32.7021429, 39.9722233], [32.7020016, 39.9723072], [32.7019141, 39.9723592], [32.7016116, 39.972539], [32.7014594, 39.9726314], [32.7012922, 39.9727433], [32.7011427, 39.9728548], [32.7010856, 39.9729057], [32.7010312, 39.9729567], [32.7009593, 39.9730393], [32.7006679, 39.9733886], [32.7005148, 39.9735721], [32.7003175, 39.9738205], [32.6987523, 39.9757922], [32.6982993, 39.9763628], [32.6980297, 39.9767024], [32.6979076, 39.9768563], [32.6975221, 39.9773418], [32.696734, 39.9783237], [32.6959696, 39.9792761], [32.6955744, 39.9797684], [32.6952431, 39.9801445], [32.69508, 39.9803517]]]}}, {"type": "Feature", "properties": {"pipe_code": "YMH-OSM-P-0278", "pipe_type": "main_line", "diameter_mm": 400, "material": "çelik", "pressure_level": "medium", "operating_pressure_bar": 4.0, "status": "aktif", "install_year": 2012, "district": "Yenimahalle", "source": "synthetic_demo_yenimahalle_osm_20260721", "osm_highway": "primary", "road_name": "Başkent Bulvarı", "synthetic_notice": "Gerçek altyapı değildir; eğitim ve demo amaçlı sentetik veridir."}, "geometry": {"type": "MultiLineString", "coordinates": [[[32.7077878, 39.9700189], [32.7075749, 39.9700653], [32.7073934, 39.9701048], [32.7073209, 39.9701204], [32.7066144, 39.9702876], [32.705717, 39.9706156], [32.7056969, 39.970623], [32.7054881, 39.9706994], [32.7053989, 39.9707396], [32.703655, 39.9715261], [32.7032919, 39.9716989], [32.702887, 39.9718773], [32.7024302, 39.9720785], [32.7024099, 39.9720876], [32.7022499, 39.9721598], [32.7021429, 39.9722233]]]}}, {"type": "Feature", "properties": {"pipe_code": "YMH-OSM-P-0279", "pipe_type": "main_line", "diameter_mm": 250, "material": "çelik", "pressure_level": "medium", "operating_pressure_bar": 4.0, "status": "aktif", "install_year": 2019, "district": "Yenimahalle", "source": "synthetic_demo_yenimahalle_osm_20260721", "osm_highway": "primary", "road_name": "Şehit Kaymakam Muhammed Fatih Safitürk Bulvarı", "synthetic_notice": "Gerçek altyapı değildir; eğitim ve demo amaçlı sentetik veridir."}, "geometry": {"type": "MultiLineString", "coordinates": [[[32.6930725, 39.9843467], [32.6933499, 39.9852454], [32.6936921, 39.9863539]]]}}, {"type": "Feature", "properties": {"pipe_code": "YMH-OSM-P-0280", "pipe_type": "main_line", "diameter_mm": 315, "material": "çelik", "pressure_level": "medium", "operating_pressure_bar": 4.0, "status": "aktif", "install_year": 1998, "district": "Yenimahalle", "source": "synthetic_demo_yenimahalle_osm_20260721", "osm_highway": "primary", "road_name": "Şehit Kaymakam Muhammed Fatih Safitürk Bulvarı", "synthetic_notice": "Gerçek altyapı değildir; eğitim ve demo amaçlı sentetik veridir."}, "geometry": {"type": "MultiLineString", "coordinates": [[[32.6919356, 39.9867612], [32.6919789, 39.9866708], [32.6920743, 39.9865064], [32.6922158, 39.9863628], [32.6923961, 39.9862477], [32.6926059, 39.9861669], [32.6928341, 39.9861246], [32.6930689, 39.9861232], [32.693298, 39.9861627], [32.6935094, 39.9862409], [32.6936921, 39.9863539]]]}}, {"type": "Feature", "properties": {"pipe_code": "YMH-OSM-P-0281", "pipe_type": "main_line", "diameter_mm": 400, "material": "çelik", "pressure_level": "medium", "operating_pressure_bar": 4.0, "status": "aktif", "install_year": 2005, "district": "Yenimahalle", "source": "synthetic_demo_yenimahalle_osm_20260721", "osm_highway": "primary", "road_name": "Şehit Kaymakam Muhammed Fatih Safitürk Bulvarı", "synthetic_notice": "Gerçek altyapı değildir; eğitim ve demo amaçlı sentetik veridir."}, "geometry": {"type": "MultiLineString", "coordinates": [[[32.6919356, 39.9867612], [32.6916955, 39.9859136], [32.6916466, 39.9856932], [32.6915583, 39.9852952], [32.691403, 39.9845952], [32.6914213, 39.9845136], [32.6914516, 39.9844332], [32.6915198, 39.9843295], [32.6916033, 39.9842303], [32.6917104, 39.984144], [32.6918481, 39.9840619]]]}}, {"type": "Feature", "properties": {"pipe_code": "YMH-OSM-P-0282", "pipe_type": "main_line", "diameter_mm": 250, "material": "çelik", "pressure_level": "medium", "operating_pressure_bar": 4.0, "status": "aktif", "install_year": 2012, "district": "Yenimahalle", "source": "synthetic_demo_yenimahalle_osm_20260721", "osm_highway": "primary", "road_name": "Şehit Kaymakam Muhammed Fatih Safitürk Bulvarı", "synthetic_notice": "Gerçek altyapı değildir; eğitim ve demo amaçlı sentetik veridir."}, "geometry": {"type": "MultiLineString", "coordinates": [[[32.6936921, 39.9863539], [32.6937847, 39.9864368], [32.6939056, 39.9865986], [32.6939734, 39.9867775], [32.6939845, 39.9869637], [32.6939531, 39.9870966], [32.6939381, 39.9871467], [32.6938962, 39.9872301]]]}}, {"type": "Feature", "properties": {"pipe_code": "YMH-OSM-P-0283", "pipe_type": "main_line", "diameter_mm": 315, "material": "çelik", "pressure_level": "medium", "operating_pressure_bar": 4.0, "status": "aktif", "install_year": 2019, "district": "Yenimahalle", "source": "synthetic_demo_yenimahalle_osm_20260721", "osm_highway": "primary", "road_name": "Şehit Kaymakam Muhammed Fatih Safitürk Bulvarı", "synthetic_notice": "Gerçek altyapı değildir; eğitim ve demo amaçlı sentetik veridir."}, "geometry": {"type": "MultiLineString", "coordinates": [[[32.6938962, 39.9872301], [32.6938202, 39.9874428], [32.693802, 39.9875616], [32.693794, 39.987614], [32.6937826, 39.9877749], [32.6937862, 39.9879358], [32.6938131, 39.98804], [32.6938581, 39.9881436], [32.6939223, 39.9882355], [32.6940916, 39.9884552], [32.6954924, 39.9902727], [32.6964695, 39.9915405], [32.6965788, 39.9916864]]]}}, {"type": "Feature", "properties": {"pipe_code": "YMH-OSM-P-0284", "pipe_type": "main_line", "diameter_mm": 400, "material": "çelik", "pressure_level": "medium", "operating_pressure_bar": 4.0, "status": "aktif", "install_year": 1998, "district": "Yenimahalle", "source": "synthetic_demo_yenimahalle_osm_20260721", "osm_highway": "primary", "road_name": "Şehit Kaymakam Muhammed Fatih Safitürk Bulvarı", "synthetic_notice": "Gerçek altyapı değildir; eğitim ve demo amaçlı sentetik veridir."}, "geometry": {"type": "MultiLineString", "coordinates": [[[32.6965788, 39.9916864], [32.6966432, 39.9917697], [32.697039, 39.9922823], [32.6973038, 39.9926252], [32.6974455, 39.9928088], [32.6981891, 39.9937717], [32.6991322, 39.9949951], [32.700146, 39.996313], [32.7001607, 39.9963288], [32.7002829, 39.9964603], [32.7003767, 39.9965644], [32.7004289, 39.9966619], [32.7004756, 39.9967364]]]}}, {"type": "Feature", "properties": {"pipe_code": "YMH-OSM-P-0285", "pipe_type": "main_line", "diameter_mm": 250, "material": "çelik", "pressure_level": "medium", "operating_pressure_bar": 4.0, "status": "aktif", "install_year": 2005, "district": "Yenimahalle", "source": "synthetic_demo_yenimahalle_osm_20260721", "osm_highway": "primary", "road_name": "Şehit Kaymakam Muhammed Fatih Safitürk Bulvarı", "synthetic_notice": "Gerçek altyapı değildir; eğitim ve demo amaçlı sentetik veridir."}, "geometry": {"type": "MultiLineString", "coordinates": [[[32.7004756, 39.9967364], [32.7005884, 39.9969343], [32.7006679, 39.9970736], [32.7012414, 39.9978213], [32.7015839, 39.9982679], [32.7016936, 39.9984104], [32.7020848, 39.9989185], [32.7025179, 39.999481], [32.704479, 40.0019516], [32.705264, 40.0030787], [32.7054068, 40.0032834], [32.7056637, 40.0036718], [32.7058653, 40.0040181], [32.7059816, 40.0042499], [32.7065001, 40.0053422], [32.7069053, 40.0064453], [32.7070769, 40.0071976], [32.7071358, 40.0078795], [32.7071501, 40.0082485], [32.7071501, 40.0083949], [32.707148, 40.0085521], [32.7071399, 40.0088495], [32.7071236, 40.0090395], [32.7070932, 40.0093836], [32.7070403, 40.0098709], [32.7069935, 40.0103224], [32.7069387, 40.0107723], [32.7068919, 40.0111631], [32.7068452, 40.0115695], [32.7067996, 40.0124124]]]}}, {"type": "Feature", "properties": {"pipe_code": "YMH-OSM-P-0286", "pipe_type": "main_line", "diameter_mm": 315, "material": "çelik", "pressure_level": "medium", "operating_pressure_bar": 4.0, "status": "aktif", "install_year": 2012, "district": "Yenimahalle", "source": "synthetic_demo_yenimahalle_osm_20260721", "osm_highway": "primary", "road_name": "Şehit Kaymakam Muhammed Fatih Safitürk Bulvarı", "synthetic_notice": "Gerçek altyapı değildir; eğitim ve demo amaçlı sentetik veridir."}, "geometry": {"type": "MultiLineString", "coordinates": [[[32.7067996, 40.0124124], [32.7066553, 40.013331], [32.7066097, 40.0137028], [32.7065856, 40.0140109], [32.7065722, 40.0142924], [32.7065668, 40.0145204], [32.7065641, 40.0146621], [32.7065695, 40.01481], [32.7065909, 40.014962], [32.7066258, 40.0151346], [32.7066526, 40.0152763], [32.7067063, 40.015492], [32.7067921, 40.0157899], [32.7068833, 40.0161062], [32.7069933, 40.0165109], [32.7070389, 40.0166896], [32.7070791, 40.0169012], [32.7071327, 40.0172381], [32.7071623, 40.0175175], [32.7071696, 40.0176391], [32.7071846, 40.0178546], [32.7071913, 40.0180549], [32.7071779, 40.0182634], [32.7071254, 40.0188207], [32.7071114, 40.018891], [32.7070652, 40.0191246], [32.7070251, 40.0192992], [32.7069789, 40.0194738], [32.7069142, 40.0196909], [32.706766, 40.0201542], [32.7063458, 40.0208048], [32.7060664, 40.0211523]]]}}, {"type": "Feature", "properties": {"pipe_code": "YMH-OSM-P-0287", "pipe_type": "main_line", "diameter_mm": 400, "material": "çelik", "pressure_level": "medium", "operating_pressure_bar": 4.0, "status": "bakımda", "install_year": 2019, "district": "Yenimahalle", "source": "synthetic_demo_yenimahalle_osm_20260721", "osm_highway": "primary", "road_name": "Şehit Kaymakam Muhammed Fatih Safitürk Bulvarı", "synthetic_notice": "Gerçek altyapı değildir; eğitim ve demo amaçlı sentetik veridir."}, "geometry": {"type": "MultiLineString", "coordinates": [[[32.7060664, 40.0211523], [32.7064935, 40.0201366], [32.7065894, 40.0198766], [32.7067879, 40.019311], [32.7068434, 40.0191155], [32.7068863, 40.0189266], [32.7069158, 40.0187458], [32.7069373, 40.0186041], [32.7069507, 40.0184089], [32.7069641, 40.0181788], [32.7069221, 40.0174067], [32.706849, 40.0168656], [32.7067108, 40.0163213], [32.7065071, 40.015656], [32.7064551, 40.0154152], [32.7064089, 40.0152029], [32.7063658, 40.0149362], [32.7063504, 40.0147923], [32.7063473, 40.0146884], [32.7063442, 40.0145516], [32.7063442, 40.014384], [32.7063596, 40.0141056], [32.706488, 40.0123971]]]}}, {"type": "Feature", "properties": {"pipe_code": "YMH-OSM-P-0288", "pipe_type": "main_line", "diameter_mm": 250, "material": "çelik", "pressure_level": "medium", "operating_pressure_bar": 4.0, "status": "aktif", "install_year": 1998, "district": "Yenimahalle", "source": "synthetic_demo_yenimahalle_osm_20260721", "osm_highway": "primary", "road_name": "Şehit Kaymakam Muhammed Fatih Safitürk Bulvarı", "synthetic_notice": "Gerçek altyapı değildir; eğitim ve demo amaçlı sentetik veridir."}, "geometry": {"type": "MultiLineString", "coordinates": [[[32.706488, 40.0123971], [32.7065667, 40.0118964], [32.7066033, 40.0116956], [32.7066439, 40.0113718], [32.7067313, 40.0106369], [32.7068086, 40.0100484], [32.7068614, 40.0094567], [32.7068838, 40.009217], [32.7069082, 40.0089538], [32.7069204, 40.0087966], [32.7069305, 40.00863], [32.7069346, 40.0084385], [32.7069326, 40.0082065], [32.7069265, 40.0080601], [32.7069142, 40.0078894], [32.706898, 40.0077648], [32.7068858, 40.0076745], [32.7068593, 40.0075313], [32.7067984, 40.0072489], [32.7067801, 40.0071057], [32.7067618, 40.0069874], [32.7067231, 40.0068182], [32.706593, 40.00639], [32.7062384, 40.0054427], [32.7059811, 40.0048504], [32.7058748, 40.0046406], [32.7056592, 40.004215], [32.705276, 40.0035589], [32.7050258, 40.0031762]]]}}, {"type": "Feature", "properties": {"pipe_code": "YMH-OSM-P-0289", "pipe_type": "main_line", "diameter_mm": 315, "material": "çelik", "pressure_level": "medium", "operating_pressure_bar": 4.0, "status": "aktif", "install_year": 2005, "district": "Yenimahalle", "source": "synthetic_demo_yenimahalle_osm_20260721", "osm_highway": "primary", "road_name": "Şehit Kaymakam Muhammed Fatih Safitürk Bulvarı", "synthetic_notice": "Gerçek altyapı değildir; eğitim ve demo amaçlı sentetik veridir."}, "geometry": {"type": "MultiLineString", "coordinates": [[[32.7050258, 40.0031762], [32.7047084, 40.0027131], [32.7041129, 40.0018879], [32.703575, 40.0011859], [32.7024725, 39.999777]]]}}, {"type": "Feature", "properties": {"pipe_code": "YMH-OSM-P-0290", "pipe_type": "main_line", "diameter_mm": 400, "material": "çelik", "pressure_level": "medium", "operating_pressure_bar": 4.0, "status": "aktif", "install_year": 2012, "district": "Yenimahalle", "source": "synthetic_demo_yenimahalle_osm_20260721", "osm_highway": "primary", "road_name": "Şehit Kaymakam Muhammed Fatih Safitürk Bulvarı", "synthetic_notice": "Gerçek altyapı değildir; eğitim ve demo amaçlı sentetik veridir."}, "geometry": {"type": "MultiLineString", "coordinates": [[[32.7024725, 39.999777], [32.7023054, 39.9995635], [32.7019964, 39.9991686], [32.701859, 39.998993], [32.7004697, 39.9972078], [32.7003139, 39.9970403], [32.7002955, 39.9970229], [32.7002079, 39.9969404], [32.7001436, 39.9968794]]]}}, {"type": "Feature", "properties": {"pipe_code": "YMH-OSM-P-0291", "pipe_type": "main_line", "diameter_mm": 250, "material": "çelik", "pressure_level": "medium", "operating_pressure_bar": 4.0, "status": "aktif", "install_year": 2019, "district": "Yenimahalle", "source": "synthetic_demo_yenimahalle_osm_20260721", "osm_highway": "primary", "road_name": "Şehit Kaymakam Muhammed Fatih Safitürk Bulvarı", "synthetic_notice": "Gerçek altyapı değildir; eğitim ve demo amaçlı sentetik veridir."}, "geometry": {"type": "MultiLineString", "coordinates": [[[32.6938962, 39.9872301], [32.6938126, 39.9873451], [32.6937052, 39.9874479], [32.6935769, 39.9875356], [32.6934314, 39.9876056], [32.6932726, 39.987656], [32.6931051, 39.9876855], [32.6929336, 39.9876932], [32.6927627, 39.9876789]]]}}, {"type": "Feature", "properties": {"pipe_code": "YMH-OSM-P-0292", "pipe_type": "main_line", "diameter_mm": 315, "material": "çelik", "pressure_level": "medium", "operating_pressure_bar": 4.0, "status": "aktif", "install_year": 1998, "district": "Yenimahalle", "source": "synthetic_demo_yenimahalle_osm_20260721", "osm_highway": "primary", "road_name": "Şehit Kaymakam Muhammed Fatih Safitürk Bulvarı", "synthetic_notice": "Gerçek altyapı değildir; eğitim ve demo amaçlı sentetik veridir."}, "geometry": {"type": "MultiLineString", "coordinates": [[[32.6999367, 39.996606], [32.6998597, 39.9964709], [32.6997228, 39.9962307], [32.6988019, 39.995035], [32.6980788, 39.9940962], [32.6962438, 39.9917136], [32.6961064, 39.9915352], [32.6951718, 39.9903217], [32.6939256, 39.9887035], [32.6934449, 39.9880793], [32.6932759, 39.9879316], [32.6931301, 39.9878408], [32.6929692, 39.9877701], [32.6927627, 39.9876789]]]}}, {"type": "Feature", "properties": {"pipe_code": "YMH-OSM-P-0293", "pipe_type": "main_line", "diameter_mm": 400, "material": "çelik", "pressure_level": "medium", "operating_pressure_bar": 4.0, "status": "aktif", "install_year": 2005, "district": "Yenimahalle", "source": "synthetic_demo_yenimahalle_osm_20260721", "osm_highway": "primary", "road_name": "Şehit Kaymakam Muhammed Fatih Safitürk Bulvarı", "synthetic_notice": "Gerçek altyapı değildir; eğitim ve demo amaçlı sentetik veridir."}, "geometry": {"type": "MultiLineString", "coordinates": [[[32.6927627, 39.9876789], [32.6927127, 39.9876704], [32.6924818, 39.9876032], [32.6922784, 39.9874957]]]}}, {"type": "Feature", "properties": {"pipe_code": "YMH-OSM-P-0294", "pipe_type": "main_line", "diameter_mm": 250, "material": "çelik", "pressure_level": "medium", "operating_pressure_bar": 4.0, "status": "aktif", "install_year": 2012, "district": "Yenimahalle", "source": "synthetic_demo_yenimahalle_osm_20260721", "osm_highway": "primary", "road_name": "Şehit Kaymakam Muhammed Fatih Safitürk Bulvarı", "synthetic_notice": "Gerçek altyapı değildir; eğitim ve demo amaçlı sentetik veridir."}, "geometry": {"type": "MultiLineString", "coordinates": [[[32.6922784, 39.9874957], [32.6921145, 39.9873541], [32.6919994, 39.9871866], [32.6919398, 39.9870029]]]}}, {"type": "Feature", "properties": {"pipe_code": "YMH-OSM-P-0295", "pipe_type": "main_line", "diameter_mm": 315, "material": "çelik", "pressure_level": "medium", "operating_pressure_bar": 4.0, "status": "aktif", "install_year": 2019, "district": "Yenimahalle", "source": "synthetic_demo_yenimahalle_osm_20260721", "osm_highway": "primary", "road_name": "Veysel Karani Bulvarı", "synthetic_notice": "Gerçek altyapı değildir; eğitim ve demo amaçlı sentetik veridir."}, "geometry": {"type": "MultiLineString", "coordinates": [[[32.6880027, 39.989873], [32.6881298, 39.9898116], [32.6885932, 39.9895761], [32.6887653, 39.989472], [32.6896062, 39.9889636], [32.6907168, 39.988292], [32.6913219, 39.9879445], [32.6915614, 39.9877631], [32.6916875, 39.9876255], [32.6918443, 39.9873733], [32.6919127, 39.9871744], [32.6919398, 39.9870029]]]}}, {"type": "Feature", "properties": {"pipe_code": "YMH-OSM-P-0296", "pipe_type": "main_line", "diameter_mm": 400, "material": "çelik", "pressure_level": "medium", "operating_pressure_bar": 4.0, "status": "aktif", "install_year": 1998, "district": "Yenimahalle", "source": "synthetic_demo_yenimahalle_osm_20260721", "osm_highway": "primary", "road_name": "Veysel Karani Bulvarı", "synthetic_notice": "Gerçek altyapı değildir; eğitim ve demo amaçlı sentetik veridir."}, "geometry": {"type": "MultiLineString", "coordinates": [[[32.687593, 39.9900513], [32.687861, 39.9899347], [32.6880027, 39.989873]]]}}, {"type": "Feature", "properties": {"pipe_code": "YMH-OSM-P-0297", "pipe_type": "main_line", "diameter_mm": 250, "material": "çelik", "pressure_level": "medium", "operating_pressure_bar": 4.0, "status": "aktif", "install_year": 2005, "district": "Yenimahalle", "source": "synthetic_demo_yenimahalle_osm_20260721", "osm_highway": "primary", "road_name": "Veysel Karani Bulvarı", "synthetic_notice": "Gerçek altyapı değildir; eğitim ve demo amaçlı sentetik veridir."}, "geometry": {"type": "MultiLineString", "coordinates": [[[32.687593, 39.9900513], [32.6876499, 39.9900779], [32.6877741, 39.9901676], [32.6878236, 39.9902341], [32.6878698, 39.9903308]]]}}, {"type": "Feature", "properties": {"pipe_code": "YMH-OSM-P-0298", "pipe_type": "main_line", "diameter_mm": 315, "material": "çelik", "pressure_level": "medium", "operating_pressure_bar": 4.0, "status": "aktif", "install_year": 2012, "district": "Yenimahalle", "source": "synthetic_demo_yenimahalle_osm_20260721", "osm_highway": "primary", "road_name": "Veysel Karani Bulvarı", "synthetic_notice": "Gerçek altyapı değildir; eğitim ve demo amaçlı sentetik veridir."}, "geometry": {"type": "MultiLineString", "coordinates": [[[32.6927127, 39.9876704], [32.6923079, 39.9877415], [32.6920749, 39.987812], [32.6918179, 39.9879412], [32.691373, 39.9882055], [32.6910165, 39.9884173], [32.6898754, 39.9891099], [32.6881981, 39.9901279], [32.6881281, 39.9901712], [32.6880898, 39.9901948], [32.6878698, 39.9903308]]]}}, {"type": "Feature", "properties": {"pipe_code": "YMH-OSM-P-0299", "pipe_type": "main_line", "diameter_mm": 400, "material": "çelik", "pressure_level": "medium", "operating_pressure_bar": 4.0, "status": "aktif", "install_year": 2019, "district": "Yenimahalle", "source": "synthetic_demo_yenimahalle_osm_20260721", "osm_highway": "primary", "road_name": "Veysel Karani Bulvarı", "synthetic_notice": "Gerçek altyapı değildir; eğitim ve demo amaçlı sentetik veridir."}, "geometry": {"type": "MultiLineString", "coordinates": [[[32.6878698, 39.9903308], [32.6877624, 39.9903994], [32.6876509, 39.9904585], [32.6874971, 39.9905369]]]}}, {"type": "Feature", "properties": {"pipe_code": "YMH-OSM-P-0300", "pipe_type": "main_line", "diameter_mm": 250, "material": "çelik", "pressure_level": "medium", "operating_pressure_bar": 4.0, "status": "aktif", "install_year": 1998, "district": "Yenimahalle", "source": "synthetic_demo_yenimahalle_osm_20260721", "osm_highway": "primary", "road_name": "Veysel Karani Bulvarı", "synthetic_notice": "Gerçek altyapı değildir; eğitim ve demo amaçlı sentetik veridir."}, "geometry": {"type": "MultiLineString", "coordinates": [[[32.6874971, 39.9905369], [32.6872851, 39.9906336], [32.6871202, 39.9907088], [32.6869265, 39.9907926], [32.6867994, 39.9908505], [32.6865614, 39.9909589], [32.6861793, 39.9911418], [32.6856251, 39.9913172], [32.6852741, 39.9914231], [32.684917, 39.9915101], [32.6845891, 39.9915696], [32.684211, 39.9916132], [32.6841112, 39.9916167], [32.6836723, 39.9916319], [32.6830614, 39.9915883], [32.682422, 39.9914886], [32.6817674, 39.991308], [32.6811576, 39.9910775], [32.6804421, 39.9908158], [32.6797225, 39.9905791], [32.6791371, 39.9904467], [32.678446, 39.9903362], [32.6771776, 39.990333], [32.6756536, 39.9903248], [32.6749232, 39.9903099], [32.6723977, 39.9902838], [32.6710912, 39.990264], [32.6702063, 39.9902225], [32.6689123, 39.9899836], [32.6683514, 39.9898878], [32.667742, 39.9898193], [32.6673562, 39.9898259], [32.6670393, 39.9898725], [32.6666941, 39.9899495], [32.6662119, 39.9901076], [32.665072, 39.9904854], [32.6645186, 39.9906748], [32.6643236, 39.9907284], [32.6641099, 39.9907713], [32.6640942, 39.9907744], [32.6639531, 39.9908024], [32.6638014, 39.9908166], [32.6637555, 39.9908209], [32.6636601, 39.9908162], [32.6635514, 39.9908317], [32.6634877, 39.9908314], [32.663338, 39.9908308], [32.6630781, 39.990833], [32.6617433, 39.9908857], [32.6608067, 39.9909409]]]}}, {"type": "Feature", "properties": {"pipe_code": "YMH-OSM-P-0301", "pipe_type": "main_line", "diameter_mm": 315, "material": "çelik", "pressure_level": "medium", "operating_pressure_bar": 4.0, "status": "aktif", "install_year": 2005, "district": "Yenimahalle", "source": "synthetic_demo_yenimahalle_osm_20260721", "osm_highway": "primary", "road_name": "Veysel Karani Bulvarı", "synthetic_notice": "Gerçek altyapı değildir; eğitim ve demo amaçlı sentetik veridir."}, "geometry": {"type": "MultiLineString", "coordinates": [[[32.6608067, 39.9909409], [32.6599562, 39.9909929], [32.6576984, 39.9911309]]]}}, {"type": "Feature", "properties": {"pipe_code": "YMH-OSM-P-0302", "pipe_type": "main_line", "diameter_mm": 400, "material": "çelik", "pressure_level": "medium", "operating_pressure_bar": 4.0, "status": "aktif", "install_year": 2012, "district": "Yenimahalle", "source": "synthetic_demo_yenimahalle_osm_20260721", "osm_highway": "primary", "road_name": "Veysel Karani Bulvarı", "synthetic_notice": "Gerçek altyapı değildir; eğitim ve demo amaçlı sentetik veridir."}, "geometry": {"type": "MultiLineString", "coordinates": [[[32.6576984, 39.9911309], [32.6574773, 39.991159], [32.6570632, 39.9912639]]]}}, {"type": "Feature", "properties": {"pipe_code": "YMH-OSM-P-0303", "pipe_type": "main_line", "diameter_mm": 250, "material": "çelik", "pressure_level": "medium", "operating_pressure_bar": 4.0, "status": "aktif", "install_year": 2019, "district": "Yenimahalle", "source": "synthetic_demo_yenimahalle_osm_20260721", "osm_highway": "primary", "road_name": "Veysel Karani Bulvarı", "synthetic_notice": "Gerçek altyapı değildir; eğitim ve demo amaçlı sentetik veridir."}, "geometry": {"type": "MultiLineString", "coordinates": [[[32.6872785, 39.9902635], [32.6873151, 39.9902293], [32.6873838, 39.9901669], [32.687497, 39.9900975], [32.687593, 39.9900513]]]}}, {"type": "Feature", "properties": {"pipe_code": "YMH-OSM-P-0304", "pipe_type": "main_line", "diameter_mm": 315, "material": "çelik", "pressure_level": "medium", "operating_pressure_bar": 4.0, "status": "aktif", "install_year": 1998, "district": "Yenimahalle", "source": "synthetic_demo_yenimahalle_osm_20260721", "osm_highway": "primary", "road_name": "Veysel Karani Bulvarı", "synthetic_notice": "Gerçek altyapı değildir; eğitim ve demo amaçlı sentetik veridir."}, "geometry": {"type": "MultiLineString", "coordinates": [[[32.6650942, 39.9903328], [32.6660928, 39.9899877], [32.6664761, 39.9898582], [32.6668149, 39.9897722], [32.6670769, 39.9897184], [32.6673827, 39.9896918], [32.6677756, 39.9896918], [32.6683974, 39.9897377], [32.6702173, 39.9900873], [32.6708088, 39.9901371], [32.6714754, 39.9901458], [32.6719491, 39.9901659], [32.6740891, 39.9901362], [32.6765351, 39.9901561], [32.6787949, 39.9901895], [32.6794305, 39.9903214], [32.6800176, 39.9904987], [32.6806802, 39.9907411], [32.6813077, 39.9909785], [32.681805, 39.9911631], [32.6822339, 39.9912928], [32.6826284, 39.9913739], [32.6827592, 39.9913932], [32.6829782, 39.9914254], [32.68376, 39.9914558], [32.6840727, 39.9914623], [32.6842797, 39.9914316], [32.684811, 39.9913716], [32.6854661, 39.9912218], [32.6860268, 39.9910175], [32.6864118, 39.9908299], [32.6866488, 39.9906704], [32.6869416, 39.990487], [32.6870481, 39.9904164], [32.687087, 39.9903905], [32.6872785, 39.9902635]]]}}, {"type": "Feature", "properties": {"pipe_code": "YMH-OSM-P-0305", "pipe_type": "main_line", "diameter_mm": 400, "material": "çelik", "pressure_level": "medium", "operating_pressure_bar": 4.0, "status": "aktif", "install_year": 2005, "district": "Yenimahalle", "source": "synthetic_demo_yenimahalle_osm_20260721", "osm_highway": "primary", "road_name": "Veysel Karani Bulvarı", "synthetic_notice": "Gerçek altyapı değildir; eğitim ve demo amaçlı sentetik veridir."}, "geometry": {"type": "MultiLineString", "coordinates": [[[32.6874971, 39.9905369], [32.6874095, 39.990451], [32.6873588, 39.9903903], [32.6873167, 39.9903356], [32.6872785, 39.9902635]]]}}, {"type": "Feature", "properties": {"pipe_code": "YMH-OSM-P-0306", "pipe_type": "main_line", "diameter_mm": 250, "material": "çelik", "pressure_level": "medium", "operating_pressure_bar": 4.0, "status": "aktif", "install_year": 2012, "district": "Yenimahalle", "source": "synthetic_demo_yenimahalle_osm_20260721", "osm_highway": "primary", "road_name": "Şehit Kaymakam Muhammed Fatih Safitürk Bulvarı", "synthetic_notice": "Gerçek altyapı değildir; eğitim ve demo amaçlı sentetik veridir."}, "geometry": {"type": "MultiLineString", "coordinates": [[[32.7001436, 39.9968794], [32.70003, 39.9967698], [32.6999646, 39.9966703], [32.6999367, 39.996606]]]}}, {"type": "Feature", "properties": {"pipe_code": "YMH-OSM-P-0307", "pipe_type": "main_line", "diameter_mm": 315, "material": "çelik", "pressure_level": "medium", "operating_pressure_bar": 4.0, "status": "aktif", "install_year": 2019, "district": "Yenimahalle", "source": "synthetic_demo_yenimahalle_osm_20260721", "osm_highway": "primary", "road_name": "Adsız yol", "synthetic_notice": "Gerçek altyapı değildir; eğitim ve demo amaçlı sentetik veridir."}, "geometry": {"type": "MultiLineString", "coordinates": [[[32.6999367, 39.996606], [32.7000581, 39.996535], [32.700197, 39.9964841], [32.7002829, 39.9964603]]]}}, {"type": "Feature", "properties": {"pipe_code": "YMH-OSM-P-0308", "pipe_type": "main_line", "diameter_mm": 400, "material": "çelik", "pressure_level": "medium", "operating_pressure_bar": 4.0, "status": "aktif", "install_year": 1998, "district": "Yenimahalle", "source": "synthetic_demo_yenimahalle_osm_20260721", "osm_highway": "primary", "road_name": "Adsız yol", "synthetic_notice": "Gerçek altyapı değildir; eğitim ve demo amaçlı sentetik veridir."}, "geometry": {"type": "MultiLineString", "coordinates": [[[32.7004756, 39.9967364], [32.7003651, 39.996797], [32.7002546, 39.9968441], [32.7001436, 39.9968794]]]}}, {"type": "Feature", "properties": {"pipe_code": "YMH-OSM-P-0309", "pipe_type": "main_line", "diameter_mm": 250, "material": "çelik", "pressure_level": "medium", "operating_pressure_bar": 4.0, "status": "aktif", "install_year": 2005, "district": "Yenimahalle", "source": "synthetic_demo_yenimahalle_osm_20260721", "osm_highway": "primary", "road_name": "Şehit Kaymakam Muhammed Fatih Safitürk Bulvarı", "synthetic_notice": "Gerçek altyapı değildir; eğitim ve demo amaçlı sentetik veridir."}, "geometry": {"type": "MultiLineString", "coordinates": [[[32.6918481, 39.9840619], [32.6919474, 39.9840287], [32.6920497, 39.9840091], [32.6921685, 39.9839937]]]}}, {"type": "Feature", "properties": {"pipe_code": "YMH-OSM-P-0310", "pipe_type": "main_line", "diameter_mm": 315, "material": "çelik", "pressure_level": "medium", "operating_pressure_bar": 4.0, "status": "aktif", "install_year": 2012, "district": "Yenimahalle", "source": "synthetic_demo_yenimahalle_osm_20260721", "osm_highway": "primary", "road_name": "Şehit Kaymakam Muhammed Fatih Safitürk Bulvarı", "synthetic_notice": "Gerçek altyapı değildir; eğitim ve demo amaçlı sentetik veridir."}, "geometry": {"type": "MultiLineString", "coordinates": [[[32.6919398, 39.9870029], [32.6919363, 39.9868937], [32.6919358, 39.9867992], [32.6919356, 39.9867612]]]}}, {"type": "Feature", "properties": {"pipe_code": "YMH-OSM-P-0311", "pipe_type": "main_line", "diameter_mm": 400, "material": "çelik", "pressure_level": "medium", "operating_pressure_bar": 4.0, "status": "aktif", "install_year": 2019, "district": "Yenimahalle", "source": "synthetic_demo_yenimahalle_osm_20260721", "osm_highway": "primary", "road_name": "Adsız yol", "synthetic_notice": "Gerçek altyapı değildir; eğitim ve demo amaçlı sentetik veridir."}, "geometry": {"type": "MultiLineString", "coordinates": [[[32.7077878, 39.9700189], [32.7077426, 39.9699919], [32.7077118, 39.9699549], [32.7076989, 39.9699121], [32.7077054, 39.9698685], [32.7077305, 39.9698291]]]}}, {"type": "Feature", "properties": {"pipe_code": "YMH-OSM-P-0312", "pipe_type": "main_line", "diameter_mm": 250, "material": "çelik", "pressure_level": "medium", "operating_pressure_bar": 4.0, "status": "aktif", "install_year": 1998, "district": "Yenimahalle", "source": "synthetic_demo_yenimahalle_osm_20260721", "osm_highway": "primary", "road_name": "Cengiz Aytmatov Caddesi", "synthetic_notice": "Gerçek altyapı değildir; eğitim ve demo amaçlı sentetik veridir."}, "geometry": {"type": "MultiLineString", "coordinates": [[[32.7204133, 39.9580749], [32.7204435, 39.9580479], [32.7204824, 39.9580285], [32.7205269, 39.9580184], [32.7205734, 39.9580184], [32.7206179, 39.9580285]]]}}, {"type": "Feature", "properties": {"pipe_code": "YMH-OSM-P-0313", "pipe_type": "main_line", "diameter_mm": 315, "material": "çelik", "pressure_level": "medium", "operating_pressure_bar": 4.0, "status": "aktif", "install_year": 2005, "district": "Yenimahalle", "source": "synthetic_demo_yenimahalle_osm_20260721", "osm_highway": "primary", "road_name": "Adsız yol", "synthetic_notice": "Gerçek altyapı değildir; eğitim ve demo amaçlı sentetik veridir."}, "geometry": {"type": "MultiLineString", "coordinates": [[[32.7079979, 39.9699873], [32.7079539, 39.9700161], [32.7078999, 39.9700319], [32.7078421, 39.9700328], [32.7077878, 39.9700189]]]}}, {"type": "Feature", "properties": {"pipe_code": "YMH-OSM-P-0314", "pipe_type": "main_line", "diameter_mm": 400, "material": "çelik", "pressure_level": "medium", "operating_pressure_bar": 4.0, "status": "aktif", "install_year": 2012, "district": "Yenimahalle", "source": "synthetic_demo_yenimahalle_osm_20260721", "osm_highway": "primary", "road_name": "Adsız yol", "synthetic_notice": "Gerçek altyapı değildir; eğitim ve demo amaçlı sentetik veridir."}, "geometry": {"type": "MultiLineString", "coordinates": [[[32.7279288, 39.9680217], [32.727836, 39.9678844]]]}}, {"type": "Feature", "properties": {"pipe_code": "YMH-OSM-P-0315", "pipe_type": "main_line", "diameter_mm": 250, "material": "çelik", "pressure_level": "medium", "operating_pressure_bar": 4.0, "status": "aktif", "install_year": 2019, "district": "Yenimahalle", "source": "synthetic_demo_yenimahalle_osm_20260721", "osm_highway": "primary", "road_name": "Cengiz Aytmatov Caddesi", "synthetic_notice": "Gerçek altyapı değildir; eğitim ve demo amaçlı sentetik veridir."}, "geometry": {"type": "MultiLineString", "coordinates": [[[32.7206728, 39.958223], [32.7206345, 39.9582477], [32.7205883, 39.9582623], [32.7205216, 39.9582668], [32.7204897, 39.9582568]]]}}, {"type": "Feature", "properties": {"pipe_code": "YMH-OSM-P-0316", "pipe_type": "main_line", "diameter_mm": 315, "material": "çelik", "pressure_level": "medium", "operating_pressure_bar": 4.0, "status": "aktif", "install_year": 1998, "district": "Yenimahalle", "source": "synthetic_demo_yenimahalle_osm_20260721", "osm_highway": "primary", "road_name": "Başkent Bulvarı", "synthetic_notice": "Gerçek altyapı değildir; eğitim ve demo amaçlı sentetik veridir."}, "geometry": {"type": "MultiLineString", "coordinates": [[[32.7280306, 39.9679678], [32.7279288, 39.9680217]]]}}, {"type": "Feature", "properties": {"pipe_code": "YMH-OSM-P-0317", "pipe_type": "main_line", "diameter_mm": 400, "material": "çelik", "pressure_level": "medium", "operating_pressure_bar": 4.0, "status": "aktif", "install_year": 2005, "district": "Yenimahalle", "source": "synthetic_demo_yenimahalle_osm_20260721", "osm_highway": "primary", "road_name": "Bağdat Caddesi", "synthetic_notice": "Gerçek altyapı değildir; eğitim ve demo amaçlı sentetik veridir."}, "geometry": {"type": "MultiLineString", "coordinates": [[[32.7585598, 39.96282], [32.7586607, 39.9627951]]]}}, {"type": "Feature", "properties": {"pipe_code": "YMH-OSM-P-0318", "pipe_type": "main_line", "diameter_mm": 250, "material": "çelik", "pressure_level": "medium", "operating_pressure_bar": 4.0, "status": "aktif", "install_year": 2012, "district": "Yenimahalle", "source": "synthetic_demo_yenimahalle_osm_20260721", "osm_highway": "primary", "road_name": "Bağdat Caddesi", "synthetic_notice": "Gerçek altyapı değildir; eğitim ve demo amaçlı sentetik veridir."}, "geometry": {"type": "MultiLineString", "coordinates": [[[32.7586607, 39.9627951], [32.7592182, 39.9626575], [32.75954, 39.9625781], [32.7598267, 39.9625073], [32.7602976, 39.962397]]]}}, {"type": "Feature", "properties": {"pipe_code": "YMH-OSM-P-0319", "pipe_type": "main_line", "diameter_mm": 315, "material": "çelik", "pressure_level": "medium", "operating_pressure_bar": 4.0, "status": "aktif", "install_year": 2019, "district": "Yenimahalle", "source": "synthetic_demo_yenimahalle_osm_20260721", "osm_highway": "primary", "road_name": "Bağdat Caddesi", "synthetic_notice": "Gerçek altyapı değildir; eğitim ve demo amaçlı sentetik veridir."}, "geometry": {"type": "MultiLineString", "coordinates": [[[32.7602976, 39.962397], [32.7609018, 39.9622556]]]}}, {"type": "Feature", "properties": {"pipe_code": "YMH-OSM-P-0320", "pipe_type": "main_line", "diameter_mm": 400, "material": "çelik", "pressure_level": "medium", "operating_pressure_bar": 4.0, "status": "aktif", "install_year": 1998, "district": "Yenimahalle", "source": "synthetic_demo_yenimahalle_osm_20260721", "osm_highway": "primary", "road_name": "Bağdat Caddesi", "synthetic_notice": "Gerçek altyapı değildir; eğitim ve demo amaçlı sentetik veridir."}, "geometry": {"type": "MultiLineString", "coordinates": [[[32.7609018, 39.9622556], [32.7616199, 39.9620951], [32.7623728, 39.9619419], [32.7631559, 39.9617922], [32.7636608, 39.9617172]]]}}, {"type": "Feature", "properties": {"pipe_code": "YMH-OSM-P-0321", "pipe_type": "main_line", "diameter_mm": 250, "material": "çelik", "pressure_level": "medium", "operating_pressure_bar": 4.0, "status": "aktif", "install_year": 2005, "district": "Yenimahalle", "source": "synthetic_demo_yenimahalle_osm_20260721", "osm_highway": "primary", "road_name": "Bağdat Caddesi", "synthetic_notice": "Gerçek altyapı değildir; eğitim ve demo amaçlı sentetik veridir."}, "geometry": {"type": "MultiLineString", "coordinates": [[[32.7636608, 39.9617172], [32.7638164, 39.9616962]]]}}, {"type": "Feature", "properties": {"pipe_code": "YMH-OSM-P-0322", "pipe_type": "main_line", "diameter_mm": 315, "material": "çelik", "pressure_level": "medium", "operating_pressure_bar": 4.0, "status": "aktif", "install_year": 2012, "district": "Yenimahalle", "source": "synthetic_demo_yenimahalle_osm_20260721", "osm_highway": "primary", "road_name": "Bağdat Caddesi", "synthetic_notice": "Gerçek altyapı değildir; eğitim ve demo amaçlı sentetik veridir."}, "geometry": {"type": "MultiLineString", "coordinates": [[[32.7638164, 39.9616962], [32.7641937, 39.9616645], [32.7645693, 39.9616332], [32.7654971, 39.9615433]]]}}, {"type": "Feature", "properties": {"pipe_code": "YMH-OSM-P-0323", "pipe_type": "main_line", "diameter_mm": 400, "material": "çelik", "pressure_level": "medium", "operating_pressure_bar": 4.0, "status": "aktif", "install_year": 2019, "district": "Yenimahalle", "source": "synthetic_demo_yenimahalle_osm_20260721", "osm_highway": "primary", "road_name": "Bağdat Caddesi", "synthetic_notice": "Gerçek altyapı değildir; eğitim ve demo amaçlı sentetik veridir."}, "geometry": {"type": "MultiLineString", "coordinates": [[[32.7654971, 39.9615433], [32.7659011, 39.9615141]]]}}, {"type": "Feature", "properties": {"pipe_code": "YMH-OSM-P-0324", "pipe_type": "main_line", "diameter_mm": 250, "material": "çelik", "pressure_level": "medium", "operating_pressure_bar": 4.0, "status": "aktif", "install_year": 1998, "district": "Yenimahalle", "source": "synthetic_demo_yenimahalle_osm_20260721", "osm_highway": "primary", "road_name": "Bağdat Caddesi", "synthetic_notice": "Gerçek altyapı değildir; eğitim ve demo amaçlı sentetik veridir."}, "geometry": {"type": "MultiLineString", "coordinates": [[[32.7659011, 39.9615141], [32.7663632, 39.9614907], [32.7675481, 39.9614477], [32.7686008, 39.9613766]]]}}, {"type": "Feature", "properties": {"pipe_code": "YMH-OSM-P-0325", "pipe_type": "main_line", "diameter_mm": 315, "material": "çelik", "pressure_level": "medium", "operating_pressure_bar": 4.0, "status": "aktif", "install_year": 2005, "district": "Yenimahalle", "source": "synthetic_demo_yenimahalle_osm_20260721", "osm_highway": "primary", "road_name": "Bağdat Caddesi", "synthetic_notice": "Gerçek altyapı değildir; eğitim ve demo amaçlı sentetik veridir."}, "geometry": {"type": "MultiLineString", "coordinates": [[[32.7686008, 39.9613766], [32.7690278, 39.9613303], [32.7692683, 39.9613042], [32.7696459, 39.9612456], [32.7702987, 39.9611684], [32.770723, 39.9611146]]]}}, {"type": "Feature", "properties": {"pipe_code": "YMH-OSM-P-0326", "pipe_type": "main_line", "diameter_mm": 400, "material": "çelik", "pressure_level": "medium", "operating_pressure_bar": 4.0, "status": "aktif", "install_year": 2012, "district": "Yenimahalle", "source": "synthetic_demo_yenimahalle_osm_20260721", "osm_highway": "primary", "road_name": "Bağdat Caddesi", "synthetic_notice": "Gerçek altyapı değildir; eğitim ve demo amaçlı sentetik veridir."}, "geometry": {"type": "MultiLineString", "coordinates": [[[32.770723, 39.9611146], [32.7728139, 39.9608662], [32.7730356, 39.9608347], [32.7736233, 39.960756], [32.7741834, 39.960681], [32.7744511, 39.9606452], [32.7767753, 39.9603698], [32.7792474, 39.960059], [32.7804136, 39.9599142], [32.7807943, 39.95986], [32.7812031, 39.959794], [32.7812503, 39.9597833], [32.7812985, 39.9597845], [32.7813434, 39.9597969], [32.7813809, 39.959819], [32.7815272, 39.9597619], [32.7816474, 39.9597046], [32.7816671, 39.9597009], [32.7820936, 39.9596167], [32.7836188, 39.9593158], [32.7842806, 39.9591852], [32.7867309, 39.9586907], [32.7867515, 39.9586866], [32.78765, 39.9585067], [32.7881546, 39.9584057], [32.7885926, 39.9583072], [32.7887135, 39.95828], [32.7889672, 39.958223], [32.7891207, 39.9581838], [32.7892985, 39.9581321], [32.7894084, 39.958095], [32.7895262, 39.9580553], [32.7896391, 39.9580106], [32.7899348, 39.9579188]]]}}, {"type": "Feature", "properties": {"pipe_code": "YMH-OSM-P-0327", "pipe_type": "main_line", "diameter_mm": 250, "material": "çelik", "pressure_level": "medium", "operating_pressure_bar": 4.0, "status": "aktif", "install_year": 2019, "district": "Yenimahalle", "source": "synthetic_demo_yenimahalle_osm_20260721", "osm_highway": "primary", "road_name": "Prof. Dr. Haydar Baş Caddesi", "synthetic_notice": "Gerçek altyapı değildir; eğitim ve demo amaçlı sentetik veridir."}, "geometry": {"type": "MultiLineString", "coordinates": [[[32.7901076, 39.9581848], [32.7900706, 39.9581784], [32.7900354, 39.9581676], [32.790003, 39.9581525], [32.7899742, 39.9581336], [32.7899496, 39.9581115], [32.7899301, 39.9580866], [32.7899159, 39.9580596], [32.7899077, 39.9580313], [32.7899054, 39.9580023], [32.7899093, 39.9579734], [32.7899192, 39.9579453], [32.7899348, 39.9579188]]]}}, {"type": "Feature", "properties": {"pipe_code": "YMH-OSM-P-0328", "pipe_type": "main_line", "diameter_mm": 315, "material": "çelik", "pressure_level": "medium", "operating_pressure_bar": 4.0, "status": "bakımda", "install_year": 1998, "district": "Yenimahalle", "source": "synthetic_demo_yenimahalle_osm_20260721", "osm_highway": "primary", "road_name": "Bağdat Caddesi", "synthetic_notice": "Gerçek altyapı değildir; eğitim ve demo amaçlı sentetik veridir."}, "geometry": {"type": "MultiLineString", "coordinates": [[[32.7901076, 39.9581848], [32.7897369, 39.9582636], [32.7893979, 39.9583406], [32.7886479, 39.9585103], [32.7885849, 39.9585246], [32.7877821, 39.958691], [32.7876979, 39.9587081], [32.7869268, 39.9588645], [32.7868037, 39.9588891], [32.7835856, 39.959532], [32.7816944, 39.959912], [32.7815404, 39.9599423], [32.7813632, 39.9599933]]]}}, {"type": "Feature", "properties": {"pipe_code": "YMH-OSM-P-0329", "pipe_type": "main_line", "diameter_mm": 400, "material": "çelik", "pressure_level": "medium", "operating_pressure_bar": 4.0, "status": "aktif", "install_year": 2005, "district": "Yenimahalle", "source": "synthetic_demo_yenimahalle_osm_20260721", "osm_highway": "primary", "road_name": "Adsız yol", "synthetic_notice": "Gerçek altyapı değildir; eğitim ve demo amaçlı sentetik veridir."}, "geometry": {"type": "MultiLineString", "coordinates": [[[32.7899348, 39.9579188], [32.7899559, 39.9578944], [32.7899819, 39.957873], [32.7900121, 39.9578551], [32.7900456, 39.9578411], [32.7900817, 39.9578315], [32.7901193, 39.9578264], [32.7901575, 39.9578261], [32.7901952, 39.9578306], [32.7902315, 39.9578396], [32.7902654, 39.957853]]]}}, {"type": "Feature", "properties": {"pipe_code": "YMH-OSM-P-0330", "pipe_type": "main_line", "diameter_mm": 250, "material": "çelik", "pressure_level": "medium", "operating_pressure_bar": 4.0, "status": "aktif", "install_year": 2012, "district": "Yenimahalle", "source": "synthetic_demo_yenimahalle_osm_20260721", "osm_highway": "primary", "road_name": "Prof. Dr. Haydar Baş Caddesi", "synthetic_notice": "Gerçek altyapı değildir; eğitim ve demo amaçlı sentetik veridir."}, "geometry": {"type": "MultiLineString", "coordinates": [[[32.790529, 39.9555738], [32.7904989, 39.9557196], [32.7904333, 39.95607], [32.7902796, 39.9569639], [32.7902366, 39.9573705], [32.7902333, 39.9575968], [32.7902654, 39.957853]]]}}, {"type": "Feature", "properties": {"pipe_code": "YMH-OSM-P-0331", "pipe_type": "main_line", "diameter_mm": 315, "material": "çelik", "pressure_level": "medium", "operating_pressure_bar": 4.0, "status": "aktif", "install_year": 2019, "district": "Yenimahalle", "source": "synthetic_demo_yenimahalle_osm_20260721", "osm_highway": "primary", "road_name": "Prof. Dr. Haydar Baş Caddesi", "synthetic_notice": "Gerçek altyapı değildir; eğitim ve demo amaçlı sentetik veridir."}, "geometry": {"type": "MultiLineString", "coordinates": [[[32.7909708, 39.9532271], [32.7908333, 39.9539221], [32.7906598, 39.9547899], [32.7905529, 39.9554556], [32.790529, 39.9555738]]]}}, {"type": "Feature", "properties": {"pipe_code": "YMH-OSM-P-0332", "pipe_type": "main_line", "diameter_mm": 400, "material": "çelik", "pressure_level": "medium", "operating_pressure_bar": 4.0, "status": "aktif", "install_year": 1998, "district": "Yenimahalle", "source": "synthetic_demo_yenimahalle_osm_20260721", "osm_highway": "primary", "road_name": "Prof. Dr. Haydar Baş Caddesi", "synthetic_notice": "Gerçek altyapı değildir; eğitim ve demo amaçlı sentetik veridir."}, "geometry": {"type": "MultiLineString", "coordinates": [[[32.7915973, 39.9509947], [32.7915312, 39.9511161], [32.7914089, 39.9513059], [32.7913303, 39.9515333], [32.7912417, 39.9518942], [32.7909708, 39.9532271]]]}}, {"type": "Feature", "properties": {"pipe_code": "YMH-OSM-P-0333", "pipe_type": "main_line", "diameter_mm": 250, "material": "çelik", "pressure_level": "medium", "operating_pressure_bar": 4.0, "status": "aktif", "install_year": 2005, "district": "Yenimahalle", "source": "synthetic_demo_yenimahalle_osm_20260721", "osm_highway": "primary", "road_name": "Prof. Dr. Haydar Baş Caddesi", "synthetic_notice": "Gerçek altyapı değildir; eğitim ve demo amaçlı sentetik veridir."}, "geometry": {"type": "MultiLineString", "coordinates": [[[32.7902654, 39.957853], [32.7903009, 39.9578738], [32.7903306, 39.9578993], [32.7903534, 39.9579286], [32.7903687, 39.9579608], [32.7903758, 39.9579945], [32.7903744, 39.9580287], [32.7903647, 39.958062], [32.790347, 39.9580934], [32.7903218, 39.9581216], [32.7902902, 39.9581457], [32.7902532, 39.9581648]]]}}, {"type": "Feature", "properties": {"pipe_code": "YMH-OSM-P-0334", "pipe_type": "main_line", "diameter_mm": 315, "material": "çelik", "pressure_level": "medium", "operating_pressure_bar": 4.0, "status": "aktif", "install_year": 2012, "district": "Yenimahalle", "source": "synthetic_demo_yenimahalle_osm_20260721", "osm_highway": "primary", "road_name": "Adsız yol", "synthetic_notice": "Gerçek altyapı değildir; eğitim ve demo amaçlı sentetik veridir."}, "geometry": {"type": "MultiLineString", "coordinates": [[[32.7902532, 39.9581648], [32.7902188, 39.9581765], [32.7901825, 39.9581838], [32.7901451, 39.9581866], [32.7901076, 39.9581848]]]}}, {"type": "Feature", "properties": {"pipe_code": "YMH-OSM-P-0335", "pipe_type": "main_line", "diameter_mm": 400, "material": "çelik", "pressure_level": "medium", "operating_pressure_bar": 4.0, "status": "pasif", "install_year": 2019, "district": "Yenimahalle", "source": "synthetic_demo_yenimahalle_osm_20260721", "osm_highway": "primary", "road_name": "Adsız yol", "synthetic_notice": "Gerçek altyapı değildir; eğitim ve demo amaçlı sentetik veridir."}, "geometry": {"type": "MultiLineString", "coordinates": [[[32.729266, 39.9580007], [32.7292592, 39.9580418], [32.7292445, 39.9580729]]]}}, {"type": "Feature", "properties": {"pipe_code": "YMH-OSM-P-0336", "pipe_type": "main_line", "diameter_mm": 250, "material": "çelik", "pressure_level": "medium", "operating_pressure_bar": 4.0, "status": "aktif", "install_year": 1998, "district": "Yenimahalle", "source": "synthetic_demo_yenimahalle_osm_20260721", "osm_highway": "secondary", "road_name": "1777. Cadde", "synthetic_notice": "Gerçek altyapı değildir; eğitim ve demo amaçlı sentetik veridir."}, "geometry": {"type": "MultiLineString", "coordinates": [[[32.727836, 39.9678844], [32.7277694, 39.9677963], [32.7273515, 39.9672436], [32.7272445, 39.9670982], [32.7270826, 39.9668784], [32.7269122, 39.9666553], [32.726857, 39.966583], [32.7268025, 39.9665117], [32.7267299, 39.9664166], [32.7264873, 39.966099], [32.7264208, 39.9660081], [32.7263617, 39.9659233], [32.7262774, 39.9657993], [32.7262033, 39.9656845], [32.725998, 39.965342], [32.7259561, 39.9652635], [32.7259346, 39.9652203], [32.7258944, 39.9651392], [32.7257987, 39.9649425], [32.7257205, 39.9647689], [32.725495, 39.9642346], [32.7254615, 39.9641564], [32.7250314, 39.9631526], [32.7249553, 39.962975], [32.7247147, 39.9624169], [32.7246221, 39.962207], [32.7245771, 39.9621003], [32.7243754, 39.9616322], [32.7241955, 39.9612146], [32.7239551, 39.9606565], [32.7239143, 39.960563], [32.7237781, 39.9602476], [32.7237483, 39.9601689], [32.7237261, 39.9600983], [32.7237102, 39.960033], [32.723693, 39.9599491], [32.7236889, 39.959922], [32.7236791, 39.9598573], [32.7236758, 39.9598081], [32.7236727, 39.9597631], [32.7236733, 39.959518], [32.7236742, 39.95917], [32.7236745, 39.9590421], [32.7236747, 39.9589695], [32.7236763, 39.9583346], [32.723673, 39.958275], [32.7236721, 39.9582586], [32.7236675, 39.9582416], [32.7236573, 39.9581678], [32.7235818, 39.9580533]]]}}, {"type": "Feature", "properties": {"pipe_code": "YMH-OSM-P-0337", "pipe_type": "main_line", "diameter_mm": 315, "material": "çelik", "pressure_level": "medium", "operating_pressure_bar": 4.0, "status": "aktif", "install_year": 2005, "district": "Yenimahalle", "source": "synthetic_demo_yenimahalle_osm_20260721", "osm_highway": "secondary", "road_name": "1777. Cadde", "synthetic_notice": "Gerçek altyapı değildir; eğitim ve demo amaçlı sentetik veridir."}, "geometry": {"type": "MultiLineString", "coordinates": [[[32.7239325, 39.9580596], [32.7238479, 39.958158], [32.7238327, 39.9582033], [32.7238228, 39.9582412], [32.7238152, 39.9582842], [32.7238109, 39.9583252], [32.7238109, 39.959042], [32.7238109, 39.9597581], [32.723814, 39.9598002], [32.723818, 39.9598549], [32.7238283, 39.9599317], [32.7238436, 39.9600181], [32.7238541, 39.9600684], [32.7238755, 39.9601466], [32.7239075, 39.9602392], [32.7240454, 39.9605554], [32.7240688, 39.9606516], [32.7242832, 39.9611888], [32.7243057, 39.9612461], [32.7244613, 39.9616236], [32.7246205, 39.961996], [32.7246723, 39.962111], [32.7247208, 39.9622187], [32.7247921, 39.9623771], [32.7254187, 39.9638401], [32.7255535, 39.9641399], [32.7255926, 39.9642182], [32.7257544, 39.9645973], [32.725937, 39.9649629], [32.7260718, 39.9652371], [32.7261203, 39.9653195], [32.7263195, 39.9656633], [32.7264063, 39.9657972], [32.7264588, 39.9658652], [32.7265021, 39.9659244], [32.7265934, 39.9660428], [32.7268438, 39.966369], [32.7269186, 39.96647], [32.7269716, 39.9665414], [32.7270274, 39.9666167], [32.7272026, 39.9668531], [32.7273509, 39.9670467], [32.7274736, 39.9672067], [32.7276559, 39.9674446], [32.7277388, 39.9675527], [32.7277888, 39.967618]]]}}, {"type": "Feature", "properties": {"pipe_code": "YMH-OSM-P-0338", "pipe_type": "main_line", "diameter_mm": 400, "material": "çelik", "pressure_level": "medium", "operating_pressure_bar": 4.0, "status": "aktif", "install_year": 2012, "district": "Yenimahalle", "source": "synthetic_demo_yenimahalle_osm_20260721", "osm_highway": "secondary", "road_name": "Şehit Yılmaz Güneş Caddesi", "synthetic_notice": "Gerçek altyapı değildir; eğitim ve demo amaçlı sentetik veridir."}, "geometry": {"type": "MultiLineString", "coordinates": [[[32.7218462, 39.9533882], [32.7219728, 39.9533492], [32.722507, 39.9531848], [32.722768, 39.9531045], [32.7232341, 39.9529611], [32.7238885, 39.9527596], [32.7239968, 39.9527276], [32.7241174, 39.952702], [32.7243228, 39.9526681], [32.7243704, 39.9526602], [32.7253289, 39.9525008], [32.7259894, 39.9523661], [32.7265462, 39.952236], [32.7268911, 39.9521554], [32.7276142, 39.951988], [32.727809, 39.9519457], [32.7280856, 39.9518975], [32.7284547, 39.9518466], [32.7285658, 39.9518332], [32.7290333, 39.9517814], [32.7295933, 39.9517504], [32.7299667, 39.9517484], [32.7300427, 39.95175], [32.7302221, 39.9517626], [32.7304325, 39.9517908], [32.7305589, 39.951819], [32.7306506, 39.9518451], [32.7307364, 39.951876], [32.730817, 39.9519086], [32.7309005, 39.9519507], [32.7309915, 39.952001], [32.7310377, 39.9520317], [32.731165, 39.9521293], [32.7319375, 39.9529763], [32.7322268, 39.9532935], [32.7324769, 39.9535677], [32.7327234, 39.953838], [32.7328707, 39.9540109], [32.7328982, 39.9540399], [32.7330252, 39.9541738], [32.7331255, 39.9542796]]]}}, {"type": "Feature", "properties": {"pipe_code": "YMH-OSM-P-0339", "pipe_type": "main_line", "diameter_mm": 250, "material": "çelik", "pressure_level": "medium", "operating_pressure_bar": 4.0, "status": "aktif", "install_year": 2019, "district": "Yenimahalle", "source": "synthetic_demo_yenimahalle_osm_20260721", "osm_highway": "secondary", "road_name": "Şehit Yılmaz Güneş Caddesi", "synthetic_notice": "Gerçek altyapı değildir; eğitim ve demo amaçlı sentetik veridir."}, "geometry": {"type": "MultiLineString", "coordinates": [[[32.732913, 39.9542446], [32.7327874, 39.9541047], [32.7325414, 39.9538307], [32.7318336, 39.9530416], [32.7314683, 39.9526356], [32.7310778, 39.9522018], [32.7309427, 39.9520939], [32.7308569, 39.9520374], [32.7307543, 39.95199], [32.7306118, 39.95194], [32.7304774, 39.9519048], [32.7303454, 39.9518784], [32.7302162, 39.9518619], [32.7300843, 39.9518524], [32.7299272, 39.9518476], [32.7296097, 39.9518491], [32.7290457, 39.9518799], [32.7284883, 39.9519385], [32.7281037, 39.9519944], [32.7278233, 39.9520457], [32.7275817, 39.9520969], [32.7269299, 39.952249], [32.7265801, 39.952331], [32.7259162, 39.9524866], [32.7253262, 39.9526021], [32.7241706, 39.9527981], [32.7241074, 39.9528125], [32.7239903, 39.9528459], [32.7232839, 39.9530606], [32.7221858, 39.9533949], [32.7220396, 39.9534394], [32.721914, 39.9534777]]]}}, {"type": "Feature", "properties": {"pipe_code": "YMH-OSM-P-0340", "pipe_type": "main_line", "diameter_mm": 315, "material": "çelik", "pressure_level": "medium", "operating_pressure_bar": 4.0, "status": "aktif", "install_year": 1998, "district": "Yenimahalle", "source": "synthetic_demo_yenimahalle_osm_20260721", "osm_highway": "secondary", "road_name": "1587. Cadde", "synthetic_notice": "Gerçek altyapı değildir; eğitim ve demo amaçlı sentetik veridir."}, "geometry": {"type": "MultiLineString", "coordinates": [[[32.7321208, 39.9616273], [32.7323084, 39.9615741], [32.732475, 39.9615269], [32.7340215, 39.9609632], [32.7341603, 39.9609126], [32.7358903, 39.9602821], [32.7359208, 39.960271], [32.7360307, 39.9602309], [32.7361073, 39.9602079], [32.7361887, 39.9601924], [32.736331, 39.9601641], [32.7363804, 39.9601543], [32.7366164, 39.9601196], [32.73688, 39.9600892], [32.7370698, 39.9600749], [32.7371908, 39.9600657], [32.7373174, 39.960061], [32.7382868, 39.9600448], [32.7385299, 39.9600408], [32.7386758, 39.9600384], [32.7397124, 39.9600212], [32.7401076, 39.9600146], [32.7402217, 39.9600127], [32.7411092, 39.9599979], [32.7419999, 39.9599831], [32.7427603, 39.9599704], [32.7431075, 39.9599557], [32.7433131, 39.9599409], [32.7433657, 39.9599371], [32.7443701, 39.9598508], [32.7445106, 39.9598387]]]}}, {"type": "Feature", "properties": {"pipe_code": "YMH-OSM-P-0341", "pipe_type": "main_line", "diameter_mm": 400, "material": "çelik", "pressure_level": "medium", "operating_pressure_bar": 4.0, "status": "aktif", "install_year": 2005, "district": "Yenimahalle", "source": "synthetic_demo_yenimahalle_osm_20260721", "osm_highway": "secondary", "road_name": "1620. Cadde", "synthetic_notice": "Gerçek altyapı değildir; eğitim ve demo amaçlı sentetik veridir."}, "geometry": {"type": "MultiLineString", "coordinates": [[[32.7445106, 39.9598387], [32.7444872, 39.9596891], [32.7444192, 39.9594067], [32.7443253, 39.9590826], [32.7442688, 39.9589011], [32.7442111, 39.9587611], [32.7441222, 39.9585983], [32.7440115, 39.9584441], [32.7427678, 39.9569495], [32.7422156, 39.9562859], [32.7421179, 39.9561685], [32.7416652, 39.9556245], [32.7412451, 39.9551196], [32.7410234, 39.9548531], [32.7408661, 39.9546641], [32.7408369, 39.954638], [32.7407685, 39.9545862], [32.7406875, 39.954538], [32.7405926, 39.9545013], [32.7404293, 39.95447], [32.7402188, 39.9544485], [32.7400275, 39.9544384], [32.7398813, 39.9544438], [32.7397841, 39.9544668], [32.7396704, 39.9545211], [32.7395933, 39.9545656], [32.7395301, 39.9546129], [32.7395001, 39.954645], [32.7386144, 39.9555907], [32.7384359, 39.9557765], [32.7382895, 39.9559139], [32.7381315, 39.9560476], [32.7378829, 39.9562217]]]}}, {"type": "Feature", "properties": {"pipe_code": "YMH-OSM-P-0342", "pipe_type": "main_line", "diameter_mm": 250, "material": "çelik", "pressure_level": "medium", "operating_pressure_bar": 4.0, "status": "aktif", "install_year": 2012, "district": "Yenimahalle", "source": "synthetic_demo_yenimahalle_osm_20260721", "osm_highway": "secondary", "road_name": "1777. Cadde", "synthetic_notice": "Gerçek altyapı değildir; eğitim ve demo amaçlı sentetik veridir."}, "geometry": {"type": "MultiLineString", "coordinates": [[[32.7189075, 39.9502492], [32.7191321, 39.9508329], [32.7193684, 39.951412], [32.7193892, 39.9514441], [32.7194173, 39.95147], [32.7202063, 39.9520315], [32.720302, 39.9520996], [32.720512, 39.952249], [32.7212724, 39.9527901], [32.7214495, 39.9529161], [32.7217889, 39.9531822], [32.7218956, 39.9532736], [32.7219728, 39.9533492], [32.7220396, 39.9534394], [32.7222821, 39.9538841], [32.722356, 39.954039], [32.7226833, 39.9547247], [32.7228094, 39.9549892], [32.7232847, 39.9559851], [32.7236197, 39.9566478], [32.7237252, 39.9568767], [32.7237503, 39.9569565], [32.7237646, 39.957038], [32.7237848, 39.9572638], [32.7238122, 39.9575697], [32.7238384, 39.9576583], [32.7238452, 39.9576814], [32.723906, 39.9577721], [32.7239452, 39.9578175], [32.7239756, 39.9578731]]]}}, {"type": "Feature", "properties": {"pipe_code": "YMH-OSM-P-0343", "pipe_type": "main_line", "diameter_mm": 315, "material": "çelik", "pressure_level": "medium", "operating_pressure_bar": 4.0, "status": "aktif", "install_year": 2019, "district": "Yenimahalle", "source": "synthetic_demo_yenimahalle_osm_20260721", "osm_highway": "secondary", "road_name": "1587. Cadde", "synthetic_notice": "Gerçek altyapı değildir; eğitim ve demo amaçlı sentetik veridir."}, "geometry": {"type": "MultiLineString", "coordinates": [[[32.7320626, 39.961794], [32.7318731, 39.9618642], [32.7307005, 39.9622984], [32.7305934, 39.9623347], [32.730485, 39.9623645], [32.7303642, 39.9623912], [32.7302732, 39.962409], [32.730182, 39.9624247], [32.7300756, 39.9624381], [32.7299755, 39.962448], [32.7299041, 39.9624525], [32.7298128, 39.9624547], [32.7297016, 39.9624534], [32.7285773, 39.9623995], [32.7284864, 39.9623952], [32.7279682, 39.9623703], [32.7266426, 39.9623068], [32.7253711, 39.9622458], [32.7249083, 39.9622236], [32.7247865, 39.9622204], [32.7247208, 39.9622187], [32.7246221, 39.962207], [32.7245492, 39.9621979], [32.7234445, 39.9619897], [32.7232764, 39.9619609], [32.7231567, 39.9619441], [32.723034, 39.9619349], [32.7229042, 39.9619303], [32.722802, 39.96193], [32.7227207, 39.9619332], [32.7226625, 39.9619374], [32.7225462, 39.9619523], [32.7224635, 39.961966], [32.7223845, 39.9619814], [32.722299, 39.9620012], [32.7221734, 39.9620378], [32.7220415, 39.9620891], [32.7215363, 39.9622822], [32.7213412, 39.9623604]]]}}, {"type": "Feature", "properties": {"pipe_code": "YMH-OSM-P-0344", "pipe_type": "main_line", "diameter_mm": 400, "material": "çelik", "pressure_level": "medium", "operating_pressure_bar": 4.0, "status": "aktif", "install_year": 1998, "district": "Yenimahalle", "source": "synthetic_demo_yenimahalle_osm_20260721", "osm_highway": "secondary", "road_name": "1587. Cadde", "synthetic_notice": "Gerçek altyapı değildir; eğitim ve demo amaçlı sentetik veridir."}, "geometry": {"type": "MultiLineString", "coordinates": [[[32.7213451, 39.9622358], [32.7214716, 39.9621862], [32.721594, 39.9621382], [32.7220118, 39.961974], [32.7221014, 39.9619453], [32.7221901, 39.9619213], [32.7222828, 39.9618998], [32.7223749, 39.9618819], [32.722462, 39.9618688], [32.722552, 39.961856], [32.7226473, 39.9618451], [32.7227491, 39.9618373], [32.7228589, 39.9618345], [32.7229734, 39.961837], [32.7230649, 39.9618427], [32.7232944, 39.9618691], [32.7235736, 39.9619194], [32.7243461, 39.9620586], [32.7244949, 39.9620855], [32.7245771, 39.9621003], [32.7246723, 39.962111], [32.7247443, 39.9621148], [32.7266507, 39.9622142], [32.7279042, 39.9622704], [32.7284964, 39.962297], [32.7285882, 39.9623011], [32.7291484, 39.9623262], [32.7296391, 39.9623483], [32.7297141, 39.9623516], [32.7298285, 39.9623535], [32.7299275, 39.9623511], [32.7300221, 39.962346], [32.7301092, 39.9623377], [32.7302046, 39.9623255], [32.7303095, 39.9623076], [32.7304035, 39.9622887], [32.7304789, 39.9622712], [32.7305453, 39.9622539], [32.7306557, 39.9622201], [32.7309006, 39.9621261], [32.7310914, 39.9620528], [32.7316367, 39.9618433], [32.7317866, 39.9617857], [32.7318155, 39.9617746], [32.7319981, 39.9617045]]]}}, {"type": "Feature", "properties": {"pipe_code": "YMH-OSM-P-0345", "pipe_type": "main_line", "diameter_mm": 250, "material": "çelik", "pressure_level": "medium", "operating_pressure_bar": 4.0, "status": "aktif", "install_year": 2005, "district": "Yenimahalle", "source": "synthetic_demo_yenimahalle_osm_20260721", "osm_highway": "secondary", "road_name": "1193. Cadde", "synthetic_notice": "Gerçek altyapı değildir; eğitim ve demo amaçlı sentetik veridir."}, "geometry": {"type": "MultiLineString", "coordinates": [[[32.7349927, 39.9726031], [32.7349984, 39.9715274], [32.7349994, 39.9713449], [32.7349997, 39.971264], [32.7350002, 39.9711307], [32.7350086, 39.9710752], [32.7350505, 39.9708114], [32.7351197, 39.9703751], [32.735142, 39.97024], [32.7351585, 39.9701489], [32.7353533, 39.9690735], [32.735369, 39.9689886], [32.7354513, 39.968544], [32.735601, 39.9677346], [32.7355934, 39.9676328], [32.7355437, 39.9675346]]]}}, {"type": "Feature", "properties": {"pipe_code": "YMH-OSM-P-0346", "pipe_type": "main_line", "diameter_mm": 315, "material": "çelik", "pressure_level": "medium", "operating_pressure_bar": 4.0, "status": "aktif", "install_year": 2012, "district": "Yenimahalle", "source": "synthetic_demo_yenimahalle_osm_20260721", "osm_highway": "secondary", "road_name": "Batıkent Bulvarı", "synthetic_notice": "Gerçek altyapı değildir; eğitim ve demo amaçlı sentetik veridir."}, "geometry": {"type": "MultiLineString", "coordinates": [[[32.7168848, 39.9701447], [32.7167074, 39.970268], [32.7166617, 39.9702998], [32.7164682, 39.9704342], [32.7156618, 39.9710478], [32.71505, 39.9715133], [32.714299, 39.9720848], [32.7142382, 39.9721311], [32.7138387, 39.972435], [32.7135407, 39.9726618], [32.7134221, 39.972752], [32.7133107, 39.9728368], [32.7125586, 39.9734152], [32.7124269, 39.9735164]]]}}, {"type": "Feature", "properties": {"pipe_code": "YMH-OSM-P-0347", "pipe_type": "main_line", "diameter_mm": 400, "material": "çelik", "pressure_level": "medium", "operating_pressure_bar": 4.0, "status": "aktif", "install_year": 2019, "district": "Yenimahalle", "source": "synthetic_demo_yenimahalle_osm_20260721", "osm_highway": "secondary", "road_name": "Batıkent Bulvarı", "synthetic_notice": "Gerçek altyapı değildir; eğitim ve demo amaçlı sentetik veridir."}, "geometry": {"type": "MultiLineString", "coordinates": [[[32.7123072, 39.9734468], [32.7132093, 39.972758], [32.7134881, 39.9725461], [32.7137468, 39.9723495], [32.7141383, 39.972052], [32.7149451, 39.9714389], [32.7151903, 39.9712526], [32.715381, 39.9711076], [32.7155555, 39.970975], [32.7161377, 39.9705326], [32.7164331, 39.9702633], [32.7164538, 39.9702465], [32.7164785, 39.9702264], [32.7166402, 39.9700383]]]}}, {"type": "Feature", "properties": {"pipe_code": "YMH-OSM-P-0348", "pipe_type": "main_line", "diameter_mm": 250, "material": "çelik", "pressure_level": "medium", "operating_pressure_bar": 4.0, "status": "aktif", "install_year": 1998, "district": "Yenimahalle", "source": "synthetic_demo_yenimahalle_osm_20260721", "osm_highway": "secondary", "road_name": "1777. Cadde", "synthetic_notice": "Gerçek altyapı değildir; eğitim ve demo amaçlı sentetik veridir."}, "geometry": {"type": "MultiLineString", "coordinates": [[[32.7235449, 39.9578702], [32.7235718, 39.9578242], [32.7236165, 39.9577831], [32.7236621, 39.9577409], [32.7236932, 39.9576827], [32.723706, 39.9576411], [32.7237095, 39.9576189], [32.7237163, 39.9575749], [32.7236676, 39.9570492], [32.7236478, 39.9569611], [32.7236219, 39.9568938], [32.7235105, 39.9566694], [32.7231946, 39.9560756], [32.7229268, 39.9555114], [32.7227569, 39.9551535], [32.7225685, 39.9547567], [32.7221689, 39.9539149], [32.7220098, 39.953642], [32.721914, 39.9534777]]]}}, {"type": "Feature", "properties": {"pipe_code": "YMH-OSM-P-0349", "pipe_type": "main_line", "diameter_mm": 315, "material": "çelik", "pressure_level": "medium", "operating_pressure_bar": 4.0, "status": "aktif", "install_year": 2005, "district": "Yenimahalle", "source": "synthetic_demo_yenimahalle_osm_20260721", "osm_highway": "secondary", "road_name": "2164. Cadde", "synthetic_notice": "Gerçek altyapı değildir; eğitim ve demo amaçlı sentetik veridir."}, "geometry": {"type": "MultiLineString", "coordinates": [[[32.7002829, 39.9964603], [32.7004914, 39.996387], [32.7006517, 39.9963306], [32.7015193, 39.996056], [32.7021207, 39.9958875], [32.7045383, 39.9952101], [32.704892, 39.995111], [32.7052432, 39.9950126], [32.7056252, 39.9949055], [32.7056502, 39.9948974], [32.7057533, 39.9948642]]]}}, {"type": "Feature", "properties": {"pipe_code": "YMH-OSM-P-0350", "pipe_type": "main_line", "diameter_mm": 400, "material": "çelik", "pressure_level": "medium", "operating_pressure_bar": 4.0, "status": "aktif", "install_year": 2012, "district": "Yenimahalle", "source": "synthetic_demo_yenimahalle_osm_20260721", "osm_highway": "secondary", "road_name": "Ahi Evran Caddesi", "synthetic_notice": "Gerçek altyapı değildir; eğitim ve demo amaçlı sentetik veridir."}, "geometry": {"type": "MultiLineString", "coordinates": [[[32.7392477, 39.9735442], [32.7396287, 39.9727916], [32.739706, 39.9726626], [32.7401193, 39.9719852], [32.7401494, 39.9719359], [32.7401888, 39.9718673], [32.7405573, 39.971221], [32.7405929, 39.9711642], [32.740629, 39.9711019], [32.7410024, 39.9704568], [32.7410425, 39.9703875], [32.7410843, 39.9703164], [32.7414309, 39.9697269], [32.7414407, 39.9697102], [32.7415079, 39.9695959], [32.7415513, 39.9695228], [32.7415789, 39.9694762]]]}}, {"type": "Feature", "properties": {"pipe_code": "YMH-OSM-P-0351", "pipe_type": "main_line", "diameter_mm": 250, "material": "çelik", "pressure_level": "medium", "operating_pressure_bar": 4.0, "status": "aktif", "install_year": 2019, "district": "Yenimahalle", "source": "synthetic_demo_yenimahalle_osm_20260721", "osm_highway": "secondary", "road_name": "2164. Cadde", "synthetic_notice": "Gerçek altyapı değildir; eğitim ve demo amaçlı sentetik veridir."}, "geometry": {"type": "MultiLineString", "coordinates": [[[32.7055177, 39.9950822], [32.7052112, 39.9951695], [32.7044206, 39.9953942], [32.7031235, 39.9957629], [32.7021368, 39.9960433], [32.7015713, 39.9962041], [32.7012134, 39.9963242], [32.7010286, 39.9963972], [32.7008762, 39.9964721], [32.7006967, 39.9965803], [32.7006682, 39.9966004], [32.7004756, 39.9967364]]]}}, {"type": "Feature", "properties": {"pipe_code": "YMH-OSM-P-0352", "pipe_type": "main_line", "diameter_mm": 315, "material": "çelik", "pressure_level": "medium", "operating_pressure_bar": 4.0, "status": "aktif", "install_year": 1998, "district": "Yenimahalle", "source": "synthetic_demo_yenimahalle_osm_20260721", "osm_highway": "secondary", "road_name": "1777. Cadde", "synthetic_notice": "Gerçek altyapı değildir; eğitim ve demo amaçlı sentetik veridir."}, "geometry": {"type": "MultiLineString", "coordinates": [[[32.721914, 39.9534777], [32.7218462, 39.9533882], [32.721781, 39.9533256], [32.7215819, 39.9531584], [32.7213514, 39.9529851], [32.7202086, 39.9521712], [32.719343, 39.9515547], [32.7192995, 39.9515211], [32.7192621, 39.9514806], [32.719004, 39.9508434], [32.7187731, 39.9502691]]]}}, {"type": "Feature", "properties": {"pipe_code": "YMH-OSM-P-0353", "pipe_type": "main_line", "diameter_mm": 400, "material": "çelik", "pressure_level": "medium", "operating_pressure_bar": 4.0, "status": "aktif", "install_year": 2005, "district": "Yenimahalle", "source": "synthetic_demo_yenimahalle_osm_20260721", "osm_highway": "primary", "road_name": "Batı Bulvarı", "synthetic_notice": "Gerçek altyapı değildir; eğitim ve demo amaçlı sentetik veridir."}, "geometry": {"type": "MultiLineString", "coordinates": [[[32.7353886, 39.948387], [32.7189075, 39.9502492], [32.7187731, 39.9502691]]]}}, {"type": "Feature", "properties": {"pipe_code": "YMH-OSM-P-0354", "pipe_type": "main_line", "diameter_mm": 250, "material": "çelik", "pressure_level": "medium", "operating_pressure_bar": 4.0, "status": "aktif", "install_year": 2012, "district": "Yenimahalle", "source": "synthetic_demo_yenimahalle_osm_20260721", "osm_highway": "primary", "road_name": "Batı Bulvarı", "synthetic_notice": "Gerçek altyapı değildir; eğitim ve demo amaçlı sentetik veridir."}, "geometry": {"type": "MultiLineString", "coordinates": [[[32.7369286, 39.9481638], [32.7368525, 39.9481735], [32.7365923, 39.9482125], [32.7360602, 39.9482883], [32.7358158, 39.9483231], [32.7353886, 39.948387]]]}}, {"type": "Feature", "properties": {"pipe_code": "YMH-OSM-P-0355", "pipe_type": "main_line", "diameter_mm": 315, "material": "çelik", "pressure_level": "medium", "operating_pressure_bar": 4.0, "status": "aktif", "install_year": 2019, "district": "Yenimahalle", "source": "synthetic_demo_yenimahalle_osm_20260721", "osm_highway": "primary", "road_name": "Batı Bulvarı", "synthetic_notice": "Gerçek altyapı değildir; eğitim ve demo amaçlı sentetik veridir."}, "geometry": {"type": "MultiLineString", "coordinates": [[[32.7408543, 39.9480562], [32.7389228, 39.9480176], [32.7381815, 39.9480235], [32.7377611, 39.9480582], [32.7369286, 39.9481638]]]}}, {"type": "Feature", "properties": {"pipe_code": "YMH-OSM-P-0356", "pipe_type": "main_line", "diameter_mm": 400, "material": "çelik", "pressure_level": "medium", "operating_pressure_bar": 4.0, "status": "aktif", "install_year": 1998, "district": "Yenimahalle", "source": "synthetic_demo_yenimahalle_osm_20260721", "osm_highway": "primary", "road_name": "Batı Bulvarı", "synthetic_notice": "Gerçek altyapı değildir; eğitim ve demo amaçlı sentetik veridir."}, "geometry": {"type": "MultiLineString", "coordinates": [[[32.7678156, 39.9498898], [32.7642282, 39.9497363], [32.7640956, 39.9497435], [32.7632005, 39.9497922], [32.7628865, 39.9498079], [32.7625997, 39.9498231], [32.7623031, 39.9498264], [32.7612332, 39.9498036], [32.7610256, 39.9497934], [32.7608377, 39.9497703], [32.7603176, 39.9496806], [32.7601539, 39.9496524], [32.7597411, 39.9495812], [32.7571053, 39.9491269], [32.7566567, 39.9490581], [32.7545946, 39.9487553], [32.7542388, 39.9487031], [32.7522143, 39.9484058], [32.7514838, 39.9483021], [32.7491665, 39.9480029], [32.7478249, 39.9478315], [32.7435636, 39.9477369], [32.742547, 39.947813], [32.7409375, 39.9480524], [32.7408543, 39.9480562]]]}}, {"type": "Feature", "properties": {"pipe_code": "YMH-OSM-P-0357", "pipe_type": "main_line", "diameter_mm": 250, "material": "çelik", "pressure_level": "medium", "operating_pressure_bar": 4.0, "status": "aktif", "install_year": 2005, "district": "Yenimahalle", "source": "synthetic_demo_yenimahalle_osm_20260721", "osm_highway": "primary", "road_name": "Batı Bulvarı", "synthetic_notice": "Gerçek altyapı değildir; eğitim ve demo amaçlı sentetik veridir."}, "geometry": {"type": "MultiLineString", "coordinates": [[[32.7715058, 39.9501215], [32.7710125, 39.9500982], [32.7693565, 39.9499902], [32.7678156, 39.9498898]]]}}, {"type": "Feature", "properties": {"pipe_code": "YMH-OSM-P-0358", "pipe_type": "main_line", "diameter_mm": 315, "material": "çelik", "pressure_level": "medium", "operating_pressure_bar": 4.0, "status": "aktif", "install_year": 2012, "district": "Yenimahalle", "source": "synthetic_demo_yenimahalle_osm_20260721", "osm_highway": "primary", "road_name": "Batı Bulvarı", "synthetic_notice": "Gerçek altyapı değildir; eğitim ve demo amaçlı sentetik veridir."}, "geometry": {"type": "MultiLineString", "coordinates": [[[32.7187731, 39.9502691], [32.7181516, 39.950302], [32.7177515, 39.9503984], [32.7176525, 39.9504266]]]}}, {"type": "Feature", "properties": {"pipe_code": "YMH-OSM-P-0359", "pipe_type": "main_line", "diameter_mm": 400, "material": "çelik", "pressure_level": "medium", "operating_pressure_bar": 4.0, "status": "aktif", "install_year": 2019, "district": "Yenimahalle", "source": "synthetic_demo_yenimahalle_osm_20260721", "osm_highway": "primary", "road_name": "Batı Bulvarı", "synthetic_notice": "Gerçek altyapı değildir; eğitim ve demo amaçlı sentetik veridir."}, "geometry": {"type": "MultiLineString", "coordinates": [[[32.7176525, 39.9504266], [32.7171391, 39.950588]]]}}, {"type": "Feature", "properties": {"pipe_code": "YMH-OSM-P-0360", "pipe_type": "main_line", "diameter_mm": 250, "material": "çelik", "pressure_level": "medium", "operating_pressure_bar": 4.0, "status": "aktif", "install_year": 1998, "district": "Yenimahalle", "source": "synthetic_demo_yenimahalle_osm_20260721", "osm_highway": "primary", "road_name": "Batı Bulvarı", "synthetic_notice": "Gerçek altyapı değildir; eğitim ve demo amaçlı sentetik veridir."}, "geometry": {"type": "MultiLineString", "coordinates": [[[32.7171391, 39.950588], [32.7169524, 39.9506468], [32.714922, 39.9512726], [32.7145045, 39.9514138], [32.7128047, 39.9519741]]]}}, {"type": "Feature", "properties": {"pipe_code": "YMH-OSM-P-0361", "pipe_type": "main_line", "diameter_mm": 315, "material": "çelik", "pressure_level": "medium", "operating_pressure_bar": 4.0, "status": "aktif", "install_year": 2005, "district": "Yenimahalle", "source": "synthetic_demo_yenimahalle_osm_20260721", "osm_highway": "primary", "road_name": "Batı Bulvarı", "synthetic_notice": "Gerçek altyapı değildir; eğitim ve demo amaçlı sentetik veridir."}, "geometry": {"type": "MultiLineString", "coordinates": [[[32.7128047, 39.9519741], [32.7125401, 39.9520777]]]}}, {"type": "Feature", "properties": {"pipe_code": "YMH-OSM-P-0362", "pipe_type": "main_line", "diameter_mm": 400, "material": "çelik", "pressure_level": "medium", "operating_pressure_bar": 4.0, "status": "aktif", "install_year": 2012, "district": "Yenimahalle", "source": "synthetic_demo_yenimahalle_osm_20260721", "osm_highway": "primary", "road_name": "Batı Bulvarı", "synthetic_notice": "Gerçek altyapı değildir; eğitim ve demo amaçlı sentetik veridir."}, "geometry": {"type": "MultiLineString", "coordinates": [[[32.7125401, 39.9520777], [32.7123894, 39.9521305], [32.7115997, 39.9524134], [32.7111701, 39.9525808], [32.7107984, 39.9527772], [32.7105986, 39.9528827], [32.7105873, 39.9528932], [32.7104869, 39.9529863], [32.7104089, 39.9530989], [32.7103779, 39.9531951], [32.7103652, 39.9532901], [32.7101591, 39.9549414], [32.7101577, 39.9549528], [32.7101124, 39.9551416], [32.710036, 39.9553398], [32.7099729, 39.9555041], [32.7099192, 39.9555703], [32.7098574, 39.9556306], [32.7097756, 39.9556746], [32.7096853, 39.9557115], [32.7096492, 39.9557223]]]}}, {"type": "Feature", "properties": {"pipe_code": "YMH-OSM-P-0363", "pipe_type": "main_line", "diameter_mm": 250, "material": "çelik", "pressure_level": "medium", "operating_pressure_bar": 4.0, "status": "aktif", "install_year": 2019, "district": "Yenimahalle", "source": "synthetic_demo_yenimahalle_osm_20260721", "osm_highway": "primary", "road_name": "Batı Bulvarı", "synthetic_notice": "Gerçek altyapı değildir; eğitim ve demo amaçlı sentetik veridir."}, "geometry": {"type": "MultiLineString", "coordinates": [[[32.7096492, 39.9557223], [32.7095572, 39.9557499], [32.7094105, 39.9557861], [32.7082523, 39.956063], [32.7080122, 39.9561195], [32.7071339, 39.956326], [32.7070766, 39.9563412], [32.7066903, 39.9564305], [32.706112, 39.9565651], [32.7055668, 39.9566942], [32.7051929, 39.9567871]]]}}, {"type": "Feature", "properties": {"pipe_code": "YMH-OSM-P-0364", "pipe_type": "main_line", "diameter_mm": 315, "material": "çelik", "pressure_level": "medium", "operating_pressure_bar": 4.0, "status": "aktif", "install_year": 1998, "district": "Yenimahalle", "source": "synthetic_demo_yenimahalle_osm_20260721", "osm_highway": "primary", "road_name": "Batı Bulvarı", "synthetic_notice": "Gerçek altyapı değildir; eğitim ve demo amaçlı sentetik veridir."}, "geometry": {"type": "MultiLineString", "coordinates": [[[32.7051929, 39.9567871], [32.704747, 39.9568978]]]}}, {"type": "Feature", "properties": {"pipe_code": "YMH-OSM-P-0365", "pipe_type": "main_line", "diameter_mm": 400, "material": "çelik", "pressure_level": "medium", "operating_pressure_bar": 4.0, "status": "aktif", "install_year": 2005, "district": "Yenimahalle", "source": "synthetic_demo_yenimahalle_osm_20260721", "osm_highway": "primary", "road_name": "Batı Bulvarı", "synthetic_notice": "Gerçek altyapı değildir; eğitim ve demo amaçlı sentetik veridir."}, "geometry": {"type": "MultiLineString", "coordinates": [[[32.704747, 39.9568978], [32.704519, 39.9569487], [32.703772, 39.9571227], [32.7029182, 39.9573231], [32.7009336, 39.957815]]]}}, {"type": "Feature", "properties": {"pipe_code": "YMH-OSM-P-0366", "pipe_type": "main_line", "diameter_mm": 250, "material": "çelik", "pressure_level": "medium", "operating_pressure_bar": 4.0, "status": "aktif", "install_year": 2012, "district": "Yenimahalle", "source": "synthetic_demo_yenimahalle_osm_20260721", "osm_highway": "primary", "road_name": "Batı Bulvarı", "synthetic_notice": "Gerçek altyapı değildir; eğitim ve demo amaçlı sentetik veridir."}, "geometry": {"type": "MultiLineString", "coordinates": [[[32.7009336, 39.957815], [32.7007138, 39.957879], [32.7000901, 39.9580572], [32.7000567, 39.9580697], [32.6999995, 39.9580912], [32.6998715, 39.9581393]]]}}, {"type": "Feature", "properties": {"pipe_code": "YMH-OSM-P-0367", "pipe_type": "main_line", "diameter_mm": 315, "material": "çelik", "pressure_level": "medium", "operating_pressure_bar": 4.0, "status": "aktif", "install_year": 2019, "district": "Yenimahalle", "source": "synthetic_demo_yenimahalle_osm_20260721", "osm_highway": "primary", "road_name": "Batı Bulvarı", "synthetic_notice": "Gerçek altyapı değildir; eğitim ve demo amaçlı sentetik veridir."}, "geometry": {"type": "MultiLineString", "coordinates": [[[32.6998715, 39.9581393], [32.6997206, 39.9581983], [32.6987508, 39.9585776], [32.6976952, 39.9589904], [32.6973724, 39.9591167], [32.6953562, 39.9599236], [32.6940947, 39.9604284], [32.6932961, 39.9607299], [32.6908707, 39.9616454], [32.6905417, 39.9617849], [32.6904147, 39.9618387], [32.6900231, 39.9620196], [32.6897388, 39.9622088], [32.6894277, 39.9625047], [32.6891326, 39.9628008], [32.6888859, 39.9631091], [32.688741, 39.9633353], [32.6886793, 39.9634709], [32.6885648, 39.9637418], [32.6885083, 39.9638756], [32.688324, 39.964409], [32.6883103, 39.9646285]]]}}, {"type": "Feature", "properties": {"pipe_code": "YMH-OSM-P-0368", "pipe_type": "main_line", "diameter_mm": 400, "material": "çelik", "pressure_level": "medium", "operating_pressure_bar": 4.0, "status": "aktif", "install_year": 1998, "district": "Yenimahalle", "source": "synthetic_demo_yenimahalle_osm_20260721", "osm_highway": "primary", "road_name": "Cengiz Aytmatov Caddesi", "synthetic_notice": "Gerçek altyapı değildir; eğitim ve demo amaçlı sentetik veridir."}, "geometry": {"type": "MultiLineString", "coordinates": [[[32.6883103, 39.9646285], [32.6886494, 39.9646667], [32.6907648, 39.964905], [32.6909747, 39.9649787]]]}}, {"type": "Feature", "properties": {"pipe_code": "YMH-OSM-P-0369", "pipe_type": "main_line", "diameter_mm": 250, "material": "çelik", "pressure_level": "medium", "operating_pressure_bar": 4.0, "status": "bakımda", "install_year": 2005, "district": "Yenimahalle", "source": "synthetic_demo_yenimahalle_osm_20260721", "osm_highway": "primary", "road_name": "Cengiz Aytmatov Caddesi", "synthetic_notice": "Gerçek altyapı değildir; eğitim ve demo amaçlı sentetik veridir."}, "geometry": {"type": "MultiLineString", "coordinates": [[[32.6909747, 39.9649787], [32.6925454, 39.9650978], [32.6929594, 39.9651183], [32.6933415, 39.9651279], [32.6944613, 39.9651132], [32.6959846, 39.9650933], [32.6967777, 39.9650829], [32.6983259, 39.9650626], [32.698397, 39.9650617], [32.6984721, 39.9650545], [32.6985463, 39.9650414]]]}}, {"type": "Feature", "properties": {"pipe_code": "YMH-OSM-P-0370", "pipe_type": "main_line", "diameter_mm": 315, "material": "çelik", "pressure_level": "medium", "operating_pressure_bar": 4.0, "status": "aktif", "install_year": 2012, "district": "Yenimahalle", "source": "synthetic_demo_yenimahalle_osm_20260721", "osm_highway": "primary", "road_name": "Cengiz Aytmatov Caddesi", "synthetic_notice": "Gerçek altyapı değildir; eğitim ve demo amaçlı sentetik veridir."}, "geometry": {"type": "MultiLineString", "coordinates": [[[32.6985463, 39.9650414], [32.6998173, 39.9647596], [32.70013, 39.9647012], [32.7002123, 39.9646858], [32.7012592, 39.9644901], [32.7015034, 39.9644226], [32.7026382, 39.9641087], [32.7031105, 39.963978], [32.7031778, 39.9639543], [32.7032372, 39.9639351], [32.7039985, 39.9636886], [32.7045112, 39.9634707], [32.7045791, 39.9634387], [32.704603, 39.9634284], [32.7046502, 39.9634022], [32.7047303, 39.9633071]]]}}, {"type": "Feature", "properties": {"pipe_code": "YMH-OSM-P-0371", "pipe_type": "main_line", "diameter_mm": 400, "material": "çelik", "pressure_level": "medium", "operating_pressure_bar": 4.0, "status": "aktif", "install_year": 2019, "district": "Yenimahalle", "source": "synthetic_demo_yenimahalle_osm_20260721", "osm_highway": "primary", "road_name": "Cengiz Aytmatov Caddesi", "synthetic_notice": "Gerçek altyapı değildir; eğitim ve demo amaçlı sentetik veridir."}, "geometry": {"type": "MultiLineString", "coordinates": [[[32.6857638, 39.9642727], [32.6860173, 39.964273], [32.6866167, 39.9643826], [32.6871715, 39.96449], [32.6876376, 39.9645587], [32.6878884, 39.9645915], [32.6880424, 39.9646006], [32.6883103, 39.9646285]]]}}, {"type": "Feature", "properties": {"pipe_code": "YMH-OSM-P-0372", "pipe_type": "main_line", "diameter_mm": 250, "material": "çelik", "pressure_level": "medium", "operating_pressure_bar": 4.0, "status": "aktif", "install_year": 1998, "district": "Yenimahalle", "source": "synthetic_demo_yenimahalle_osm_20260721", "osm_highway": "primary", "road_name": "Cengiz Aytmatov Caddesi", "synthetic_notice": "Gerçek altyapı değildir; eğitim ve demo amaçlı sentetik veridir."}, "geometry": {"type": "MultiLineString", "coordinates": [[[32.6904999, 39.9649327], [32.6909747, 39.9649787]]]}}, {"type": "Feature", "properties": {"pipe_code": "YMH-OSM-P-0373", "pipe_type": "main_line", "diameter_mm": 315, "material": "çelik", "pressure_level": "medium", "operating_pressure_bar": 4.0, "status": "aktif", "install_year": 2005, "district": "Yenimahalle", "source": "synthetic_demo_yenimahalle_osm_20260721", "osm_highway": "primary", "road_name": "Cengiz Aytmatov Caddesi", "synthetic_notice": "Gerçek altyapı değildir; eğitim ve demo amaçlı sentetik veridir."}, "geometry": {"type": "MultiLineString", "coordinates": [[[32.6860602, 39.9643565], [32.6868072, 39.9645259], [32.6873007, 39.9646045], [32.6877875, 39.9646648], [32.6881741, 39.9647124], [32.688558, 39.9647522], [32.6904999, 39.9649327]]]}}, {"type": "Feature", "properties": {"pipe_code": "YMH-OSM-P-0374", "pipe_type": "main_line", "diameter_mm": 400, "material": "çelik", "pressure_level": "medium", "operating_pressure_bar": 4.0, "status": "aktif", "install_year": 2012, "district": "Yenimahalle", "source": "synthetic_demo_yenimahalle_osm_20260721", "osm_highway": "primary", "road_name": "Cengiz Aytmatov Caddesi", "synthetic_notice": "Gerçek altyapı değildir; eğitim ve demo amaçlı sentetik veridir."}, "geometry": {"type": "MultiLineString", "coordinates": [[[32.6853603, 39.9641662], [32.6857638, 39.9642727], [32.6860602, 39.9643565]]]}}, {"type": "Feature", "properties": {"pipe_code": "YMH-OSM-P-0375", "pipe_type": "main_line", "diameter_mm": 250, "material": "çelik", "pressure_level": "medium", "operating_pressure_bar": 4.0, "status": "aktif", "install_year": 2019, "district": "Yenimahalle", "source": "synthetic_demo_yenimahalle_osm_20260721", "osm_highway": "primary", "road_name": "Batı Bulvarı", "synthetic_notice": "Gerçek altyapı değildir; eğitim ve demo amaçlı sentetik veridir."}, "geometry": {"type": "MultiLineString", "coordinates": [[[32.6883103, 39.9646285], [32.6882524, 39.9648471], [32.688241, 39.964886]]]}}, {"type": "Feature", "properties": {"pipe_code": "YMH-OSM-P-0376", "pipe_type": "main_line", "diameter_mm": 315, "material": "çelik", "pressure_level": "medium", "operating_pressure_bar": 4.0, "status": "aktif", "install_year": 1998, "district": "Yenimahalle", "source": "synthetic_demo_yenimahalle_osm_20260721", "osm_highway": "secondary", "road_name": "Haydarcan Kılıçdoğan Caddesi", "synthetic_notice": "Gerçek altyapı değildir; eğitim ve demo amaçlı sentetik veridir."}, "geometry": {"type": "MultiLineString", "coordinates": [[[32.7003515, 39.9593082], [32.7003251, 39.9594069], [32.7003013, 39.9594621], [32.700225, 39.959578], [32.6989895, 39.9613473], [32.698944, 39.9614119], [32.6989083, 39.9614677], [32.6988767, 39.961525], [32.6988557, 39.9615802], [32.6988365, 39.9616603], [32.6988302, 39.9616961], [32.698631, 39.9634478], [32.6985551, 39.9648521], [32.6985463, 39.9650414]]]}}, {"type": "Feature", "properties": {"pipe_code": "YMH-OSM-P-0377", "pipe_type": "main_line", "diameter_mm": 400, "material": "çelik", "pressure_level": "medium", "operating_pressure_bar": 4.0, "status": "aktif", "install_year": 2005, "district": "Yenimahalle", "source": "synthetic_demo_yenimahalle_osm_20260721", "osm_highway": "secondary", "road_name": "Adsız yol", "synthetic_notice": "Gerçek altyapı değildir; eğitim ve demo amaçlı sentetik veridir."}, "geometry": {"type": "MultiLineString", "coordinates": [[[32.7140206, 39.960063], [32.713953, 39.9599247], [32.7139038, 39.9598458], [32.7137154, 39.9595437], [32.7131455, 39.9586302], [32.7114993, 39.9573191], [32.7110094, 39.956929], [32.7106842, 39.9566649], [32.7106226, 39.9566041], [32.710465, 39.9564142], [32.7103036, 39.9561992], [32.7100414, 39.9558751], [32.7099607, 39.9558236], [32.7098665, 39.955778], [32.709759, 39.9557441], [32.7096492, 39.9557223]]]}}, {"type": "Feature", "properties": {"pipe_code": "YMH-OSM-P-0378", "pipe_type": "main_line", "diameter_mm": 250, "material": "çelik", "pressure_level": "medium", "operating_pressure_bar": 4.0, "status": "aktif", "install_year": 2012, "district": "Yenimahalle", "source": "synthetic_demo_yenimahalle_osm_20260721", "osm_highway": "primary", "road_name": "Cengiz Aytmatov Caddesi", "synthetic_notice": "Gerçek altyapı değildir; eğitim ve demo amaçlı sentetik veridir."}, "geometry": {"type": "MultiLineString", "coordinates": [[[32.7140206, 39.960063], [32.7139061, 39.9600931], [32.7138036, 39.96012], [32.7123713, 39.9604735], [32.7116249, 39.9606533], [32.7116168, 39.9606553], [32.7113467, 39.9607203], [32.7113135, 39.9607296], [32.7110594, 39.960795], [32.7107764, 39.9608769], [32.7104508, 39.9609793], [32.7102311, 39.9610586], [32.7100812, 39.9611174], [32.7099627, 39.9611664], [32.7098852, 39.9612001], [32.7098282, 39.9612258], [32.7097709, 39.961251], [32.7096488, 39.9613089], [32.7094095, 39.9614151], [32.7092055, 39.9615112], [32.7091806, 39.9615224], [32.7090721, 39.9615715], [32.7077954, 39.9621676], [32.7074952, 39.9623004], [32.7072044, 39.962429], [32.7059984, 39.9629529], [32.7053676, 39.9632758], [32.7052876, 39.9633168], [32.7051454, 39.9633896]]]}}, {"type": "Feature", "properties": {"pipe_code": "YMH-OSM-P-0379", "pipe_type": "main_line", "diameter_mm": 315, "material": "çelik", "pressure_level": "medium", "operating_pressure_bar": 4.0, "status": "aktif", "install_year": 2019, "district": "Yenimahalle", "source": "synthetic_demo_yenimahalle_osm_20260721", "osm_highway": "primary", "road_name": "Cengiz Aytmatov Caddesi", "synthetic_notice": "Gerçek altyapı değildir; eğitim ve demo amaçlı sentetik veridir."}, "geometry": {"type": "MultiLineString", "coordinates": [[[32.7204489, 39.9582386], [32.7202956, 39.9583127], [32.7201857, 39.9583446], [32.7201253, 39.9583621], [32.7188912, 39.9586763], [32.7176514, 39.9590942], [32.7176099, 39.9591048], [32.7174561, 39.9591502], [32.7163932, 39.9594359], [32.7156382, 39.9596389], [32.7155188, 39.9596702], [32.7147096, 39.9598824], [32.7143205, 39.9599844], [32.7142813, 39.9599947], [32.7141887, 39.960019], [32.7140206, 39.960063]]]}}, {"type": "Feature", "properties": {"pipe_code": "YMH-OSM-P-0380", "pipe_type": "main_line", "diameter_mm": 400, "material": "çelik", "pressure_level": "medium", "operating_pressure_bar": 4.0, "status": "aktif", "install_year": 1998, "district": "Yenimahalle", "source": "synthetic_demo_yenimahalle_osm_20260721", "osm_highway": "primary", "road_name": "Cengiz Aytmatov Caddesi", "synthetic_notice": "Gerçek altyapı değildir; eğitim ve demo amaçlı sentetik veridir."}, "geometry": {"type": "MultiLineString", "coordinates": [[[32.7051454, 39.9633896], [32.7051253, 39.9634169], [32.7051089, 39.9634391], [32.7050696, 39.9634651], [32.7050527, 39.9634762], [32.7049834, 39.9634964], [32.7049093, 39.9634975]]]}}, {"type": "Feature", "properties": {"pipe_code": "YMH-OSM-P-0381", "pipe_type": "main_line", "diameter_mm": 250, "material": "çelik", "pressure_level": "medium", "operating_pressure_bar": 4.0, "status": "aktif", "install_year": 2005, "district": "Yenimahalle", "source": "synthetic_demo_yenimahalle_osm_20260721", "osm_highway": "secondary", "road_name": "1820. Cadde", "synthetic_notice": "Gerçek altyapı değildir; eğitim ve demo amaçlı sentetik veridir."}, "geometry": {"type": "MultiLineString", "coordinates": [[[32.7077459, 39.9698175], [32.7076208, 39.9695088], [32.7075594, 39.9693298], [32.7073994, 39.9689458], [32.7070502, 39.9681636], [32.7063334, 39.9665581], [32.7059206, 39.9656628], [32.7054301, 39.9645446], [32.7050288, 39.9637378], [32.7049945, 39.9636688], [32.7049093, 39.9634975]]]}}, {"type": "Feature", "properties": {"pipe_code": "YMH-OSM-P-0382", "pipe_type": "main_line", "diameter_mm": 315, "material": "çelik", "pressure_level": "medium", "operating_pressure_bar": 4.0, "status": "aktif", "install_year": 2012, "district": "Yenimahalle", "source": "synthetic_demo_yenimahalle_osm_20260721", "osm_highway": "secondary", "road_name": "Haydarcan Kılıçdoğan Caddesi", "synthetic_notice": "Gerçek altyapı değildir; eğitim ve demo amaçlı sentetik veridir."}, "geometry": {"type": "MultiLineString", "coordinates": [[[32.698596, 39.9624563], [32.6986231, 39.9622367], [32.6986945, 39.9616582], [32.6987262, 39.9615436], [32.6987755, 39.9614337], [32.6988201, 39.9613526], [32.6991779, 39.9608351], [32.6998703, 39.9598335], [32.7000681, 39.9595473], [32.7001325, 39.959458], [32.7001625, 39.9594125], [32.7001855, 39.95935], [32.7001979, 39.9592831], [32.7001997, 39.9592732], [32.7001962, 39.9591928], [32.6998715, 39.9581393]]]}}, {"type": "Feature", "properties": {"pipe_code": "YMH-OSM-P-0383", "pipe_type": "main_line", "diameter_mm": 400, "material": "çelik", "pressure_level": "medium", "operating_pressure_bar": 4.0, "status": "aktif", "install_year": 2019, "district": "Yenimahalle", "source": "synthetic_demo_yenimahalle_osm_20260721", "osm_highway": "secondary", "road_name": "1587. Cadde", "synthetic_notice": "Gerçek altyapı değildir; eğitim ve demo amaçlı sentetik veridir."}, "geometry": {"type": "MultiLineString", "coordinates": [[[32.7480968, 39.9600745], [32.7481494, 39.9602356], [32.7481789, 39.9603797], [32.7481913, 39.9605085], [32.7481933, 39.9605293], [32.7481928, 39.9606352], [32.7481706, 39.9612431], [32.7481644, 39.9614122], [32.7481584, 39.9615549], [32.748139, 39.962021], [32.7481363, 39.9620859], [32.7480889, 39.9627289], [32.7480646, 39.9630579], [32.7480436, 39.9633423], [32.7480255, 39.9635882], [32.7480195, 39.9637665], [32.7480236, 39.9638319], [32.7480385, 39.9638953], [32.7480649, 39.9639376], [32.7480958, 39.963987], [32.7481463, 39.9640677]]]}}, {"type": "Feature", "properties": {"pipe_code": "YMH-OSM-P-0384", "pipe_type": "main_line", "diameter_mm": 250, "material": "çelik", "pressure_level": "medium", "operating_pressure_bar": 4.0, "status": "aktif", "install_year": 1998, "district": "Yenimahalle", "source": "synthetic_demo_yenimahalle_osm_20260721", "osm_highway": "secondary", "road_name": "1587. Cadde", "synthetic_notice": "Gerçek altyapı değildir; eğitim ve demo amaçlı sentetik veridir."}, "geometry": {"type": "MultiLineString", "coordinates": [[[32.7478144, 39.9639948], [32.747824, 39.9639017], [32.7478309, 39.9638353], [32.7478721, 39.9635773], [32.7479288, 39.9630544], [32.7479698, 39.9626761], [32.7479932, 39.9622049], [32.7480024, 39.9620199], [32.7480139, 39.9617869], [32.7480389, 39.9612825], [32.7480409, 39.9612415], [32.7480601, 39.9608559], [32.7480708, 39.9606403], [32.7480607, 39.9605271], [32.7480596, 39.9605144], [32.7480473, 39.9604386], [32.748028, 39.9603352], [32.748004, 39.9602673], [32.7479662, 39.9601995], [32.7478776, 39.960108]]]}}, {"type": "Feature", "properties": {"pipe_code": "YMH-OSM-P-0385", "pipe_type": "main_line", "diameter_mm": 315, "material": "çelik", "pressure_level": "medium", "operating_pressure_bar": 4.0, "status": "aktif", "install_year": 2005, "district": "Yenimahalle", "source": "synthetic_demo_yenimahalle_osm_20260721", "osm_highway": "secondary", "road_name": "Enerji Caddesi", "synthetic_notice": "Gerçek altyapı değildir; eğitim ve demo amaçlı sentetik veridir."}, "geometry": {"type": "MultiLineString", "coordinates": [[[32.736203, 39.9756307], [32.7366522, 39.9749212], [32.736717, 39.9748239], [32.7371522, 39.9741703], [32.7372653, 39.9739509], [32.7373533, 39.9738342], [32.7375, 39.9737665], [32.7388565, 39.9735931], [32.7392477, 39.9735442]]]}}, {"type": "Feature", "properties": {"pipe_code": "YMH-OSM-P-0386", "pipe_type": "main_line", "diameter_mm": 400, "material": "çelik", "pressure_level": "medium", "operating_pressure_bar": 4.0, "status": "aktif", "install_year": 2012, "district": "Yenimahalle", "source": "synthetic_demo_yenimahalle_osm_20260721", "osm_highway": "secondary", "road_name": "1904. Cadde", "synthetic_notice": "Gerçek altyapı değildir; eğitim ve demo amaçlı sentetik veridir."}, "geometry": {"type": "MultiLineString", "coordinates": [[[32.7280306, 39.9679678], [32.7280843, 39.968061], [32.7281947, 39.9682524], [32.728635, 39.9690161], [32.7288023, 39.9693063], [32.7288875, 39.9694541], [32.7290308, 39.9697026], [32.7291777, 39.9699957], [32.7292103, 39.9701289], [32.7292186, 39.9702748], [32.7291926, 39.9705041], [32.7291313, 39.9709826], [32.729125, 39.9710314], [32.7291185, 39.9710819]]]}}, {"type": "Feature", "properties": {"pipe_code": "YMH-OSM-P-0387", "pipe_type": "main_line", "diameter_mm": 250, "material": "çelik", "pressure_level": "medium", "operating_pressure_bar": 4.0, "status": "aktif", "install_year": 2019, "district": "Yenimahalle", "source": "synthetic_demo_yenimahalle_osm_20260721", "osm_highway": "secondary", "road_name": "1587. Cadde", "synthetic_notice": "Gerçek altyapı değildir; eğitim ve demo amaçlı sentetik veridir."}, "geometry": {"type": "MultiLineString", "coordinates": [[[32.736077, 39.9603387], [32.7359484, 39.9603842], [32.7341634, 39.9610155], [32.7340716, 39.96105], [32.7326265, 39.9615927], [32.7324049, 39.9616759], [32.7323768, 39.9616864], [32.7322185, 39.9617459]]]}}, {"type": "Feature", "properties": {"pipe_code": "YMH-OSM-P-0388", "pipe_type": "main_line", "diameter_mm": 315, "material": "çelik", "pressure_level": "medium", "operating_pressure_bar": 4.0, "status": "aktif", "install_year": 1998, "district": "Yenimahalle", "source": "synthetic_demo_yenimahalle_osm_20260721", "osm_highway": "secondary", "road_name": "1587. Cadde", "synthetic_notice": "Gerçek altyapı değildir; eğitim ve demo amaçlı sentetik veridir."}, "geometry": {"type": "MultiLineString", "coordinates": [[[32.7445267, 39.9599413], [32.7443805, 39.9599531], [32.7435474, 39.9600204], [32.7433714, 39.9600324], [32.7433234, 39.9600354], [32.7431598, 39.9600456], [32.7430462, 39.9600506], [32.7427807, 39.9600622], [32.7422882, 39.9600714], [32.7420054, 39.9600767], [32.7411901, 39.9600921], [32.7411092, 39.9600936], [32.7400473, 39.9601137], [32.7397166, 39.9601199], [32.7393368, 39.9601271], [32.7386506, 39.96014], [32.7382909, 39.9601468], [32.7374756, 39.9601622], [32.7373194, 39.9601651], [32.7370581, 39.9601779], [32.7367401, 39.9602075], [32.7365165, 39.9602384], [32.7363649, 39.9602653], [32.7363386, 39.96027], [32.7362336, 39.9602924], [32.7361454, 39.9603148], [32.736077, 39.9603387]]]}}, {"type": "Feature", "properties": {"pipe_code": "YMH-OSM-P-0389", "pipe_type": "main_line", "diameter_mm": 400, "material": "çelik", "pressure_level": "medium", "operating_pressure_bar": 4.0, "status": "aktif", "install_year": 2005, "district": "Yenimahalle", "source": "synthetic_demo_yenimahalle_osm_20260721", "osm_highway": "secondary", "road_name": "1193. Cadde", "synthetic_notice": "Gerçek altyapı değildir; eğitim ve demo amaçlı sentetik veridir."}, "geometry": {"type": "MultiLineString", "coordinates": [[[32.7350292, 39.9758172], [32.7349479, 39.975705], [32.734951, 39.9755786], [32.7349841, 39.9742136], [32.7349927, 39.9726031]]]}}, {"type": "Feature", "properties": {"pipe_code": "YMH-OSM-P-0390", "pipe_type": "main_line", "diameter_mm": 250, "material": "çelik", "pressure_level": "medium", "operating_pressure_bar": 4.0, "status": "aktif", "install_year": 2012, "district": "Yenimahalle", "source": "synthetic_demo_yenimahalle_osm_20260721", "osm_highway": "secondary", "road_name": "1908. Cadde", "synthetic_notice": "Gerçek altyapı değildir; eğitim ve demo amaçlı sentetik veridir."}, "geometry": {"type": "MultiLineString", "coordinates": [[[32.7350292, 39.9758172], [32.7348378, 39.9758128], [32.7347431, 39.97581], [32.7345152, 39.9758032], [32.7340068, 39.975788], [32.7336227, 39.9757766], [32.7335605, 39.9757747], [32.7327454, 39.9757183], [32.7320176, 39.9756506], [32.7318025, 39.9756306], [32.7311974, 39.9755598], [32.7310989, 39.9755451], [32.730957, 39.9755128], [32.7307826, 39.9754467], [32.7306539, 39.9753979], [32.7304001, 39.9752748], [32.7299609, 39.9750399], [32.7292544, 39.97466], [32.7292094, 39.9746358], [32.727905, 39.9739344], [32.7277782, 39.9738662]]]}}, {"type": "Feature", "properties": {"pipe_code": "YMH-OSM-P-0391", "pipe_type": "main_line", "diameter_mm": 315, "material": "çelik", "pressure_level": "medium", "operating_pressure_bar": 4.0, "status": "aktif", "install_year": 2019, "district": "Yenimahalle", "source": "synthetic_demo_yenimahalle_osm_20260721", "osm_highway": "secondary", "road_name": "1193. Cadde", "synthetic_notice": "Gerçek altyapı değildir; eğitim ve demo amaçlı sentetik veridir."}, "geometry": {"type": "MultiLineString", "coordinates": [[[32.7351394, 39.9726551], [32.735131, 39.9731701], [32.7351203, 39.97422], [32.735078, 39.9755777], [32.7350773, 39.9756022], [32.735074, 39.9757077], [32.7350292, 39.9758172]]]}}, {"type": "Feature", "properties": {"pipe_code": "YMH-OSM-P-0392", "pipe_type": "main_line", "diameter_mm": 400, "material": "çelik", "pressure_level": "medium", "operating_pressure_bar": 4.0, "status": "aktif", "install_year": 1998, "district": "Yenimahalle", "source": "synthetic_demo_yenimahalle_osm_20260721", "osm_highway": "secondary", "road_name": "1193. Cadde", "synthetic_notice": "Gerçek altyapı değildir; eğitim ve demo amaçlı sentetik veridir."}, "geometry": {"type": "MultiLineString", "coordinates": [[[32.7359206, 39.9676649], [32.7357601, 39.9677386], [32.7357184, 39.9677835], [32.7356908, 39.9678641], [32.7355799, 39.9684921], [32.7354307, 39.9693721], [32.735313, 39.9701633], [32.7352981, 39.9702631], [32.7352786, 39.970388], [32.7351629, 39.9711024], [32.7351503, 39.9712837], [32.7351394, 39.9726551]]]}}, {"type": "Feature", "properties": {"pipe_code": "YMH-OSM-P-0393", "pipe_type": "main_line", "diameter_mm": 250, "material": "çelik", "pressure_level": "medium", "operating_pressure_bar": 4.0, "status": "aktif", "install_year": 2005, "district": "Yenimahalle", "source": "synthetic_demo_yenimahalle_osm_20260721", "osm_highway": "secondary", "road_name": "Haydarcan Kılıçdoğan Caddesi", "synthetic_notice": "Gerçek altyapı değildir; eğitim ve demo amaçlı sentetik veridir."}, "geometry": {"type": "MultiLineString", "coordinates": [[[32.7021429, 39.9722233], [32.7020604, 39.9721116], [32.7019611, 39.9719923], [32.7019173, 39.9719397], [32.7018109, 39.9718265], [32.7017149, 39.971754], [32.7015776, 39.9716794], [32.7014106, 39.9716241], [32.7000153, 39.9712358], [32.6997402, 39.9711607], [32.6996173, 39.971117], [32.6994341, 39.971022], [32.6993517, 39.9709668], [32.6992683, 39.9708913], [32.6991804, 39.9708004], [32.6991178, 39.9707214], [32.6989845, 39.9705251]]]}}, {"type": "Feature", "properties": {"pipe_code": "YMH-OSM-P-0394", "pipe_type": "main_line", "diameter_mm": 315, "material": "çelik", "pressure_level": "medium", "operating_pressure_bar": 4.0, "status": "aktif", "install_year": 2012, "district": "Yenimahalle", "source": "synthetic_demo_yenimahalle_osm_20260721", "osm_highway": "secondary", "road_name": "2164. Cadde", "synthetic_notice": "Gerçek altyapı değildir; eğitim ve demo amaçlı sentetik veridir."}, "geometry": {"type": "MultiLineString", "coordinates": [[[32.7075047, 39.9926368], [32.7074507, 39.9928811], [32.7073868, 39.9931549], [32.7073037, 39.9934045], [32.7071784, 39.9936591], [32.7070227, 39.9939012], [32.7067116, 39.9943404], [32.706561, 39.9945491], [32.7064197, 39.9946759], [32.7062542, 39.9947898], [32.7060744, 39.9948853], [32.7058445, 39.9949797], [32.7055177, 39.9950822]]]}}, {"type": "Feature", "properties": {"pipe_code": "YMH-OSM-P-0395", "pipe_type": "main_line", "diameter_mm": 400, "material": "çelik", "pressure_level": "medium", "operating_pressure_bar": 4.0, "status": "aktif", "install_year": 2019, "district": "Yenimahalle", "source": "synthetic_demo_yenimahalle_osm_20260721", "osm_highway": "secondary", "road_name": "2164. Cadde", "synthetic_notice": "Gerçek altyapı değildir; eğitim ve demo amaçlı sentetik veridir."}, "geometry": {"type": "MultiLineString", "coordinates": [[[32.7080357, 39.9859599], [32.7080458, 39.9863683], [32.7080722, 39.9874448], [32.7080898, 39.9886182], [32.7080991, 39.9891627], [32.7081314, 39.9894972], [32.7081454, 39.9896079], [32.7081428, 39.9897482], [32.7081415, 39.9898231], [32.7081052, 39.9899432], [32.7080514, 39.9902053], [32.7080185, 39.9903476], [32.7078461, 39.9912994], [32.7075047, 39.9926368]]]}}, {"type": "Feature", "properties": {"pipe_code": "YMH-OSM-P-0396", "pipe_type": "main_line", "diameter_mm": 250, "material": "çelik", "pressure_level": "medium", "operating_pressure_bar": 4.0, "status": "aktif", "install_year": 1998, "district": "Yenimahalle", "source": "synthetic_demo_yenimahalle_osm_20260721", "osm_highway": "secondary", "road_name": "Şehit Yılmaz Güneş Caddesi", "synthetic_notice": "Gerçek altyapı değildir; eğitim ve demo amaçlı sentetik veridir."}, "geometry": {"type": "MultiLineString", "coordinates": [[[32.7348165, 39.9568327], [32.7347883, 39.9567667], [32.7344907, 39.9560702], [32.7344558, 39.9559944], [32.7343876, 39.9558771], [32.7342908, 39.9557493], [32.7342413, 39.9556952], [32.7336959, 39.955099], [32.7331308, 39.9544767], [32.7330946, 39.9544391], [32.7330111, 39.9543516], [32.732913, 39.9542446]]]}}, {"type": "Feature", "properties": {"pipe_code": "YMH-OSM-P-0397", "pipe_type": "main_line", "diameter_mm": 315, "material": "çelik", "pressure_level": "medium", "operating_pressure_bar": 4.0, "status": "aktif", "install_year": 2005, "district": "Yenimahalle", "source": "synthetic_demo_yenimahalle_osm_20260721", "osm_highway": "secondary", "road_name": "122 Caddesi", "synthetic_notice": "Gerçek altyapı değildir; eğitim ve demo amaçlı sentetik veridir."}, "geometry": {"type": "MultiLineString", "coordinates": [[[32.7867121, 39.9551908], [32.7867864, 39.9552017], [32.7869019, 39.9552178], [32.7873832, 39.9552735], [32.7875063, 39.9552918], [32.7901481, 39.9555387], [32.7903414, 39.9555568], [32.790529, 39.9555738]]]}}, {"type": "Feature", "properties": {"pipe_code": "YMH-OSM-P-0398", "pipe_type": "main_line", "diameter_mm": 400, "material": "çelik", "pressure_level": "medium", "operating_pressure_bar": 4.0, "status": "aktif", "install_year": 2012, "district": "Yenimahalle", "source": "synthetic_demo_yenimahalle_osm_20260721", "osm_highway": "secondary", "road_name": "Haydarcan Kılıçdoğan Caddesi", "synthetic_notice": "Gerçek altyapı değildir; eğitim ve demo amaçlı sentetik veridir."}, "geometry": {"type": "MultiLineString", "coordinates": [[[32.7021667, 39.972047], [32.7022499, 39.9721598], [32.7023322, 39.9722643], [32.7023631, 39.9723036], [32.7031746, 39.9731001], [32.7033156, 39.973204], [32.7034668, 39.9733022], [32.7036072, 39.9733806], [32.7037563, 39.9734514], [32.7039307, 39.9735217], [32.704092, 39.9735798], [32.7042463, 39.973623], [32.7044263, 39.9736631], [32.7046366, 39.9736965], [32.7048094, 39.9737186], [32.7049343, 39.9737327], [32.7050668, 39.9737409]]]}}, {"type": "Feature", "properties": {"pipe_code": "YMH-OSM-P-0399", "pipe_type": "main_line", "diameter_mm": 250, "material": "çelik", "pressure_level": "medium", "operating_pressure_bar": 4.0, "status": "aktif", "install_year": 2019, "district": "Yenimahalle", "source": "synthetic_demo_yenimahalle_osm_20260721", "osm_highway": "secondary", "road_name": "Haydarcan Kılıçdoğan Caddesi", "synthetic_notice": "Gerçek altyapı değildir; eğitim ve demo amaçlı sentetik veridir."}, "geometry": {"type": "MultiLineString", "coordinates": [[[32.7050668, 39.9737409], [32.7054157, 39.9737373], [32.7071353, 39.97364], [32.708358, 39.9735528], [32.7085569, 39.9735369], [32.7087632, 39.973507], [32.7089053, 39.9734776], [32.7090519, 39.97344], [32.7105679, 39.9729927], [32.7106364, 39.9729764], [32.7107305, 39.972961]]]}}, {"type": "Feature", "properties": {"pipe_code": "YMH-OSM-P-0400", "pipe_type": "main_line", "diameter_mm": 315, "material": "çelik", "pressure_level": "medium", "operating_pressure_bar": 4.0, "status": "aktif", "install_year": 1998, "district": "Yenimahalle", "source": "synthetic_demo_yenimahalle_osm_20260721", "osm_highway": "secondary", "road_name": "Haydarcan Kılıçdoğan Caddesi", "synthetic_notice": "Gerçek altyapı değildir; eğitim ve demo amaçlı sentetik veridir."}, "geometry": {"type": "MultiLineString", "coordinates": [[[32.7107305, 39.972961], [32.7107904, 39.9729573], [32.7108694, 39.972957], [32.710979, 39.9729605], [32.7110951, 39.9729716], [32.7112715, 39.9730033], [32.7114492, 39.9730469], [32.7116095, 39.9730995], [32.7117165, 39.9731409], [32.7118808, 39.9732114], [32.7122465, 39.9734133], [32.7123072, 39.9734468], [32.7124269, 39.9735164], [32.7139736, 39.9745157], [32.7140165, 39.9745434], [32.7141362, 39.9746207]]]}}, {"type": "Feature", "properties": {"pipe_code": "YMH-OSM-P-0401", "pipe_type": "main_line", "diameter_mm": 400, "material": "çelik", "pressure_level": "medium", "operating_pressure_bar": 4.0, "status": "aktif", "install_year": 2005, "district": "Yenimahalle", "source": "synthetic_demo_yenimahalle_osm_20260721", "osm_highway": "secondary", "road_name": "Şehit Yılmaz Güneş Caddesi", "synthetic_notice": "Gerçek altyapı değildir; eğitim ve demo amaçlı sentetik veridir."}, "geometry": {"type": "MultiLineString", "coordinates": [[[32.7331255, 39.9542796], [32.7331576, 39.9543147], [32.7332133, 39.9543771], [32.7334448, 39.9546373], [32.7337207, 39.954947], [32.7338078, 39.955045], [32.7343422, 39.955646], [32.7343915, 39.9557015], [32.7344917, 39.9558228], [32.7345949, 39.9559832], [32.7346086, 39.9560097], [32.7346268, 39.9560451], [32.7349027, 39.9567404], [32.7349336, 39.9568182]]]}}, {"type": "Feature", "properties": {"pipe_code": "YMH-OSM-P-0402", "pipe_type": "main_line", "diameter_mm": 250, "material": "çelik", "pressure_level": "medium", "operating_pressure_bar": 4.0, "status": "pasif", "install_year": 2012, "district": "Yenimahalle", "source": "synthetic_demo_yenimahalle_osm_20260721", "osm_highway": "secondary", "road_name": "Haydarcan Kılıçdoğan Caddesi", "synthetic_notice": "Gerçek altyapı değildir; eğitim ve demo amaçlı sentetik veridir."}, "geometry": {"type": "MultiLineString", "coordinates": [[[32.7050609, 39.9738342], [32.7049088, 39.9738225], [32.7046484, 39.9737839], [32.7043821, 39.9737475], [32.7042034, 39.9737112], [32.7040215, 39.9736649], [32.7038586, 39.9736076], [32.7036745, 39.9735282], [32.7035106, 39.9734419], [32.7033552, 39.9733512], [32.7031963, 39.9732467], [32.7030491, 39.9731334], [32.7027744, 39.9728779], [32.7023507, 39.9724621], [32.7023313, 39.9724429], [32.7022956, 39.9724079], [32.702254, 39.9723671], [32.702231, 39.9723373], [32.7021429, 39.9722233]]]}}, {"type": "Feature", "properties": {"pipe_code": "YMH-OSM-P-0403", "pipe_type": "main_line", "diameter_mm": 315, "material": "çelik", "pressure_level": "medium", "operating_pressure_bar": 4.0, "status": "aktif", "install_year": 2019, "district": "Yenimahalle", "source": "synthetic_demo_yenimahalle_osm_20260721", "osm_highway": "secondary", "road_name": "Haydarcan Kılıçdoğan Caddesi", "synthetic_notice": "Gerçek altyapı değildir; eğitim ve demo amaçlı sentetik veridir."}, "geometry": {"type": "MultiLineString", "coordinates": [[[32.6983958, 39.9651979], [32.698397, 39.9650617], [32.6984373, 39.9641878], [32.6984737, 39.9634465], [32.6985746, 39.9626293], [32.698596, 39.9624563]]]}}, {"type": "Feature", "properties": {"pipe_code": "YMH-OSM-P-0404", "pipe_type": "main_line", "diameter_mm": 400, "material": "çelik", "pressure_level": "medium", "operating_pressure_bar": 4.0, "status": "aktif", "install_year": 1998, "district": "Yenimahalle", "source": "synthetic_demo_yenimahalle_osm_20260721", "osm_highway": "primary", "road_name": "Cengiz Aytmatov Caddesi", "synthetic_notice": "Gerçek altyapı değildir; eğitim ve demo amaçlı sentetik veridir."}, "geometry": {"type": "MultiLineString", "coordinates": [[[32.6983958, 39.9651979], [32.6953884, 39.9652386], [32.6948402, 39.9652461], [32.6944162, 39.9652518], [32.6942224, 39.9652544], [32.6933335, 39.9652664], [32.6929416, 39.9652554], [32.6925373, 39.9652339], [32.6915119, 39.9651233], [32.6904888, 39.9650161]]]}}, {"type": "Feature", "properties": {"pipe_code": "YMH-OSM-P-0405", "pipe_type": "main_line", "diameter_mm": 250, "material": "çelik", "pressure_level": "medium", "operating_pressure_bar": 4.0, "status": "aktif", "install_year": 2005, "district": "Yenimahalle", "source": "synthetic_demo_yenimahalle_osm_20260721", "osm_highway": "primary", "road_name": "Cengiz Aytmatov Caddesi", "synthetic_notice": "Gerçek altyapı değildir; eğitim ve demo amaçlı sentetik veridir."}, "geometry": {"type": "MultiLineString", "coordinates": [[[32.6904888, 39.9650161], [32.6881084, 39.9648044], [32.6878673, 39.9647805], [32.6872651, 39.9646971], [32.6866721, 39.9645993], [32.6859588, 39.9644444]]]}}, {"type": "Feature", "properties": {"pipe_code": "YMH-OSM-P-0406", "pipe_type": "main_line", "diameter_mm": 315, "material": "çelik", "pressure_level": "medium", "operating_pressure_bar": 4.0, "status": "aktif", "install_year": 2012, "district": "Yenimahalle", "source": "synthetic_demo_yenimahalle_osm_20260721", "osm_highway": "primary", "road_name": "Cengiz Aytmatov Caddesi", "synthetic_notice": "Gerçek altyapı değildir; eğitim ve demo amaçlı sentetik veridir."}, "geometry": {"type": "MultiLineString", "coordinates": [[[32.6859588, 39.9644444], [32.6854196, 39.9643254], [32.685261, 39.9642866]]]}}, {"type": "Feature", "properties": {"pipe_code": "YMH-OSM-P-0407", "pipe_type": "main_line", "diameter_mm": 400, "material": "çelik", "pressure_level": "medium", "operating_pressure_bar": 4.0, "status": "aktif", "install_year": 2019, "district": "Yenimahalle", "source": "synthetic_demo_yenimahalle_osm_20260721", "osm_highway": "primary", "road_name": "Cengiz Aytmatov Caddesi", "synthetic_notice": "Gerçek altyapı değildir; eğitim ve demo amaçlı sentetik veridir."}, "geometry": {"type": "MultiLineString", "coordinates": [[[32.69854, 39.9651782], [32.6984679, 39.9651917], [32.6983958, 39.9651979]]]}}, {"type": "Feature", "properties": {"pipe_code": "YMH-OSM-P-0408", "pipe_type": "main_line", "diameter_mm": 250, "material": "çelik", "pressure_level": "medium", "operating_pressure_bar": 4.0, "status": "aktif", "install_year": 1998, "district": "Yenimahalle", "source": "synthetic_demo_yenimahalle_osm_20260721", "osm_highway": "primary", "road_name": "Cengiz Aytmatov Caddesi", "synthetic_notice": "Gerçek altyapı değildir; eğitim ve demo amaçlı sentetik veridir."}, "geometry": {"type": "MultiLineString", "coordinates": [[[32.7031793, 39.9640686], [32.7030501, 39.9641166], [32.7027069, 39.9642242], [32.7025039, 39.9642878], [32.7015801, 39.9645774], [32.7015072, 39.9646003], [32.7001779, 39.9648562], [32.6988276, 39.9651161], [32.69854, 39.9651782]]]}}, {"type": "Feature", "properties": {"pipe_code": "YMH-OSM-P-0409", "pipe_type": "main_line", "diameter_mm": 315, "material": "çelik", "pressure_level": "medium", "operating_pressure_bar": 4.0, "status": "aktif", "install_year": 2005, "district": "Yenimahalle", "source": "synthetic_demo_yenimahalle_osm_20260721", "osm_highway": "primary", "road_name": "Cengiz Aytmatov Caddesi", "synthetic_notice": "Gerçek altyapı değildir; eğitim ve demo amaçlı sentetik veridir."}, "geometry": {"type": "MultiLineString", "coordinates": [[[32.7048839, 39.9634912], [32.7046972, 39.9635955], [32.7045539, 39.9636426], [32.7040363, 39.9638044], [32.7032947, 39.964033], [32.7031793, 39.9640686]]]}}, {"type": "Feature", "properties": {"pipe_code": "YMH-OSM-P-0410", "pipe_type": "main_line", "diameter_mm": 400, "material": "çelik", "pressure_level": "medium", "operating_pressure_bar": 4.0, "status": "bakımda", "install_year": 2012, "district": "Yenimahalle", "source": "synthetic_demo_yenimahalle_osm_20260721", "osm_highway": "secondary", "road_name": "Haydarcan Kılıçdoğan Caddesi", "synthetic_notice": "Gerçek altyapı değildir; eğitim ve demo amaçlı sentetik veridir."}, "geometry": {"type": "MultiLineString", "coordinates": [[[32.69854, 39.9651782], [32.6985416, 39.9652786], [32.6985461, 39.9653222], [32.6986397, 39.965723], [32.6988153, 39.9665201], [32.6988137, 39.9665524], [32.6988208, 39.9667067], [32.6987647, 39.9676572], [32.6987132, 39.9684537], [32.6987154, 39.9685207], [32.6987209, 39.9685747], [32.698736, 39.9686231], [32.6987496, 39.9686867], [32.6987533, 39.9687598], [32.6987301, 39.9692894], [32.6987231, 39.9694503], [32.6987235, 39.9695955], [32.6987275, 39.9696763], [32.6987305, 39.9697378], [32.69874, 39.9698419], [32.698749, 39.9698665], [32.6987769, 39.9699427], [32.6988189, 39.9700375]]]}}, {"type": "Feature", "properties": {"pipe_code": "YMH-OSM-P-0411", "pipe_type": "main_line", "diameter_mm": 250, "material": "çelik", "pressure_level": "medium", "operating_pressure_bar": 4.0, "status": "aktif", "install_year": 2019, "district": "Yenimahalle", "source": "synthetic_demo_yenimahalle_osm_20260721", "osm_highway": "secondary", "road_name": "Haydarcan Kılıçdoğan Caddesi", "synthetic_notice": "Gerçek altyapı değildir; eğitim ve demo amaçlı sentetik veridir."}, "geometry": {"type": "MultiLineString", "coordinates": [[[32.6985805, 39.9694475], [32.698582, 39.9693715], [32.6986421, 39.9682463], [32.6986682, 39.967797], [32.6986964, 39.967311], [32.6987106, 39.9670211], [32.6987127, 39.9668654], [32.6987145, 39.9667426], [32.6987, 39.966571], [32.6986683, 39.966378], [32.6984252, 39.9653253], [32.6983958, 39.9651979]]]}}, {"type": "Feature", "properties": {"pipe_code": "YMH-OSM-P-0412", "pipe_type": "main_line", "diameter_mm": 315, "material": "çelik", "pressure_level": "medium", "operating_pressure_bar": 4.0, "status": "aktif", "install_year": 1998, "district": "Yenimahalle", "source": "synthetic_demo_yenimahalle_osm_20260721", "osm_highway": "secondary", "road_name": "Çınar Dibi Caddesi", "synthetic_notice": "Gerçek altyapı değildir; eğitim ve demo amaçlı sentetik veridir."}, "geometry": {"type": "MultiLineString", "coordinates": [[[32.790529, 39.9555738], [32.7906245, 39.9555831], [32.7913828, 39.9556631], [32.7920777, 39.9557365], [32.7928274, 39.9558156], [32.7936342, 39.9559008], [32.7938491, 39.9559235], [32.7939266, 39.9559278]]]}}, {"type": "Feature", "properties": {"pipe_code": "YMH-OSM-P-0413", "pipe_type": "main_line", "diameter_mm": 400, "material": "çelik", "pressure_level": "medium", "operating_pressure_bar": 4.0, "status": "aktif", "install_year": 2005, "district": "Yenimahalle", "source": "synthetic_demo_yenimahalle_osm_20260721", "osm_highway": "secondary", "road_name": "Alınteri Bulvarı", "synthetic_notice": "Gerçek altyapı değildir; eğitim ve demo amaçlı sentetik veridir."}, "geometry": {"type": "MultiLineString", "coordinates": [[[32.7466183, 39.9709196], [32.7468138, 39.9709571], [32.7472946, 39.9709764], [32.7475565, 39.9709869], [32.7477953, 39.9710074], [32.7480478, 39.9710857], [32.7489459, 39.9713801], [32.7497299, 39.9716357]]]}}, {"type": "Feature", "properties": {"pipe_code": "YMH-OSM-P-0414", "pipe_type": "main_line", "diameter_mm": 250, "material": "çelik", "pressure_level": "medium", "operating_pressure_bar": 4.0, "status": "aktif", "install_year": 2012, "district": "Yenimahalle", "source": "synthetic_demo_yenimahalle_osm_20260721", "osm_highway": "secondary", "road_name": "Haydarcan Kılıçdoğan Caddesi", "synthetic_notice": "Gerçek altyapı değildir; eğitim ve demo amaçlı sentetik veridir."}, "geometry": {"type": "MultiLineString", "coordinates": [[[32.6988189, 39.9700375], [32.699202, 39.970624], [32.6992387, 39.9706801], [32.6992987, 39.97075], [32.6993559, 39.9708113], [32.6994186, 39.9708615], [32.6995181, 39.9709331], [32.6996512, 39.9710065], [32.6997945, 39.9710599], [32.7001934, 39.9711715], [32.7011563, 39.971441]]]}}, {"type": "Feature", "properties": {"pipe_code": "YMH-OSM-P-0415", "pipe_type": "main_line", "diameter_mm": 315, "material": "çelik", "pressure_level": "medium", "operating_pressure_bar": 4.0, "status": "aktif", "install_year": 2019, "district": "Yenimahalle", "source": "synthetic_demo_yenimahalle_osm_20260721", "osm_highway": "secondary", "road_name": "1620. Cadde", "synthetic_notice": "Gerçek altyapı değildir; eğitim ve demo amaçlı sentetik veridir."}, "geometry": {"type": "MultiLineString", "coordinates": [[[32.7349336, 39.9568182], [32.7353957, 39.9567612], [32.7358115, 39.9567098], [32.7361794, 39.9566643], [32.7366201, 39.9566099], [32.7368079, 39.9565679], [32.7369893, 39.9565153], [32.7371874, 39.9564476], [32.7373785, 39.9563679], [32.7375752, 39.9562713], [32.7376836, 39.9562091], [32.7377944, 39.9561379]]]}}, {"type": "Feature", "properties": {"pipe_code": "YMH-OSM-P-0416", "pipe_type": "main_line", "diameter_mm": 400, "material": "çelik", "pressure_level": "medium", "operating_pressure_bar": 4.0, "status": "aktif", "install_year": 1998, "district": "Yenimahalle", "source": "synthetic_demo_yenimahalle_osm_20260721", "osm_highway": "secondary", "road_name": "1620. Cadde", "synthetic_notice": "Gerçek altyapı değildir; eğitim ve demo amaçlı sentetik veridir."}, "geometry": {"type": "MultiLineString", "coordinates": [[[32.7377944, 39.9561379], [32.7380416, 39.9559655], [32.7382089, 39.9558282], [32.7385003, 39.9555473], [32.7388308, 39.9551915], [32.7391972, 39.954797], [32.7394238, 39.954553], [32.7394876, 39.9545018], [32.7395971, 39.9544347], [32.739725, 39.9543857], [32.7398617, 39.954359], [32.7400075, 39.9543506], [32.7402265, 39.9543645], [32.7404607, 39.954388], [32.7406004, 39.9544076], [32.7407091, 39.9544384], [32.7407785, 39.9544708], [32.740818, 39.9544933], [32.7408621, 39.9545211], [32.7408994, 39.9545516], [32.7409448, 39.9545938], [32.7413536, 39.9550812], [32.7415572, 39.955324], [32.7417815, 39.9555913], [32.7420036, 39.9558562], [32.7422228, 39.9561175], [32.7423207, 39.9562343]]]}}, {"type": "Feature", "properties": {"pipe_code": "YMH-OSM-P-0417", "pipe_type": "main_line", "diameter_mm": 250, "material": "çelik", "pressure_level": "medium", "operating_pressure_bar": 4.0, "status": "aktif", "install_year": 2005, "district": "Yenimahalle", "source": "synthetic_demo_yenimahalle_osm_20260721", "osm_highway": "secondary", "road_name": "1620. Cadde", "synthetic_notice": "Gerçek altyapı değildir; eğitim ve demo amaçlı sentetik veridir."}, "geometry": {"type": "MultiLineString", "coordinates": [[[32.7423207, 39.9562343], [32.7441235, 39.9583836], [32.7442372, 39.9585515], [32.7443234, 39.9587234], [32.7443931, 39.9588869], [32.7444483, 39.9590563], [32.7445404, 39.9593708], [32.7446158, 39.9596834], [32.7446376, 39.9598283]]]}}, {"type": "Feature", "properties": {"pipe_code": "YMH-OSM-P-0418", "pipe_type": "main_line", "diameter_mm": 315, "material": "çelik", "pressure_level": "medium", "operating_pressure_bar": 4.0, "status": "aktif", "install_year": 2012, "district": "Yenimahalle", "source": "synthetic_demo_yenimahalle_osm_20260721", "osm_highway": "secondary", "road_name": "1587. Cadde", "synthetic_notice": "Gerçek altyapı değildir; eğitim ve demo amaçlı sentetik veridir."}, "geometry": {"type": "MultiLineString", "coordinates": [[[32.7446376, 39.9598283], [32.7447763, 39.9598176], [32.7458603, 39.9597336], [32.7464982, 39.9596842], [32.7467657, 39.9596767], [32.7470384, 39.9596846], [32.7472151, 39.9596964], [32.7473775, 39.9597206], [32.7475517, 39.9597611], [32.7476961, 39.9598073], [32.7477437, 39.9598233], [32.7478202, 39.9598564], [32.7478962, 39.9598893], [32.7480324, 39.9599707]]]}}, {"type": "Feature", "properties": {"pipe_code": "YMH-OSM-P-0419", "pipe_type": "main_line", "diameter_mm": 400, "material": "çelik", "pressure_level": "medium", "operating_pressure_bar": 4.0, "status": "aktif", "install_year": 2019, "district": "Yenimahalle", "source": "synthetic_demo_yenimahalle_osm_20260721", "osm_highway": "secondary", "road_name": "100. Yıl Bulvarı", "synthetic_notice": "Gerçek altyapı değildir; eğitim ve demo amaçlı sentetik veridir."}, "geometry": {"type": "MultiLineString", "coordinates": [[[32.7465925, 39.9711957], [32.7466002, 39.9714021], [32.7465647, 39.9716419], [32.7465386, 39.9720131], [32.7465454, 39.972235], [32.7465517, 39.9724428], [32.7465586, 39.9726681], [32.746573, 39.9731378], [32.7465738, 39.9731621], [32.7465193, 39.9733665]]]}}, {"type": "Feature", "properties": {"pipe_code": "YMH-OSM-P-0420", "pipe_type": "main_line", "diameter_mm": 250, "material": "çelik", "pressure_level": "medium", "operating_pressure_bar": 4.0, "status": "aktif", "install_year": 1998, "district": "Yenimahalle", "source": "synthetic_demo_yenimahalle_osm_20260721", "osm_highway": "secondary", "road_name": "Şehit Kaymakam Muhammed Fatih Safitürk Bulvarı", "synthetic_notice": "Gerçek altyapı değildir; eğitim ve demo amaçlı sentetik veridir."}, "geometry": {"type": "MultiLineString", "coordinates": [[[32.6898067, 39.9828056], [32.690618, 39.9835508], [32.6908623, 39.9837752], [32.6908869, 39.9837951], [32.6909508, 39.9838467], [32.6910259, 39.9838971], [32.6911036, 39.9839359], [32.6911752, 39.9839639], [32.691194, 39.9839689], [32.6913581, 39.9840125], [32.6914892, 39.9840381], [32.6916506, 39.984057], [32.6918481, 39.9840619]]]}}, {"type": "Feature", "properties": {"pipe_code": "YMH-OSM-P-0421", "pipe_type": "main_line", "diameter_mm": 315, "material": "çelik", "pressure_level": "medium", "operating_pressure_bar": 4.0, "status": "aktif", "install_year": 2005, "district": "Yenimahalle", "source": "synthetic_demo_yenimahalle_osm_20260721", "osm_highway": "secondary", "road_name": "Şehit Kaymakam Muhammed Fatih Safitürk Bulvarı", "synthetic_notice": "Gerçek altyapı değildir; eğitim ve demo amaçlı sentetik veridir."}, "geometry": {"type": "MultiLineString", "coordinates": [[[32.6870914, 39.9807146], [32.6885422, 39.9816857], [32.6885974, 39.9817249], [32.6886526, 39.9817675], [32.6887703, 39.9818628], [32.6888827, 39.9819568], [32.6898067, 39.9828056]]]}}, {"type": "Feature", "properties": {"pipe_code": "YMH-OSM-P-0422", "pipe_type": "main_line", "diameter_mm": 400, "material": "çelik", "pressure_level": "medium", "operating_pressure_bar": 4.0, "status": "aktif", "install_year": 2012, "district": "Yenimahalle", "source": "synthetic_demo_yenimahalle_osm_20260721", "osm_highway": "secondary", "road_name": "Şehit Kaymakam Muhammed Fatih Safitürk Bulvarı", "synthetic_notice": "Gerçek altyapı değildir; eğitim ve demo amaçlı sentetik veridir."}, "geometry": {"type": "MultiLineString", "coordinates": [[[32.684157, 39.9761879], [32.6841208, 39.9765369], [32.684117, 39.9766219], [32.6841193, 39.9766949], [32.6842451, 39.9774812], [32.6844328, 39.9784382], [32.6844519, 39.9785003], [32.6844699, 39.9785459], [32.684505, 39.9786304], [32.684551, 39.9787314], [32.6846014, 39.9788295], [32.6846639, 39.9789345], [32.6847379, 39.9790437], [32.6848001, 39.979125], [32.6848639, 39.9791964], [32.684949, 39.9792671], [32.6851091, 39.9793878], [32.6857304, 39.9798037], [32.6869877, 39.9806452], [32.6870914, 39.9807146]]]}}, {"type": "Feature", "properties": {"pipe_code": "YMH-OSM-P-0423", "pipe_type": "main_line", "diameter_mm": 250, "material": "çelik", "pressure_level": "medium", "operating_pressure_bar": 4.0, "status": "aktif", "install_year": 2019, "district": "Yenimahalle", "source": "synthetic_demo_yenimahalle_osm_20260721", "osm_highway": "secondary", "road_name": "100. Yıl Bulvarı", "synthetic_notice": "Gerçek altyapı değildir; eğitim ve demo amaçlı sentetik veridir."}, "geometry": {"type": "MultiLineString", "coordinates": [[[32.7462748, 39.9732985], [32.7463433, 39.9731448], [32.7463759, 39.972918], [32.746358, 39.9727563], [32.746269, 39.9719026], [32.7462588, 39.9718049], [32.7462466, 39.9717349], [32.74622, 39.9715369], [32.7461992, 39.9713934], [32.7461327, 39.9712252]]]}}, {"type": "Feature", "properties": {"pipe_code": "YMH-OSM-P-0424", "pipe_type": "main_line", "diameter_mm": 315, "material": "çelik", "pressure_level": "medium", "operating_pressure_bar": 4.0, "status": "aktif", "install_year": 1998, "district": "Yenimahalle", "source": "synthetic_demo_yenimahalle_osm_20260721", "osm_highway": "secondary", "road_name": "Şehit Yılmaz Güneş Caddesi", "synthetic_notice": "Gerçek altyapı değildir; eğitim ve demo amaçlı sentetik veridir."}, "geometry": {"type": "MultiLineString", "coordinates": [[[32.7349336, 39.9568182], [32.7349475, 39.9568994], [32.7349608, 39.9569765], [32.7350945, 39.9577504], [32.7351008, 39.9577711], [32.7351154, 39.9578065], [32.735135, 39.9578478], [32.7355826, 39.9588438]]]}}, {"type": "Feature", "properties": {"pipe_code": "YMH-OSM-P-0425", "pipe_type": "main_line", "diameter_mm": 400, "material": "çelik", "pressure_level": "medium", "operating_pressure_bar": 4.0, "status": "aktif", "install_year": 2005, "district": "Yenimahalle", "source": "synthetic_demo_yenimahalle_osm_20260721", "osm_highway": "secondary", "road_name": "Şehit Yılmaz Güneş Caddesi", "synthetic_notice": "Gerçek altyapı değildir; eğitim ve demo amaçlı sentetik veridir."}, "geometry": {"type": "MultiLineString", "coordinates": [[[32.7354392, 39.9588517], [32.7350181, 39.95787], [32.7349985, 39.9578193], [32.7349835, 39.9577665], [32.7348444, 39.9569891], [32.7348309, 39.9569135], [32.7348165, 39.9568327]]]}}, {"type": "Feature", "properties": {"pipe_code": "YMH-OSM-P-0426", "pipe_type": "main_line", "diameter_mm": 250, "material": "çelik", "pressure_level": "medium", "operating_pressure_bar": 4.0, "status": "aktif", "install_year": 2012, "district": "Yenimahalle", "source": "synthetic_demo_yenimahalle_osm_20260721", "osm_highway": "secondary", "road_name": "Haydarcan Kılıçdoğan Caddesi", "synthetic_notice": "Gerçek altyapı değildir; eğitim ve demo amaçlı sentetik veridir."}, "geometry": {"type": "MultiLineString", "coordinates": [[[32.7141362, 39.9746207], [32.7143376, 39.974749], [32.715551, 39.9755223], [32.7156003, 39.9755503], [32.7156496, 39.9755738], [32.7157149, 39.9755954], [32.7157625, 39.9756052], [32.7158079, 39.9756107], [32.7159029, 39.9756121]]]}}, {"type": "Feature", "properties": {"pipe_code": "YMH-OSM-P-0427", "pipe_type": "main_line", "diameter_mm": 315, "material": "çelik", "pressure_level": "medium", "operating_pressure_bar": 4.0, "status": "aktif", "install_year": 2019, "district": "Yenimahalle", "source": "synthetic_demo_yenimahalle_osm_20260721", "osm_highway": "secondary", "road_name": "Haydarcan Kılıçdoğan Caddesi", "synthetic_notice": "Gerçek altyapı değildir; eğitim ve demo amaçlı sentetik veridir."}, "geometry": {"type": "MultiLineString", "coordinates": [[[32.707139, 39.9737439], [32.7063615, 39.9737851], [32.7056751, 39.9738216], [32.7054162, 39.9738353], [32.7050609, 39.9738342]]]}}, {"type": "Feature", "properties": {"pipe_code": "YMH-OSM-P-0428", "pipe_type": "main_line", "diameter_mm": 400, "material": "çelik", "pressure_level": "medium", "operating_pressure_bar": 4.0, "status": "aktif", "install_year": 1998, "district": "Yenimahalle", "source": "synthetic_demo_yenimahalle_osm_20260721", "osm_highway": "secondary", "road_name": "Haydarcan Kılıçdoğan Caddesi", "synthetic_notice": "Gerçek altyapı değildir; eğitim ve demo amaçlı sentetik veridir."}, "geometry": {"type": "MultiLineString", "coordinates": [[[32.7107589, 39.9730573], [32.71067, 39.9730701], [32.7105683, 39.9730921], [32.7095327, 39.9734045], [32.7090516, 39.9735496], [32.7089038, 39.9735799], [32.7087264, 39.9736087], [32.7085437, 39.9736327], [32.7083617, 39.973652], [32.707139, 39.9737439]]]}}, {"type": "Feature", "properties": {"pipe_code": "YMH-OSM-P-0429", "pipe_type": "main_line", "diameter_mm": 250, "material": "çelik", "pressure_level": "medium", "operating_pressure_bar": 4.0, "status": "aktif", "install_year": 2005, "district": "Yenimahalle", "source": "synthetic_demo_yenimahalle_osm_20260721", "osm_highway": "secondary", "road_name": "122 Caddesi", "synthetic_notice": "Gerçek altyapı değildir; eğitim ve demo amaçlı sentetik veridir."}, "geometry": {"type": "MultiLineString", "coordinates": [[[32.7847881, 39.9546166], [32.7863132, 39.9551142], [32.7866005, 39.9551804], [32.7867121, 39.9551908]]]}}, {"type": "Feature", "properties": {"pipe_code": "YMH-OSM-P-0430", "pipe_type": "main_line", "diameter_mm": 315, "material": "çelik", "pressure_level": "medium", "operating_pressure_bar": 4.0, "status": "aktif", "install_year": 2012, "district": "Yenimahalle", "source": "synthetic_demo_yenimahalle_osm_20260721", "osm_highway": "secondary", "road_name": "Şehit Yılmaz Güneş Caddesi", "synthetic_notice": "Gerçek altyapı değildir; eğitim ve demo amaçlı sentetik veridir."}, "geometry": {"type": "MultiLineString", "coordinates": [[[32.736077, 39.9603387], [32.7360307, 39.9602309], [32.7359857, 39.9601258], [32.7359604, 39.9600669], [32.7355143, 39.9590267], [32.7354392, 39.9588517]]]}}, {"type": "Feature", "properties": {"pipe_code": "YMH-OSM-P-0431", "pipe_type": "main_line", "diameter_mm": 400, "material": "çelik", "pressure_level": "medium", "operating_pressure_bar": 4.0, "status": "aktif", "install_year": 2019, "district": "Yenimahalle", "source": "synthetic_demo_yenimahalle_osm_20260721", "osm_highway": "secondary", "road_name": "Şehit Yılmaz Güneş Caddesi", "synthetic_notice": "Gerçek altyapı değildir; eğitim ve demo amaçlı sentetik veridir."}, "geometry": {"type": "MultiLineString", "coordinates": [[[32.7355826, 39.9588438], [32.7356492, 39.958992], [32.7361364, 39.9600761], [32.7361683, 39.9601471], [32.7361887, 39.9601924], [32.7362336, 39.9602924]]]}}, {"type": "Feature", "properties": {"pipe_code": "YMH-OSM-P-0432", "pipe_type": "main_line", "diameter_mm": 250, "material": "çelik", "pressure_level": "medium", "operating_pressure_bar": 4.0, "status": "aktif", "install_year": 1998, "district": "Yenimahalle", "source": "synthetic_demo_yenimahalle_osm_20260721", "osm_highway": "secondary", "road_name": "Haydarcan Kılıçdoğan Caddesi", "synthetic_notice": "Gerçek altyapı değildir; eğitim ve demo amaçlı sentetik veridir."}, "geometry": {"type": "MultiLineString", "coordinates": [[[32.7123266, 39.9735922], [32.7122193, 39.973523], [32.7118504, 39.973304], [32.7116684, 39.9732186], [32.7114683, 39.9731468], [32.7113536, 39.9731113], [32.7112073, 39.9730815], [32.7110406, 39.9730598], [32.7108469, 39.973052], [32.7107589, 39.9730573]]]}}, {"type": "Feature", "properties": {"pipe_code": "YMH-OSM-P-0433", "pipe_type": "main_line", "diameter_mm": 315, "material": "çelik", "pressure_level": "medium", "operating_pressure_bar": 4.0, "status": "aktif", "install_year": 2005, "district": "Yenimahalle", "source": "synthetic_demo_yenimahalle_osm_20260721", "osm_highway": "secondary", "road_name": "Haydarcan Kılıçdoğan Caddesi", "synthetic_notice": "Gerçek altyapı değildir; eğitim ve demo amaçlı sentetik veridir."}, "geometry": {"type": "MultiLineString", "coordinates": [[[32.7159117, 39.975706], [32.7158337, 39.9757053], [32.7157484, 39.9757025], [32.7156757, 39.9756941], [32.7156031, 39.9756771], [32.7155494, 39.975656], [32.7155027, 39.9756308], [32.7154388, 39.9755925], [32.7143435, 39.974893], [32.7142422, 39.9748283], [32.7140464, 39.9747032], [32.7138784, 39.9745947], [32.7125893, 39.9737619], [32.7123266, 39.9735922]]]}}, {"type": "Feature", "properties": {"pipe_code": "YMH-OSM-P-0434", "pipe_type": "main_line", "diameter_mm": 400, "material": "çelik", "pressure_level": "medium", "operating_pressure_bar": 4.0, "status": "aktif", "install_year": 2012, "district": "Yenimahalle", "source": "synthetic_demo_yenimahalle_osm_20260721", "osm_highway": "secondary", "road_name": "Kılıçarslan Caddesi", "synthetic_notice": "Gerçek altyapı değildir; eğitim ve demo amaçlı sentetik veridir."}, "geometry": {"type": "MultiLineString", "coordinates": [[[32.7247358, 39.9807028], [32.7247454, 39.9804639], [32.7247562, 39.9803985], [32.7247776, 39.9799747], [32.7247776, 39.9798925], [32.7247437, 39.9796661], [32.7247184, 39.979593], [32.7247065, 39.9795588], [32.7246437, 39.9794667], [32.7245557, 39.9793638], [32.7244068, 39.9792322], [32.7242019, 39.979071], [32.723962, 39.9789231], [32.72368, 39.9787873], [32.7233539, 39.978656], [32.7231136, 39.9785849], [32.7228931, 39.9785363], [32.7226783, 39.9785068], [32.7225849, 39.9784939], [32.721924, 39.978416], [32.720934, 39.9782964], [32.7203627, 39.978213], [32.7198736, 39.9781236], [32.7192914, 39.9780017], [32.7190863, 39.9779405], [32.7189284, 39.9778793], [32.7187732, 39.977809], [32.7185696, 39.9776884], [32.7183025, 39.9775027], [32.7179162, 39.9772169], [32.7177962, 39.9771243], [32.7164492, 39.9761302], [32.716076, 39.9758342], [32.7160476, 39.9758117], [32.7159117, 39.975706]]]}}, {"type": "Feature", "properties": {"pipe_code": "YMH-OSM-P-0435", "pipe_type": "main_line", "diameter_mm": 250, "material": "çelik", "pressure_level": "medium", "operating_pressure_bar": 4.0, "status": "aktif", "install_year": 2019, "district": "Yenimahalle", "source": "synthetic_demo_yenimahalle_osm_20260721", "osm_highway": "secondary", "road_name": "Kılıçarslan Caddesi", "synthetic_notice": "Gerçek altyapı değildir; eğitim ve demo amaçlı sentetik veridir."}, "geometry": {"type": "MultiLineString", "coordinates": [[[32.7243372, 39.9829485], [32.7244104, 39.9827619], [32.7244659, 39.9826014], [32.7245405, 39.9822576], [32.7247189, 39.9809979], [32.7247304, 39.9808467], [32.7247358, 39.9807028]]]}}, {"type": "Feature", "properties": {"pipe_code": "YMH-OSM-P-0436", "pipe_type": "main_line", "diameter_mm": 315, "material": "çelik", "pressure_level": "medium", "operating_pressure_bar": 4.0, "status": "aktif", "install_year": 1998, "district": "Yenimahalle", "source": "synthetic_demo_yenimahalle_osm_20260721", "osm_highway": "primary", "road_name": "1940. Cadde", "synthetic_notice": "Gerçek altyapı değildir; eğitim ve demo amaçlı sentetik veridir."}, "geometry": {"type": "MultiLineString", "coordinates": [[[32.7159479, 39.9836147], [32.7162904, 39.9835919], [32.7180692, 39.9834215], [32.718351, 39.9833945], [32.721179, 39.9831236], [32.7229967, 39.9829495], [32.7231368, 39.9829403], [32.7233996, 39.9829256], [32.7236533, 39.9829188], [32.7239105, 39.9829216], [32.7241162, 39.982936], [32.7243372, 39.9829485]]]}}, {"type": "Feature", "properties": {"pipe_code": "YMH-OSM-P-0437", "pipe_type": "main_line", "diameter_mm": 400, "material": "çelik", "pressure_level": "medium", "operating_pressure_bar": 4.0, "status": "aktif", "install_year": 2005, "district": "Yenimahalle", "source": "synthetic_demo_yenimahalle_osm_20260721", "osm_highway": "primary", "road_name": "1940. Cadde", "synthetic_notice": "Gerçek altyapı değildir; eğitim ve demo amaçlı sentetik veridir."}, "geometry": {"type": "MultiLineString", "coordinates": [[[32.7080879, 39.9846189], [32.7087649, 39.9846094], [32.7106344, 39.9842926], [32.7124756, 39.9839806], [32.7137445, 39.9837772], [32.7159479, 39.9836147]]]}}, {"type": "Feature", "properties": {"pipe_code": "YMH-OSM-P-0438", "pipe_type": "main_line", "diameter_mm": 250, "material": "çelik", "pressure_level": "medium", "operating_pressure_bar": 4.0, "status": "aktif", "install_year": 2012, "district": "Yenimahalle", "source": "synthetic_demo_yenimahalle_osm_20260721", "osm_highway": "primary", "road_name": "Adsız yol", "synthetic_notice": "Gerçek altyapı değildir; eğitim ve demo amaçlı sentetik veridir."}, "geometry": {"type": "MultiLineString", "coordinates": [[[32.7242699, 39.9832933], [32.7242724, 39.9832338], [32.7242855, 39.9831285], [32.7243035, 39.9830655], [32.7243146, 39.9830151], [32.7243372, 39.9829485]]]}}, {"type": "Feature", "properties": {"pipe_code": "YMH-OSM-P-0439", "pipe_type": "main_line", "diameter_mm": 315, "material": "çelik", "pressure_level": "medium", "operating_pressure_bar": 4.0, "status": "aktif", "install_year": 2019, "district": "Yenimahalle", "source": "synthetic_demo_yenimahalle_osm_20260721", "osm_highway": "primary", "road_name": "1940. Cadde", "synthetic_notice": "Gerçek altyapı değildir; eğitim ve demo amaçlı sentetik veridir."}, "geometry": {"type": "MultiLineString", "coordinates": [[[32.7242699, 39.9832933], [32.7238859, 39.9832066], [32.7236566, 39.983173], [32.723452, 39.9831663], [32.7223279, 39.9832528], [32.7212262, 39.9833525], [32.7190534, 39.9835492], [32.7162929, 39.9838256]]]}}, {"type": "Feature", "properties": {"pipe_code": "YMH-OSM-P-0440", "pipe_type": "main_line", "diameter_mm": 400, "material": "çelik", "pressure_level": "medium", "operating_pressure_bar": 4.0, "status": "aktif", "install_year": 1998, "district": "Yenimahalle", "source": "synthetic_demo_yenimahalle_osm_20260721", "osm_highway": "primary", "road_name": "1940. Cadde", "synthetic_notice": "Gerçek altyapı değildir; eğitim ve demo amaçlı sentetik veridir."}, "geometry": {"type": "MultiLineString", "coordinates": [[[32.7162929, 39.9838256], [32.7159776, 39.9838319], [32.7141505, 39.9839826], [32.7134139, 39.9840572], [32.7123796, 39.9842427], [32.711936, 39.9843223], [32.7113099, 39.9844227], [32.7103175, 39.9845944], [32.7085613, 39.9848704], [32.7084398, 39.9848958], [32.7081226, 39.9849412]]]}}, {"type": "Feature", "properties": {"pipe_code": "YMH-OSM-P-0441", "pipe_type": "main_line", "diameter_mm": 250, "material": "çelik", "pressure_level": "medium", "operating_pressure_bar": 4.0, "status": "aktif", "install_year": 2005, "district": "Yenimahalle", "source": "synthetic_demo_yenimahalle_osm_20260721", "osm_highway": "primary", "road_name": "2164. Cadde", "synthetic_notice": "Gerçek altyapı değildir; eğitim ve demo amaçlı sentetik veridir."}, "geometry": {"type": "MultiLineString", "coordinates": [[[32.7080879, 39.9846189], [32.7080978, 39.9846796], [32.7081086, 39.9847748], [32.7081141, 39.9848385], [32.7081226, 39.9849412]]]}}, {"type": "Feature", "properties": {"pipe_code": "YMH-OSM-P-0442", "pipe_type": "main_line", "diameter_mm": 315, "material": "çelik", "pressure_level": "medium", "operating_pressure_bar": 4.0, "status": "aktif", "install_year": 2012, "district": "Yenimahalle", "source": "synthetic_demo_yenimahalle_osm_20260721", "osm_highway": "primary", "road_name": "1940. Cadde", "synthetic_notice": "Gerçek altyapı değildir; eğitim ve demo amaçlı sentetik veridir."}, "geometry": {"type": "MultiLineString", "coordinates": [[[32.7081226, 39.9849412], [32.70801, 39.9849521], [32.7079467, 39.9849572], [32.7078809, 39.9849559], [32.7078156, 39.984952], [32.7077417, 39.9849506]]]}}, {"type": "Feature", "properties": {"pipe_code": "YMH-OSM-P-0443", "pipe_type": "main_line", "diameter_mm": 400, "material": "çelik", "pressure_level": "medium", "operating_pressure_bar": 4.0, "status": "aktif", "install_year": 2019, "district": "Yenimahalle", "source": "synthetic_demo_yenimahalle_osm_20260721", "osm_highway": "primary", "road_name": "1940. Cadde", "synthetic_notice": "Gerçek altyapı değildir; eğitim ve demo amaçlı sentetik veridir."}, "geometry": {"type": "MultiLineString", "coordinates": [[[32.7077417, 39.9849506], [32.7073743, 39.9849415], [32.7070843, 39.9849386], [32.7068889, 39.9849426], [32.705377, 39.985016], [32.7027161, 39.9851476], [32.7020527, 39.9851802], [32.7018494, 39.9851962], [32.701649, 39.9852239], [32.7006763, 39.9853863], [32.6995779, 39.9855282], [32.6988528, 39.9856218], [32.6980753, 39.9857214], [32.6979, 39.9857438], [32.6971035, 39.9858458], [32.6968024, 39.98589], [32.6965543, 39.9859477], [32.6958575, 39.9861592], [32.6953564, 39.9863114], [32.695203, 39.986358], [32.6949253, 39.9864504], [32.6946908, 39.9865611], [32.6945226, 39.9866677], [32.6942611, 39.9868105], [32.6941705, 39.9868619], [32.694078, 39.9869123], [32.6939845, 39.9869637]]]}}, {"type": "Feature", "properties": {"pipe_code": "YMH-OSM-P-0444", "pipe_type": "main_line", "diameter_mm": 250, "material": "çelik", "pressure_level": "medium", "operating_pressure_bar": 4.0, "status": "aktif", "install_year": 1998, "district": "Yenimahalle", "source": "synthetic_demo_yenimahalle_osm_20260721", "osm_highway": "primary", "road_name": "2164. Cadde", "synthetic_notice": "Gerçek altyapı değildir; eğitim ve demo amaçlı sentetik veridir."}, "geometry": {"type": "MultiLineString", "coordinates": [[[32.7077417, 39.9849506], [32.7077271, 39.9848388], [32.7077253, 39.9847227], [32.7077446, 39.9846427]]]}}, {"type": "Feature", "properties": {"pipe_code": "YMH-OSM-P-0445", "pipe_type": "main_line", "diameter_mm": 315, "material": "çelik", "pressure_level": "medium", "operating_pressure_bar": 4.0, "status": "aktif", "install_year": 2005, "district": "Yenimahalle", "source": "synthetic_demo_yenimahalle_osm_20260721", "osm_highway": "primary", "road_name": "1940. Cadde", "synthetic_notice": "Gerçek altyapı değildir; eğitim ve demo amaçlı sentetik veridir."}, "geometry": {"type": "MultiLineString", "coordinates": [[[32.6964609, 39.9857415], [32.696736, 39.9856714], [32.6969315, 39.985636], [32.697132, 39.9856127], [32.6973803, 39.985586], [32.6987164, 39.9854151], [32.7005242, 39.9851724], [32.7013121, 39.9850552], [32.7016535, 39.9849976], [32.701899, 39.9849684], [32.7021694, 39.9849533], [32.7035347, 39.9848848], [32.7039892, 39.984862], [32.7069712, 39.9847124], [32.7074448, 39.984665], [32.7077446, 39.9846427]]]}}, {"type": "Feature", "properties": {"pipe_code": "YMH-OSM-P-0446", "pipe_type": "main_line", "diameter_mm": 400, "material": "çelik", "pressure_level": "medium", "operating_pressure_bar": 4.0, "status": "aktif", "install_year": 2012, "district": "Yenimahalle", "source": "synthetic_demo_yenimahalle_osm_20260721", "osm_highway": "primary", "road_name": "1940. Cadde", "synthetic_notice": "Gerçek altyapı değildir; eğitim ve demo amaçlı sentetik veridir."}, "geometry": {"type": "MultiLineString", "coordinates": [[[32.6937847, 39.9864368], [32.6940354, 39.9864198], [32.6943237, 39.9863794], [32.6948067, 39.9862352], [32.6948708, 39.9862161], [32.6953473, 39.9860739], [32.6961303, 39.9858402], [32.6964609, 39.9857415]]]}}, {"type": "Feature", "properties": {"pipe_code": "YMH-OSM-P-0447", "pipe_type": "main_line", "diameter_mm": 250, "material": "çelik", "pressure_level": "medium", "operating_pressure_bar": 4.0, "status": "aktif", "install_year": 2019, "district": "Yenimahalle", "source": "synthetic_demo_yenimahalle_osm_20260721", "osm_highway": "primary", "road_name": "1940. Cadde", "synthetic_notice": "Gerçek altyapı değildir; eğitim ve demo amaçlı sentetik veridir."}, "geometry": {"type": "MultiLineString", "coordinates": [[[32.7246305, 39.9833335], [32.7245651, 39.9833262], [32.7244897, 39.9833178], [32.7244107, 39.983309], [32.7243352, 39.9833006], [32.7242699, 39.9832933]]]}}, {"type": "Feature", "properties": {"pipe_code": "YMH-OSM-P-0448", "pipe_type": "main_line", "diameter_mm": 315, "material": "çelik", "pressure_level": "medium", "operating_pressure_bar": 4.0, "status": "aktif", "install_year": 1998, "district": "Yenimahalle", "source": "synthetic_demo_yenimahalle_osm_20260721", "osm_highway": "primary", "road_name": "1940. Cadde", "synthetic_notice": "Gerçek altyapı değildir; eğitim ve demo amaçlı sentetik veridir."}, "geometry": {"type": "MultiLineString", "coordinates": [[[32.7301276, 39.9844111], [32.7299699, 39.9843737], [32.7283452, 39.9840022], [32.7280422, 39.9839364], [32.7270846, 39.9837494], [32.7255021, 39.9834103], [32.7251226, 39.9833713], [32.7248191, 39.9833564], [32.7246305, 39.9833335]]]}}, {"type": "Feature", "properties": {"pipe_code": "YMH-OSM-P-0449", "pipe_type": "main_line", "diameter_mm": 400, "material": "çelik", "pressure_level": "medium", "operating_pressure_bar": 4.0, "status": "aktif", "install_year": 2005, "district": "Yenimahalle", "source": "synthetic_demo_yenimahalle_osm_20260721", "osm_highway": "primary", "road_name": "Melih Gökçek Bulvarı", "synthetic_notice": "Gerçek altyapı değildir; eğitim ve demo amaçlı sentetik veridir."}, "geometry": {"type": "MultiLineString", "coordinates": [[[32.7346589, 39.9856233], [32.7342421, 39.9854703], [32.7338326, 39.9853507], [32.7338152, 39.9853462], [32.7333543, 39.9852276], [32.7321399, 39.984915], [32.7320933, 39.984903], [32.7314986, 39.9847499], [32.7301276, 39.9844111]]]}}, {"type": "Feature", "properties": {"pipe_code": "YMH-OSM-P-0450", "pipe_type": "main_line", "diameter_mm": 250, "material": "çelik", "pressure_level": "medium", "operating_pressure_bar": 4.0, "status": "aktif", "install_year": 2012, "district": "Yenimahalle", "source": "synthetic_demo_yenimahalle_osm_20260721", "osm_highway": "primary", "road_name": "Adsız yol", "synthetic_notice": "Gerçek altyapı değildir; eğitim ve demo amaçlı sentetik veridir."}, "geometry": {"type": "MultiLineString", "coordinates": [[[32.7246831, 39.9830336], [32.7246843, 39.9831189], [32.7246805, 39.9831676], [32.7246586, 39.9832456], [32.7246454, 39.9832841], [32.7246305, 39.9833335]]]}}, {"type": "Feature", "properties": {"pipe_code": "YMH-OSM-P-0451", "pipe_type": "main_line", "diameter_mm": 315, "material": "çelik", "pressure_level": "medium", "operating_pressure_bar": 4.0, "status": "bakımda", "install_year": 2019, "district": "Yenimahalle", "source": "synthetic_demo_yenimahalle_osm_20260721", "osm_highway": "primary", "road_name": "1940. Cadde", "synthetic_notice": "Gerçek altyapı değildir; eğitim ve demo amaçlı sentetik veridir."}, "geometry": {"type": "MultiLineString", "coordinates": [[[32.7246831, 39.9830336], [32.7255038, 39.9832638], [32.7271523, 39.9836085]]]}}, {"type": "Feature", "properties": {"pipe_code": "YMH-OSM-P-0452", "pipe_type": "main_line", "diameter_mm": 400, "material": "çelik", "pressure_level": "medium", "operating_pressure_bar": 4.0, "status": "aktif", "install_year": 1998, "district": "Yenimahalle", "source": "synthetic_demo_yenimahalle_osm_20260721", "osm_highway": "primary", "road_name": "1940. Cadde", "synthetic_notice": "Gerçek altyapı değildir; eğitim ve demo amaçlı sentetik veridir."}, "geometry": {"type": "MultiLineString", "coordinates": [[[32.7271523, 39.9836085], [32.7282218, 39.9838322], [32.7288211, 39.9839575], [32.7293555, 39.9840693], [32.7294584, 39.9840908], [32.7300258, 39.9842061], [32.7301893, 39.9842506]]]}}, {"type": "Feature", "properties": {"pipe_code": "YMH-OSM-P-0453", "pipe_type": "main_line", "diameter_mm": 250, "material": "çelik", "pressure_level": "medium", "operating_pressure_bar": 4.0, "status": "aktif", "install_year": 2005, "district": "Yenimahalle", "source": "synthetic_demo_yenimahalle_osm_20260721", "osm_highway": "primary", "road_name": "Melih Gökçek Bulvarı", "synthetic_notice": "Gerçek altyapı değildir; eğitim ve demo amaçlı sentetik veridir."}, "geometry": {"type": "MultiLineString", "coordinates": [[[32.7301893, 39.9842506], [32.730838, 39.9844029], [32.7314632, 39.984554], [32.7325656, 39.9848129], [32.7340087, 39.9851849], [32.7344539, 39.9853411], [32.7345584, 39.9853883], [32.7347221, 39.9854623], [32.7348188, 39.9855173]]]}}, {"type": "Feature", "properties": {"pipe_code": "YMH-OSM-P-0454", "pipe_type": "main_line", "diameter_mm": 315, "material": "çelik", "pressure_level": "medium", "operating_pressure_bar": 4.0, "status": "aktif", "install_year": 2012, "district": "Yenimahalle", "source": "synthetic_demo_yenimahalle_osm_20260721", "osm_highway": "primary", "road_name": "1940. Cadde", "synthetic_notice": "Gerçek altyapı değildir; eğitim ve demo amaçlı sentetik veridir."}, "geometry": {"type": "MultiLineString", "coordinates": [[[32.7243372, 39.9829485], [32.7244485, 39.9829742], [32.7245165, 39.9829945], [32.7245844, 39.9830127], [32.7246831, 39.9830336]]]}}, {"type": "Feature", "properties": {"pipe_code": "YMH-OSM-P-0455", "pipe_type": "main_line", "diameter_mm": 400, "material": "çelik", "pressure_level": "medium", "operating_pressure_bar": 4.0, "status": "aktif", "install_year": 2019, "district": "Yenimahalle", "source": "synthetic_demo_yenimahalle_osm_20260721", "osm_highway": "primary", "road_name": "1940. Cadde", "synthetic_notice": "Gerçek altyapı değildir; eğitim ve demo amaçlı sentetik veridir."}, "geometry": {"type": "MultiLineString", "coordinates": [[[32.7077446, 39.9846427], [32.7078013, 39.9846395], [32.7078726, 39.9846354], [32.7079453, 39.9846313], [32.7080145, 39.9846273], [32.7080879, 39.9846189]]]}}, {"type": "Feature", "properties": {"pipe_code": "YMH-OSM-P-0456", "pipe_type": "main_line", "diameter_mm": 250, "material": "çelik", "pressure_level": "medium", "operating_pressure_bar": 4.0, "status": "aktif", "install_year": 1998, "district": "Yenimahalle", "source": "synthetic_demo_yenimahalle_osm_20260721", "osm_highway": "secondary", "road_name": "2164. Cadde", "synthetic_notice": "Gerçek altyapı değildir; eğitim ve demo amaçlı sentetik veridir."}, "geometry": {"type": "MultiLineString", "coordinates": [[[32.7059665, 39.9947778], [32.7061323, 39.9946915], [32.7062783, 39.994592], [32.7064253, 39.9944535], [32.7065518, 39.994303], [32.7067611, 39.9940418], [32.7068333, 39.9939428], [32.7069226, 39.9938202], [32.7070755, 39.9935668], [32.7071881, 39.993343], [32.7072721, 39.993096], [32.7073549, 39.9927512], [32.7075499, 39.9917707], [32.7076649, 39.9912435], [32.7078946, 39.9901598], [32.7079013, 39.9900495], [32.7078967, 39.989935], [32.707881, 39.9898203], [32.7078833, 39.9896916], [32.7078849, 39.9896051], [32.7079266, 39.9892588], [32.7079033, 39.9885026], [32.707908, 39.9877887], [32.7079139, 39.9868855], [32.7079072, 39.9864036], [32.7078837, 39.9853929], [32.7078509, 39.9852453], [32.7077417, 39.9849506]]]}}, {"type": "Feature", "properties": {"pipe_code": "YMH-OSM-P-0457", "pipe_type": "main_line", "diameter_mm": 315, "material": "çelik", "pressure_level": "medium", "operating_pressure_bar": 4.0, "status": "aktif", "install_year": 2005, "district": "Yenimahalle", "source": "synthetic_demo_yenimahalle_osm_20260721", "osm_highway": "secondary", "road_name": "Kılıçarslan Caddesi", "synthetic_notice": "Gerçek altyapı değildir; eğitim ve demo amaçlı sentetik veridir."}, "geometry": {"type": "MultiLineString", "coordinates": [[[32.7248913, 39.9805309], [32.7248914, 39.9806165], [32.7248753, 39.9808056], [32.7248501, 39.9810074], [32.7248026, 39.9813558], [32.7247729, 39.9815729], [32.7246767, 39.9822785], [32.7246274, 39.9826395], [32.7246367, 39.982783], [32.7246492, 39.9828538], [32.7246674, 39.9829246], [32.7246831, 39.9830336]]]}}, {"type": "Feature", "properties": {"pipe_code": "YMH-OSM-P-0458", "pipe_type": "main_line", "diameter_mm": 400, "material": "çelik", "pressure_level": "medium", "operating_pressure_bar": 4.0, "status": "aktif", "install_year": 2012, "district": "Yenimahalle", "source": "synthetic_demo_yenimahalle_osm_20260721", "osm_highway": "secondary", "road_name": "Kılıçarslan Caddesi", "synthetic_notice": "Gerçek altyapı değildir; eğitim ve demo amaçlı sentetik veridir."}, "geometry": {"type": "MultiLineString", "coordinates": [[[32.7161408, 39.9756952], [32.7162648, 39.9757986], [32.7166486, 39.9761185], [32.7179589, 39.9771125], [32.7186474, 39.9776008], [32.7188072, 39.9776996], [32.7189084, 39.9777541], [32.7190283, 39.9778038], [32.7191721, 39.9778503], [32.71944, 39.9779211], [32.7198362, 39.9780058], [32.7202056, 39.9780794], [32.7205415, 39.9781368], [32.721946, 39.9783117], [32.7226082, 39.9783925], [32.7229174, 39.9784349], [32.7231689, 39.9784861], [32.7234388, 39.9785608], [32.7237166, 39.9786645], [32.7240527, 39.9788344], [32.7242566, 39.9789676], [32.7245183, 39.9791622], [32.7246583, 39.9792813], [32.7246961, 39.9793196], [32.7247332, 39.9793571], [32.724813, 39.9794593], [32.7248643, 39.9795496], [32.7249053, 39.9796765], [32.7249246, 39.9798938], [32.7249171, 39.9799953], [32.7249057, 39.9802327], [32.7248913, 39.9805309]]]}}, {"type": "Feature", "properties": {"pipe_code": "YMH-OSM-P-0459", "pipe_type": "main_line", "diameter_mm": 250, "material": "çelik", "pressure_level": "medium", "operating_pressure_bar": 4.0, "status": "aktif", "install_year": 2019, "district": "Yenimahalle", "source": "synthetic_demo_yenimahalle_osm_20260721", "osm_highway": "secondary", "road_name": "1904. Cadde", "synthetic_notice": "Gerçek altyapı değildir; eğitim ve demo amaçlı sentetik veridir."}, "geometry": {"type": "MultiLineString", "coordinates": [[[32.7278501, 39.9737952], [32.7277782, 39.9738662], [32.7274096, 39.9741513], [32.7270844, 39.9743881], [32.7269388, 39.9744882], [32.7268114, 39.9745658], [32.7267108, 39.9746142], [32.7265872, 39.9746617], [32.7264829, 39.9746964], [32.726234, 39.9747669], [32.726062, 39.9748072], [32.725875, 39.9748436], [32.7256552, 39.9748804], [32.7255164, 39.9749002], [32.7250842, 39.9749398], [32.7235051, 39.9750739], [32.7227087, 39.9751415], [32.7215196, 39.9752425], [32.7184823, 39.9755003], [32.7178729, 39.975552], [32.71734, 39.9755973], [32.7169348, 39.9756317], [32.7164387, 39.9756738], [32.7164119, 39.9756761], [32.7161408, 39.9756952]]]}}, {"type": "Feature", "properties": {"pipe_code": "YMH-OSM-P-0460", "pipe_type": "main_line", "diameter_mm": 315, "material": "çelik", "pressure_level": "medium", "operating_pressure_bar": 4.0, "status": "aktif", "install_year": 1998, "district": "Yenimahalle", "source": "synthetic_demo_yenimahalle_osm_20260721", "osm_highway": "secondary", "road_name": "1908. Cadde", "synthetic_notice": "Gerçek altyapı değildir; eğitim ve demo amaçlı sentetik veridir."}, "geometry": {"type": "MultiLineString", "coordinates": [[[32.7278501, 39.9737952], [32.7288135, 39.9743083], [32.7300289, 39.9749574], [32.7306044, 39.9752461], [32.7307931, 39.9753363], [32.7309745, 39.9754149], [32.7311606, 39.9754663], [32.73133, 39.975485], [32.7314428, 39.9754974], [32.7318129, 39.9755344], [32.7318546, 39.9755386], [32.7326917, 39.9756284], [32.7332828, 39.9756598], [32.7336752, 39.9756772], [32.7338219, 39.9756812], [32.7347357, 39.9757005], [32.7347629, 39.9757011], [32.7349479, 39.975705], [32.735074, 39.9757077]]]}}, {"type": "Feature", "properties": {"pipe_code": "YMH-OSM-P-0461", "pipe_type": "main_line", "diameter_mm": 400, "material": "çelik", "pressure_level": "medium", "operating_pressure_bar": 4.0, "status": "aktif", "install_year": 2005, "district": "Yenimahalle", "source": "synthetic_demo_yenimahalle_osm_20260721", "osm_highway": "secondary", "road_name": "1904. Cadde", "synthetic_notice": "Gerçek altyapı değildir; eğitim ve demo amaçlı sentetik veridir."}, "geometry": {"type": "MultiLineString", "coordinates": [[[32.7291069, 39.9711724], [32.729092, 39.9712882], [32.7290173, 39.9718709], [32.7289889, 39.9720277], [32.7289622, 39.9721188], [32.728929, 39.9721812], [32.7285576, 39.9727502], [32.728134, 39.973399], [32.7279728, 39.9736435], [32.7278501, 39.9737952]]]}}, {"type": "Feature", "properties": {"pipe_code": "YMH-OSM-P-0462", "pipe_type": "main_line", "diameter_mm": 250, "material": "çelik", "pressure_level": "medium", "operating_pressure_bar": 4.0, "status": "aktif", "install_year": 2012, "district": "Yenimahalle", "source": "synthetic_demo_yenimahalle_osm_20260721", "osm_highway": "secondary", "road_name": "Haydarcan Kılıçdoğan Caddesi", "synthetic_notice": "Gerçek altyapı değildir; eğitim ve demo amaçlı sentetik veridir."}, "geometry": {"type": "MultiLineString", "coordinates": [[[32.6999995, 39.9580912], [32.7003329, 39.9591699], [32.7003463, 39.9592422], [32.7003515, 39.9593082]]]}}, {"type": "Feature", "properties": {"pipe_code": "YMH-OSM-P-0463", "pipe_type": "main_line", "diameter_mm": 315, "material": "çelik", "pressure_level": "medium", "operating_pressure_bar": 4.0, "status": "aktif", "install_year": 2019, "district": "Yenimahalle", "source": "synthetic_demo_yenimahalle_osm_20260721", "osm_highway": "secondary", "road_name": "2164. Cadde", "synthetic_notice": "Gerçek altyapı değildir; eğitim ve demo amaçlı sentetik veridir."}, "geometry": {"type": "MultiLineString", "coordinates": [[[32.7081226, 39.9849412], [32.7080215, 39.9853797], [32.7080357, 39.9859599]]]}}, {"type": "Feature", "properties": {"pipe_code": "YMH-OSM-P-0464", "pipe_type": "main_line", "diameter_mm": 400, "material": "çelik", "pressure_level": "medium", "operating_pressure_bar": 4.0, "status": "aktif", "install_year": 1998, "district": "Yenimahalle", "source": "synthetic_demo_yenimahalle_osm_20260721", "osm_highway": "secondary", "road_name": "Haydarcan Kılıçdoğan Caddesi", "synthetic_notice": "Gerçek altyapı değildir; eğitim ve demo amaçlı sentetik veridir."}, "geometry": {"type": "MultiLineString", "coordinates": [[[32.7011563, 39.971441], [32.7014955, 39.9715359], [32.7016689, 39.9716006], [32.7017482, 39.9716407], [32.7018334, 39.9716958], [32.7019274, 39.9717783], [32.7020274, 39.9718781], [32.7020727, 39.971933], [32.7021273, 39.9719992], [32.7021667, 39.972047]]]}}, {"type": "Feature", "properties": {"pipe_code": "YMH-OSM-P-0465", "pipe_type": "main_line", "diameter_mm": 250, "material": "çelik", "pressure_level": "medium", "operating_pressure_bar": 4.0, "status": "aktif", "install_year": 2005, "district": "Yenimahalle", "source": "synthetic_demo_yenimahalle_osm_20260721", "osm_highway": "secondary", "road_name": "Adsız yol", "synthetic_notice": "Gerçek altyapı değildir; eğitim ve demo amaçlı sentetik veridir."}, "geometry": {"type": "MultiLineString", "coordinates": [[[32.7815711, 39.9609073], [32.7812971, 39.9602834], [32.7812408, 39.9601304], [32.7811726, 39.9599913]]]}}, {"type": "Feature", "properties": {"pipe_code": "YMH-OSM-P-0466", "pipe_type": "main_line", "diameter_mm": 315, "material": "çelik", "pressure_level": "medium", "operating_pressure_bar": 4.0, "status": "aktif", "install_year": 2012, "district": "Yenimahalle", "source": "synthetic_demo_yenimahalle_osm_20260721", "osm_highway": "secondary", "road_name": "357. Cadde", "synthetic_notice": "Gerçek altyapı değildir; eğitim ve demo amaçlı sentetik veridir."}, "geometry": {"type": "MultiLineString", "coordinates": [[[32.7815711, 39.9609073], [32.7816337, 39.9611085], [32.7816464, 39.9611467], [32.7819943, 39.9620283], [32.7821346, 39.9624332], [32.7821639, 39.9625179], [32.782239, 39.9627345], [32.7825484, 39.9636274], [32.782559, 39.9636556], [32.7827041, 39.9640391], [32.7830656, 39.9650781], [32.7831063, 39.9651815], [32.7831409, 39.9652697], [32.7838302, 39.9673106], [32.784104, 39.9678967]]]}}, {"type": "Feature", "properties": {"pipe_code": "YMH-OSM-P-0467", "pipe_type": "main_line", "diameter_mm": 400, "material": "çelik", "pressure_level": "medium", "operating_pressure_bar": 4.0, "status": "aktif", "install_year": 2019, "district": "Yenimahalle", "source": "synthetic_demo_yenimahalle_osm_20260721", "osm_highway": "secondary", "road_name": "357. Cadde", "synthetic_notice": "Gerçek altyapı değildir; eğitim ve demo amaçlı sentetik veridir."}, "geometry": {"type": "MultiLineString", "coordinates": [[[32.784104, 39.9678967], [32.7843604, 39.9683856], [32.7845196, 39.9686954], [32.7845499, 39.9687503], [32.7845769, 39.9688]]]}}, {"type": "Feature", "properties": {"pipe_code": "YMH-OSM-P-0468", "pipe_type": "main_line", "diameter_mm": 250, "material": "çelik", "pressure_level": "medium", "operating_pressure_bar": 4.0, "status": "aktif", "install_year": 1998, "district": "Yenimahalle", "source": "synthetic_demo_yenimahalle_osm_20260721", "osm_highway": "secondary", "road_name": "Vatan Caddesi", "synthetic_notice": "Gerçek altyapı değildir; eğitim ve demo amaçlı sentetik veridir."}, "geometry": {"type": "MultiLineString", "coordinates": [[[32.7845769, 39.9688], [32.7846694, 39.9687636], [32.7847315, 39.9687395], [32.785324, 39.9685382], [32.7860766, 39.9682847], [32.7867626, 39.9680557], [32.7874375, 39.9678243], [32.7881286, 39.9676016], [32.7889337, 39.9673181], [32.789733, 39.9670345], [32.7905074, 39.9667812], [32.7912529, 39.9665147], [32.7920071, 39.9662639], [32.7928733, 39.9659612]]]}}, {"type": "Feature", "properties": {"pipe_code": "YMH-OSM-P-0469", "pipe_type": "main_line", "diameter_mm": 315, "material": "çelik", "pressure_level": "medium", "operating_pressure_bar": 4.0, "status": "pasif", "install_year": 2005, "district": "Yenimahalle", "source": "synthetic_demo_yenimahalle_osm_20260721", "osm_highway": "secondary", "road_name": "Vatan Caddesi", "synthetic_notice": "Gerçek altyapı değildir; eğitim ve demo amaçlı sentetik veridir."}, "geometry": {"type": "MultiLineString", "coordinates": [[[32.7928733, 39.9659612], [32.7933825, 39.9657945], [32.7945518, 39.9653959], [32.7948923, 39.9652629], [32.7953479, 39.965092], [32.7960133, 39.9648166], [32.7961059, 39.964777], [32.7966717, 39.9645597], [32.7972382, 39.9643384], [32.7977298, 39.9641476]]]}}, {"type": "Feature", "properties": {"pipe_code": "YMH-OSM-P-0470", "pipe_type": "main_line", "diameter_mm": 400, "material": "çelik", "pressure_level": "medium", "operating_pressure_bar": 4.0, "status": "aktif", "install_year": 2012, "district": "Yenimahalle", "source": "synthetic_demo_yenimahalle_osm_20260721", "osm_highway": "secondary", "road_name": "95. Cadde", "synthetic_notice": "Gerçek altyapı değildir; eğitim ve demo amaçlı sentetik veridir."}, "geometry": {"type": "MultiLineString", "coordinates": [[[32.7977298, 39.9641476], [32.7973636, 39.9631796], [32.7969402, 39.9620605], [32.7965883, 39.9611305], [32.7964541, 39.9607757], [32.7959902, 39.9595619]]]}}, {"type": "Feature", "properties": {"pipe_code": "YMH-OSM-P-0471", "pipe_type": "main_line", "diameter_mm": 250, "material": "çelik", "pressure_level": "medium", "operating_pressure_bar": 4.0, "status": "aktif", "install_year": 2019, "district": "Yenimahalle", "source": "synthetic_demo_yenimahalle_osm_20260721", "osm_highway": "secondary", "road_name": "95. Cadde", "synthetic_notice": "Gerçek altyapı değildir; eğitim ve demo amaçlı sentetik veridir."}, "geometry": {"type": "MultiLineString", "coordinates": [[[32.7959902, 39.9595619], [32.7953698, 39.9579517], [32.7950974, 39.9572134]]]}}, {"type": "Feature", "properties": {"pipe_code": "YMH-OSM-P-0472", "pipe_type": "main_line", "diameter_mm": 315, "material": "çelik", "pressure_level": "medium", "operating_pressure_bar": 4.0, "status": "aktif", "install_year": 1998, "district": "Yenimahalle", "source": "synthetic_demo_yenimahalle_osm_20260721", "osm_highway": "primary", "road_name": "Şehit Cem Ersever Caddesi", "synthetic_notice": "Gerçek altyapı değildir; eğitim ve demo amaçlı sentetik veridir."}, "geometry": {"type": "MultiLineString", "coordinates": [[[32.7950974, 39.9572134], [32.7942656, 39.9573602], [32.7932396, 39.9575531], [32.7927559, 39.9576441], [32.7920561, 39.9577956], [32.7914296, 39.9579419], [32.7910358, 39.9580258], [32.7906143, 39.9580897], [32.7902902, 39.9581457]]]}}, {"type": "Feature", "properties": {"pipe_code": "YMH-OSM-P-0473", "pipe_type": "main_line", "diameter_mm": 400, "material": "çelik", "pressure_level": "medium", "operating_pressure_bar": 4.0, "status": "aktif", "install_year": 2005, "district": "Yenimahalle", "source": "synthetic_demo_yenimahalle_osm_20260721", "osm_highway": "primary", "road_name": "Şehit Cem Ersever Caddesi", "synthetic_notice": "Gerçek altyapı değildir; eğitim ve demo amaçlı sentetik veridir."}, "geometry": {"type": "MultiLineString", "coordinates": [[[32.7950974, 39.9572134], [32.7950717, 39.957203], [32.7950502, 39.9571881], [32.7950342, 39.9571696], [32.7950246, 39.9571486], [32.7950221, 39.9571265], [32.7950268, 39.9571045], [32.7950385, 39.9570842], [32.7950563, 39.9570667]]]}}, {"type": "Feature", "properties": {"pipe_code": "YMH-OSM-P-0474", "pipe_type": "main_line", "diameter_mm": 250, "material": "çelik", "pressure_level": "medium", "operating_pressure_bar": 4.0, "status": "aktif", "install_year": 2012, "district": "Yenimahalle", "source": "synthetic_demo_yenimahalle_osm_20260721", "osm_highway": "primary", "road_name": "Şehit Cem Ersever Caddesi", "synthetic_notice": "Gerçek altyapı değildir; eğitim ve demo amaçlı sentetik veridir."}, "geometry": {"type": "MultiLineString", "coordinates": [[[32.7903009, 39.9578738], [32.7904101, 39.9578818], [32.7905636, 39.9578972], [32.790855, 39.9578783], [32.7912226, 39.957807], [32.7919223, 39.9576712], [32.7922932, 39.9575992], [32.7928075, 39.9574994], [32.793017, 39.957458], [32.7932605, 39.95741], [32.7936088, 39.9573412], [32.7941666, 39.9572311], [32.7944095, 39.9571831], [32.7945823, 39.957149], [32.7947842, 39.9571084], [32.7950563, 39.9570667]]]}}, {"type": "Feature", "properties": {"pipe_code": "YMH-OSM-P-0475", "pipe_type": "main_line", "diameter_mm": 315, "material": "çelik", "pressure_level": "medium", "operating_pressure_bar": 4.0, "status": "aktif", "install_year": 2019, "district": "Yenimahalle", "source": "synthetic_demo_yenimahalle_osm_20260721", "osm_highway": "primary", "road_name": "Şehit Cem Ersever Caddesi", "synthetic_notice": "Gerçek altyapı değildir; eğitim ve demo amaçlı sentetik veridir."}, "geometry": {"type": "MultiLineString", "coordinates": [[[32.7950563, 39.9570667], [32.7950775, 39.9570539], [32.795102, 39.9570452], [32.7951285, 39.957041], [32.7951542, 39.9570415], [32.7951791, 39.9570463]]]}}, {"type": "Feature", "properties": {"pipe_code": "YMH-OSM-P-0476", "pipe_type": "main_line", "diameter_mm": 400, "material": "çelik", "pressure_level": "medium", "operating_pressure_bar": 4.0, "status": "aktif", "install_year": 1998, "district": "Yenimahalle", "source": "synthetic_demo_yenimahalle_osm_20260721", "osm_highway": "primary", "road_name": "Şehit Cem Ersever Caddesi", "synthetic_notice": "Gerçek altyapı değildir; eğitim ve demo amaçlı sentetik veridir."}, "geometry": {"type": "MultiLineString", "coordinates": [[[32.7951791, 39.9570463], [32.7952957, 39.9570319], [32.7956599, 39.9569883], [32.7962499, 39.9569187], [32.7970049, 39.956788], [32.7987625, 39.9564418], [32.7996874, 39.9562549]]]}}, {"type": "Feature", "properties": {"pipe_code": "YMH-OSM-P-0477", "pipe_type": "main_line", "diameter_mm": 250, "material": "çelik", "pressure_level": "medium", "operating_pressure_bar": 4.0, "status": "aktif", "install_year": 2005, "district": "Yenimahalle", "source": "synthetic_demo_yenimahalle_osm_20260721", "osm_highway": "primary", "road_name": "Şehit Cem Ersever Caddesi", "synthetic_notice": "Gerçek altyapı değildir; eğitim ve demo amaçlı sentetik veridir."}, "geometry": {"type": "MultiLineString", "coordinates": [[[32.7951791, 39.9570463], [32.7952057, 39.9570571], [32.7952278, 39.9570727], [32.7952439, 39.9570922], [32.795253, 39.9571142], [32.7952544, 39.9571372], [32.7952481, 39.9571598], [32.7952369, 39.9571787], [32.7952176, 39.9571953]]]}}, {"type": "Feature", "properties": {"pipe_code": "YMH-OSM-P-0478", "pipe_type": "main_line", "diameter_mm": 315, "material": "çelik", "pressure_level": "medium", "operating_pressure_bar": 4.0, "status": "aktif", "install_year": 2012, "district": "Yenimahalle", "source": "synthetic_demo_yenimahalle_osm_20260721", "osm_highway": "primary", "road_name": "Şehit Cem Ersever Caddesi", "synthetic_notice": "Gerçek altyapı değildir; eğitim ve demo amaçlı sentetik veridir."}, "geometry": {"type": "MultiLineString", "coordinates": [[[32.8113483, 39.956498], [32.8111847, 39.9564965], [32.8103413, 39.9564843], [32.8101173, 39.9564811], [32.8089124, 39.9564524], [32.8066093, 39.9564063], [32.8064093, 39.9564019], [32.8002181, 39.9562816], [32.7986562, 39.9565821], [32.7985287, 39.9566077], [32.7967578, 39.9569633], [32.7952176, 39.9571953]]]}}, {"type": "Feature", "properties": {"pipe_code": "YMH-OSM-P-0479", "pipe_type": "main_line", "diameter_mm": 400, "material": "çelik", "pressure_level": "medium", "operating_pressure_bar": 4.0, "status": "aktif", "install_year": 2019, "district": "Yenimahalle", "source": "synthetic_demo_yenimahalle_osm_20260721", "osm_highway": "primary", "road_name": "Şehit Cem Ersever Caddesi", "synthetic_notice": "Gerçek altyapı değildir; eğitim ve demo amaçlı sentetik veridir."}, "geometry": {"type": "MultiLineString", "coordinates": [[[32.8177751, 39.957201], [32.8178382, 39.9571248], [32.8178789, 39.9570642], [32.8179342, 39.9569806], [32.8179457, 39.9569294], [32.8179421, 39.9568833], [32.8179277, 39.9568351], [32.8179049, 39.9567891], [32.8178741, 39.9567595], [32.8178283, 39.9567418], [32.817745, 39.9567283], [32.8176363, 39.9567239], [32.8172966, 39.9567102], [32.8171093, 39.9567036], [32.8169663, 39.9566985], [32.8165836, 39.956685], [32.8154872, 39.9566463], [32.8153261, 39.9566404], [32.8146273, 39.9566115], [32.8136954, 39.9565763], [32.8134297, 39.9565674], [32.8130853, 39.9565559], [32.8128444, 39.9565464], [32.8127757, 39.9565437], [32.8124872, 39.9565322], [32.8120378, 39.9565144], [32.8113483, 39.956498]]]}}, {"type": "Feature", "properties": {"pipe_code": "YMH-OSM-P-0480", "pipe_type": "main_line", "diameter_mm": 250, "material": "çelik", "pressure_level": "medium", "operating_pressure_bar": 4.0, "status": "aktif", "install_year": 1998, "district": "Yenimahalle", "source": "synthetic_demo_yenimahalle_osm_20260721", "osm_highway": "primary", "road_name": "Adsız yol", "synthetic_notice": "Gerçek altyapı değildir; eğitim ve demo amaçlı sentetik veridir."}, "geometry": {"type": "MultiLineString", "coordinates": [[[32.8113588, 39.9563554], [32.8113483, 39.956498]]]}}, {"type": "Feature", "properties": {"pipe_code": "YMH-OSM-P-0481", "pipe_type": "main_line", "diameter_mm": 315, "material": "çelik", "pressure_level": "medium", "operating_pressure_bar": 4.0, "status": "aktif", "install_year": 2005, "district": "Yenimahalle", "source": "synthetic_demo_yenimahalle_osm_20260721", "osm_highway": "primary", "road_name": "Şehit Cem Ersever Caddesi", "synthetic_notice": "Gerçek altyapı değildir; eğitim ve demo amaçlı sentetik veridir."}, "geometry": {"type": "MultiLineString", "coordinates": [[[32.8113588, 39.9563554], [32.8156787, 39.9565326], [32.8165969, 39.9565697], [32.8167364, 39.9565753], [32.81772, 39.956615], [32.8180446, 39.9566256], [32.8181259, 39.9566108], [32.8181857, 39.9565888], [32.8182674, 39.9565499], [32.8184527, 39.9564478], [32.8186022, 39.9563533], [32.8187028, 39.9562891]]]}}, {"type": "Feature", "properties": {"pipe_code": "YMH-OSM-P-0482", "pipe_type": "main_line", "diameter_mm": 400, "material": "çelik", "pressure_level": "medium", "operating_pressure_bar": 4.0, "status": "aktif", "install_year": 2012, "district": "Yenimahalle", "source": "synthetic_demo_yenimahalle_osm_20260721", "osm_highway": "primary", "road_name": "İvedik Caddesi", "synthetic_notice": "Gerçek altyapı değildir; eğitim ve demo amaçlı sentetik veridir."}, "geometry": {"type": "MultiLineString", "coordinates": [[[32.8187028, 39.9562891], [32.8188925, 39.9560532], [32.8191393, 39.9557694], [32.8197571, 39.9549795]]]}}, {"type": "Feature", "properties": {"pipe_code": "YMH-OSM-P-0483", "pipe_type": "main_line", "diameter_mm": 250, "material": "çelik", "pressure_level": "medium", "operating_pressure_bar": 4.0, "status": "aktif", "install_year": 2019, "district": "Yenimahalle", "source": "synthetic_demo_yenimahalle_osm_20260721", "osm_highway": "primary", "road_name": "İvedik Caddesi", "synthetic_notice": "Gerçek altyapı değildir; eğitim ve demo amaçlı sentetik veridir."}, "geometry": {"type": "MultiLineString", "coordinates": [[[32.8180484, 39.957021], [32.8187028, 39.9562891]]]}}, {"type": "Feature", "properties": {"pipe_code": "YMH-OSM-P-0484", "pipe_type": "main_line", "diameter_mm": 315, "material": "çelik", "pressure_level": "medium", "operating_pressure_bar": 4.0, "status": "aktif", "install_year": 1998, "district": "Yenimahalle", "source": "synthetic_demo_yenimahalle_osm_20260721", "osm_highway": "primary", "road_name": "İvedik Caddesi", "synthetic_notice": "Gerçek altyapı değildir; eğitim ve demo amaçlı sentetik veridir."}, "geometry": {"type": "MultiLineString", "coordinates": [[[32.8158711, 39.9596666], [32.8164671, 39.9590754], [32.8166434, 39.9588635], [32.8167736, 39.9586897], [32.8170048, 39.9583796], [32.817238, 39.9580442], [32.8172615, 39.9580103], [32.817408, 39.9577996], [32.817454, 39.9577334], [32.8180484, 39.957021]]]}}, {"type": "Feature", "properties": {"pipe_code": "YMH-OSM-P-0485", "pipe_type": "main_line", "diameter_mm": 400, "material": "çelik", "pressure_level": "medium", "operating_pressure_bar": 4.0, "status": "aktif", "install_year": 2005, "district": "Yenimahalle", "source": "synthetic_demo_yenimahalle_osm_20260721", "osm_highway": "primary", "road_name": "İvedik Caddesi", "synthetic_notice": "Gerçek altyapı değildir; eğitim ve demo amaçlı sentetik veridir."}, "geometry": {"type": "MultiLineString", "coordinates": [[[32.8110798, 39.962254], [32.8113164, 39.9621861], [32.8114943, 39.962145], [32.8118491, 39.9620592], [32.8124172, 39.9619014], [32.8128564, 39.9617231], [32.8133638, 39.9614922], [32.8136143, 39.9613744], [32.8138525, 39.9612567], [32.8140399, 39.9611548], [32.8141623, 39.9610825], [32.8143745, 39.9609614], [32.8145051, 39.9608713], [32.8145509, 39.9608483], [32.8146957, 39.9607511], [32.814802, 39.9606718], [32.8149926, 39.9605297], [32.8152327, 39.9603271], [32.8153097, 39.9602494], [32.8155699, 39.9599821], [32.8157203, 39.9598245], [32.8158711, 39.9596666]]]}}, {"type": "Feature", "properties": {"pipe_code": "YMH-OSM-P-0486", "pipe_type": "main_line", "diameter_mm": 250, "material": "çelik", "pressure_level": "medium", "operating_pressure_bar": 4.0, "status": "aktif", "install_year": 2012, "district": "Yenimahalle", "source": "synthetic_demo_yenimahalle_osm_20260721", "osm_highway": "primary", "road_name": "İvedik Caddesi", "synthetic_notice": "Gerçek altyapı değildir; eğitim ve demo amaçlı sentetik veridir."}, "geometry": {"type": "MultiLineString", "coordinates": [[[32.80844, 39.9629734], [32.8086103, 39.9628802], [32.8091212, 39.962756], [32.8093307, 39.962698], [32.8095418, 39.9626395], [32.8096233, 39.9626169], [32.8103551, 39.9624271], [32.8110798, 39.962254]]]}}, {"type": "Feature", "properties": {"pipe_code": "YMH-OSM-P-0487", "pipe_type": "main_line", "diameter_mm": 315, "material": "çelik", "pressure_level": "medium", "operating_pressure_bar": 4.0, "status": "aktif", "install_year": 2019, "district": "Yenimahalle", "source": "synthetic_demo_yenimahalle_osm_20260721", "osm_highway": "primary", "road_name": "İvedik Caddesi", "synthetic_notice": "Gerçek altyapı değildir; eğitim ve demo amaçlı sentetik veridir."}, "geometry": {"type": "MultiLineString", "coordinates": [[[32.8110795, 39.9623331], [32.8100743, 39.9625847], [32.8086411, 39.9629576], [32.80844, 39.9629734]]]}}, {"type": "Feature", "properties": {"pipe_code": "YMH-OSM-P-0488", "pipe_type": "main_line", "diameter_mm": 400, "material": "çelik", "pressure_level": "medium", "operating_pressure_bar": 4.0, "status": "aktif", "install_year": 1998, "district": "Yenimahalle", "source": "synthetic_demo_yenimahalle_osm_20260721", "osm_highway": "primary", "road_name": "İvedik Caddesi", "synthetic_notice": "Gerçek altyapı değildir; eğitim ve demo amaçlı sentetik veridir."}, "geometry": {"type": "MultiLineString", "coordinates": [[[32.8159541, 39.9597617], [32.8158421, 39.9598633], [32.8158205, 39.9598846], [32.815446, 39.9602545], [32.8152331, 39.9604396], [32.8150329, 39.9606054], [32.8147973, 39.9607794], [32.8145358, 39.960963], [32.8143189, 39.9611044], [32.8140762, 39.9612475], [32.8137778, 39.9613931], [32.8131805, 39.9616657], [32.8128537, 39.961812], [32.8125689, 39.9619332], [32.8122685, 39.9620304], [32.8119706, 39.9621063], [32.8116976, 39.9621741], [32.8110795, 39.9623331]]]}}, {"type": "Feature", "properties": {"pipe_code": "YMH-OSM-P-0489", "pipe_type": "main_line", "diameter_mm": 250, "material": "çelik", "pressure_level": "medium", "operating_pressure_bar": 4.0, "status": "aktif", "install_year": 2005, "district": "Yenimahalle", "source": "synthetic_demo_yenimahalle_osm_20260721", "osm_highway": "primary", "road_name": "İvedik Caddesi", "synthetic_notice": "Gerçek altyapı değildir; eğitim ve demo amaçlı sentetik veridir."}, "geometry": {"type": "MultiLineString", "coordinates": [[[32.8172632, 39.9582364], [32.8171344, 39.9584287], [32.8167451, 39.9589293], [32.8164558, 39.959256], [32.8159541, 39.9597617]]]}}, {"type": "Feature", "properties": {"pipe_code": "YMH-OSM-P-0490", "pipe_type": "main_line", "diameter_mm": 315, "material": "çelik", "pressure_level": "medium", "operating_pressure_bar": 4.0, "status": "aktif", "install_year": 2012, "district": "Yenimahalle", "source": "synthetic_demo_yenimahalle_osm_20260721", "osm_highway": "primary", "road_name": "İvedik Caddesi", "synthetic_notice": "Gerçek altyapı değildir; eğitim ve demo amaçlı sentetik veridir."}, "geometry": {"type": "MultiLineString", "coordinates": [[[32.8194661, 39.955589], [32.8193738, 39.9557007], [32.8190315, 39.9560846], [32.8185656, 39.9566003], [32.8182114, 39.9570205], [32.8178425, 39.9574732], [32.8174844, 39.9579235], [32.8172632, 39.9582364]]]}}, {"type": "Feature", "properties": {"pipe_code": "YMH-OSM-P-0491", "pipe_type": "main_line", "diameter_mm": 400, "material": "çelik", "pressure_level": "medium", "operating_pressure_bar": 4.0, "status": "aktif", "install_year": 2019, "district": "Yenimahalle", "source": "synthetic_demo_yenimahalle_osm_20260721", "osm_highway": "primary", "road_name": "İvedik Caddesi", "synthetic_notice": "Gerçek altyapı değildir; eğitim ve demo amaçlı sentetik veridir."}, "geometry": {"type": "MultiLineString", "coordinates": [[[32.8199275, 39.9550194], [32.8194661, 39.955589]]]}}, {"type": "Feature", "properties": {"pipe_code": "YMH-OSM-P-0492", "pipe_type": "main_line", "diameter_mm": 250, "material": "çelik", "pressure_level": "medium", "operating_pressure_bar": 4.0, "status": "bakımda", "install_year": 1998, "district": "Yenimahalle", "source": "synthetic_demo_yenimahalle_osm_20260721", "osm_highway": "primary", "road_name": "İvedik Caddesi", "synthetic_notice": "Gerçek altyapı değildir; eğitim ve demo amaçlı sentetik veridir."}, "geometry": {"type": "MultiLineString", "coordinates": [[[32.8197571, 39.9549795], [32.8200869, 39.9545667]]]}}, {"type": "Feature", "properties": {"pipe_code": "YMH-OSM-P-0493", "pipe_type": "main_line", "diameter_mm": 315, "material": "çelik", "pressure_level": "medium", "operating_pressure_bar": 4.0, "status": "aktif", "install_year": 2005, "district": "Yenimahalle", "source": "synthetic_demo_yenimahalle_osm_20260721", "osm_highway": "primary", "road_name": "Hipodrom Caddesi", "synthetic_notice": "Gerçek altyapı değildir; eğitim ve demo amaçlı sentetik veridir."}, "geometry": {"type": "MultiLineString", "coordinates": [[[32.8200869, 39.9545667], [32.8204934, 39.9540578]]]}}, {"type": "Feature", "properties": {"pipe_code": "YMH-OSM-P-0494", "pipe_type": "main_line", "diameter_mm": 400, "material": "çelik", "pressure_level": "medium", "operating_pressure_bar": 4.0, "status": "aktif", "install_year": 2012, "district": "Yenimahalle", "source": "synthetic_demo_yenimahalle_osm_20260721", "osm_highway": "primary", "road_name": "Hipodrom Caddesi", "synthetic_notice": "Gerçek altyapı değildir; eğitim ve demo amaçlı sentetik veridir."}, "geometry": {"type": "MultiLineString", "coordinates": [[[32.8204934, 39.9540578], [32.8207598, 39.9537422], [32.8211312, 39.9533385], [32.8216659, 39.9528212], [32.8222148, 39.9522935], [32.8224592, 39.9520751], [32.8227702, 39.9517972], [32.82283, 39.9517438], [32.8229636, 39.9516432], [32.825518, 39.949719], [32.8256378, 39.9496288], [32.827333, 39.9483829], [32.8281546, 39.9477991], [32.8284885, 39.947531], [32.829177, 39.9470048], [32.8295357, 39.9467307], [32.8301122, 39.946292]]]}}, {"type": "Feature", "properties": {"pipe_code": "YMH-OSM-P-0495", "pipe_type": "main_line", "diameter_mm": 250, "material": "çelik", "pressure_level": "medium", "operating_pressure_bar": 4.0, "status": "aktif", "install_year": 2019, "district": "Yenimahalle", "source": "synthetic_demo_yenimahalle_osm_20260721", "osm_highway": "primary", "road_name": "Hipodrom Caddesi", "synthetic_notice": "Gerçek altyapı değildir; eğitim ve demo amaçlı sentetik veridir."}, "geometry": {"type": "MultiLineString", "coordinates": [[[32.8301122, 39.946292], [32.8304207, 39.9460891], [32.8312577, 39.9454721]]]}}, {"type": "Feature", "properties": {"pipe_code": "YMH-OSM-P-0496", "pipe_type": "main_line", "diameter_mm": 315, "material": "çelik", "pressure_level": "medium", "operating_pressure_bar": 4.0, "status": "aktif", "install_year": 1998, "district": "Yenimahalle", "source": "synthetic_demo_yenimahalle_osm_20260721", "osm_highway": "primary", "road_name": "Hipodrom Caddesi", "synthetic_notice": "Gerçek altyapı değildir; eğitim ve demo amaçlı sentetik veridir."}, "geometry": {"type": "MultiLineString", "coordinates": [[[32.8312577, 39.9454721], [32.8320888, 39.9448592], [32.8325828, 39.9444841], [32.8326783, 39.9444131], [32.8328812, 39.9442623], [32.8333807, 39.9438908], [32.8340322, 39.9434188], [32.8346577, 39.9429522], [32.8350222, 39.9426803], [32.8351584, 39.9425787], [32.8352612, 39.9424932], [32.8353715, 39.9424438], [32.8355689, 39.942302], [32.83614, 39.9418917], [32.8375763, 39.9408218], [32.8378391, 39.9406458], [32.8384316, 39.9402487]]]}}, {"type": "Feature", "properties": {"pipe_code": "YMH-OSM-P-0497", "pipe_type": "main_line", "diameter_mm": 400, "material": "çelik", "pressure_level": "medium", "operating_pressure_bar": 4.0, "status": "aktif", "install_year": 2005, "district": "Yenimahalle", "source": "synthetic_demo_yenimahalle_osm_20260721", "osm_highway": "primary", "road_name": "Hipodrom Caddesi", "synthetic_notice": "Gerçek altyapı değildir; eğitim ve demo amaçlı sentetik veridir."}, "geometry": {"type": "MultiLineString", "coordinates": [[[32.8384316, 39.9402487], [32.8390338, 39.9398634]]]}}, {"type": "Feature", "properties": {"pipe_code": "YMH-OSM-P-0498", "pipe_type": "main_line", "diameter_mm": 250, "material": "çelik", "pressure_level": "medium", "operating_pressure_bar": 4.0, "status": "aktif", "install_year": 2012, "district": "Yenimahalle", "source": "synthetic_demo_yenimahalle_osm_20260721", "osm_highway": "primary", "road_name": "İvedik Caddesi", "synthetic_notice": "Gerçek altyapı değildir; eğitim ve demo amaçlı sentetik veridir."}, "geometry": {"type": "MultiLineString", "coordinates": [[[32.8200362, 39.954881], [32.8199275, 39.9550194]]]}}, {"type": "Feature", "properties": {"pipe_code": "YMH-OSM-P-0499", "pipe_type": "main_line", "diameter_mm": 315, "material": "çelik", "pressure_level": "medium", "operating_pressure_bar": 4.0, "status": "aktif", "install_year": 2019, "district": "Yenimahalle", "source": "synthetic_demo_yenimahalle_osm_20260721", "osm_highway": "primary", "road_name": "İvedik Caddesi", "synthetic_notice": "Gerçek altyapı değildir; eğitim ve demo amaçlı sentetik veridir."}, "geometry": {"type": "MultiLineString", "coordinates": [[[32.8202689, 39.9545849], [32.820222, 39.9546446], [32.8200362, 39.954881]]]}}, {"type": "Feature", "properties": {"pipe_code": "YMH-OSM-P-0500", "pipe_type": "main_line", "diameter_mm": 400, "material": "çelik", "pressure_level": "medium", "operating_pressure_bar": 4.0, "status": "aktif", "install_year": 1998, "district": "Yenimahalle", "source": "synthetic_demo_yenimahalle_osm_20260721", "osm_highway": "primary", "road_name": "Hipodrom Caddesi", "synthetic_notice": "Gerçek altyapı değildir; eğitim ve demo amaçlı sentetik veridir."}, "geometry": {"type": "MultiLineString", "coordinates": [[[32.8208725, 39.9538493], [32.8206887, 39.9540635], [32.8205555, 39.9542193], [32.8204516, 39.9543524], [32.8202689, 39.9545849]]]}}, {"type": "Feature", "properties": {"pipe_code": "YMH-OSM-P-0501", "pipe_type": "main_line", "diameter_mm": 250, "material": "çelik", "pressure_level": "medium", "operating_pressure_bar": 4.0, "status": "aktif", "install_year": 2005, "district": "Yenimahalle", "source": "synthetic_demo_yenimahalle_osm_20260721", "osm_highway": "primary", "road_name": "Hipodrom Caddesi", "synthetic_notice": "Gerçek altyapı değildir; eğitim ve demo amaçlı sentetik veridir."}, "geometry": {"type": "MultiLineString", "coordinates": [[[32.8223079, 39.9524249], [32.8216705, 39.9530215], [32.8208725, 39.9538493]]]}}, {"type": "Feature", "properties": {"pipe_code": "YMH-OSM-P-0502", "pipe_type": "main_line", "diameter_mm": 315, "material": "çelik", "pressure_level": "medium", "operating_pressure_bar": 4.0, "status": "aktif", "install_year": 2012, "district": "Yenimahalle", "source": "synthetic_demo_yenimahalle_osm_20260721", "osm_highway": "primary", "road_name": "Hipodrom Caddesi", "synthetic_notice": "Gerçek altyapı değildir; eğitim ve demo amaçlı sentetik veridir."}, "geometry": {"type": "MultiLineString", "coordinates": [[[32.8290658, 39.947251], [32.8281073, 39.9479665], [32.8268886, 39.9488762], [32.8260084, 39.9495333], [32.8256384, 39.9497997], [32.8255439, 39.9498669], [32.8238534, 39.9511481], [32.82381, 39.9511743], [32.8234102, 39.9514677], [32.8229534, 39.9518137], [32.8223079, 39.9524249]]]}}, {"type": "Feature", "properties": {"pipe_code": "YMH-OSM-P-0503", "pipe_type": "main_line", "diameter_mm": 400, "material": "çelik", "pressure_level": "medium", "operating_pressure_bar": 4.0, "status": "aktif", "install_year": 2019, "district": "Yenimahalle", "source": "synthetic_demo_yenimahalle_osm_20260721", "osm_highway": "primary", "road_name": "Hipodrom Caddesi", "synthetic_notice": "Gerçek altyapı değildir; eğitim ve demo amaçlı sentetik veridir."}, "geometry": {"type": "MultiLineString", "coordinates": [[[32.8307318, 39.9460387], [32.829675, 39.9467882], [32.8294819, 39.9469404], [32.8292844, 39.9470878], [32.8290658, 39.947251]]]}}, {"type": "Feature", "properties": {"pipe_code": "YMH-OSM-P-0504", "pipe_type": "main_line", "diameter_mm": 250, "material": "çelik", "pressure_level": "medium", "operating_pressure_bar": 4.0, "status": "aktif", "install_year": 1998, "district": "Yenimahalle", "source": "synthetic_demo_yenimahalle_osm_20260721", "osm_highway": "primary", "road_name": "Şehit Cem Ersever Caddesi", "synthetic_notice": "Gerçek altyapı değildir; eğitim ve demo amaçlı sentetik veridir."}, "geometry": {"type": "MultiLineString", "coordinates": [[[32.8111974, 39.9563695], [32.8113588, 39.9563554]]]}}, {"type": "Feature", "properties": {"pipe_code": "YMH-OSM-P-0505", "pipe_type": "main_line", "diameter_mm": 315, "material": "çelik", "pressure_level": "medium", "operating_pressure_bar": 4.0, "status": "aktif", "install_year": 2005, "district": "Yenimahalle", "source": "synthetic_demo_yenimahalle_osm_20260721", "osm_highway": "primary", "road_name": "98 Caddesi", "synthetic_notice": "Gerçek altyapı değildir; eğitim ve demo amaçlı sentetik veridir."}, "geometry": {"type": "MultiLineString", "coordinates": [[[32.8111847, 39.9564965], [32.8111974, 39.9563695]]]}}, {"type": "Feature", "properties": {"pipe_code": "YMH-OSM-P-0506", "pipe_type": "main_line", "diameter_mm": 400, "material": "çelik", "pressure_level": "medium", "operating_pressure_bar": 4.0, "status": "aktif", "install_year": 2012, "district": "Yenimahalle", "source": "synthetic_demo_yenimahalle_osm_20260721", "osm_highway": "primary", "road_name": "Şehit Cem Ersever Caddesi", "synthetic_notice": "Gerçek altyapı değildir; eğitim ve demo amaçlı sentetik veridir."}, "geometry": {"type": "MultiLineString", "coordinates": [[[32.7952176, 39.9571953], [32.7951969, 39.957207], [32.7951734, 39.957215], [32.7951481, 39.9572188], [32.7951223, 39.9572183], [32.7950974, 39.9572134]]]}}, {"type": "Feature", "properties": {"pipe_code": "YMH-OSM-P-0507", "pipe_type": "main_line", "diameter_mm": 250, "material": "çelik", "pressure_level": "medium", "operating_pressure_bar": 4.0, "status": "aktif", "install_year": 2019, "district": "Yenimahalle", "source": "synthetic_demo_yenimahalle_osm_20260721", "osm_highway": "secondary", "road_name": "İvedik Caddesi", "synthetic_notice": "Gerçek altyapı değildir; eğitim ve demo amaçlı sentetik veridir."}, "geometry": {"type": "MultiLineString", "coordinates": [[[32.7984529, 39.9645832], [32.7987086, 39.9645047], [32.7988517, 39.9644539], [32.7990427, 39.9643995], [32.7993844, 39.9643069], [32.79993, 39.9641705], [32.8001334, 39.9641422], [32.8002594, 39.9641327], [32.8007456, 39.9641082], [32.801111, 39.9640916], [32.8020933, 39.9640572], [32.8023092, 39.9640454], [32.8030087, 39.9640069], [32.8045024, 39.963869], [32.8053688, 39.9637193], [32.806918, 39.9633537], [32.8072303, 39.9632827], [32.8081152, 39.9630565], [32.80844, 39.9629734]]]}}, {"type": "Feature", "properties": {"pipe_code": "YMH-OSM-P-0508", "pipe_type": "main_line", "diameter_mm": 315, "material": "çelik", "pressure_level": "medium", "operating_pressure_bar": 4.0, "status": "aktif", "install_year": 1998, "district": "Yenimahalle", "source": "synthetic_demo_yenimahalle_osm_20260721", "osm_highway": "secondary", "road_name": "95. Cadde", "synthetic_notice": "Gerçek altyapı değildir; eğitim ve demo amaçlı sentetik veridir."}, "geometry": {"type": "MultiLineString", "coordinates": [[[32.7952176, 39.9571953], [32.7960791, 39.959542], [32.7965324, 39.9607606], [32.7966631, 39.9611129], [32.7970248, 39.9620394], [32.7977324, 39.963852], [32.797846, 39.9641143]]]}}, {"type": "Feature", "properties": {"pipe_code": "YMH-OSM-P-0509", "pipe_type": "main_line", "diameter_mm": 400, "material": "çelik", "pressure_level": "medium", "operating_pressure_bar": 4.0, "status": "aktif", "install_year": 2005, "district": "Yenimahalle", "source": "synthetic_demo_yenimahalle_osm_20260721", "osm_highway": "secondary", "road_name": "98 Caddesi", "synthetic_notice": "Gerçek altyapı değildir; eğitim ve demo amaçlı sentetik veridir."}, "geometry": {"type": "MultiLineString", "coordinates": [[[32.8118458, 39.953732], [32.811675, 39.9538271], [32.8115879, 39.953882], [32.8115203, 39.9539274], [32.811432, 39.9540001], [32.8113883, 39.954394], [32.8113622, 39.9548979], [32.8113593, 39.9562894], [32.8113588, 39.9563554]]]}}, {"type": "Feature", "properties": {"pipe_code": "YMH-OSM-P-0510", "pipe_type": "main_line", "diameter_mm": 250, "material": "çelik", "pressure_level": "medium", "operating_pressure_bar": 4.0, "status": "aktif", "install_year": 2012, "district": "Yenimahalle", "source": "synthetic_demo_yenimahalle_osm_20260721", "osm_highway": "secondary", "road_name": "98 Caddesi", "synthetic_notice": "Gerçek altyapı değildir; eğitim ve demo amaçlı sentetik veridir."}, "geometry": {"type": "MultiLineString", "coordinates": [[[32.8111974, 39.9563695], [32.8112025, 39.9562897], [32.8112028, 39.9561316], [32.8112078, 39.9556657], [32.8112145, 39.9550375], [32.8112185, 39.9548496], [32.8112227, 39.9546536], [32.8112554, 39.9543294], [32.8113113, 39.9539987], [32.8112939, 39.9539304], [32.8112363, 39.9538534], [32.8110713, 39.9536704]]]}}, {"type": "Feature", "properties": {"pipe_code": "YMH-OSM-P-0511", "pipe_type": "main_line", "diameter_mm": 315, "material": "çelik", "pressure_level": "medium", "operating_pressure_bar": 4.0, "status": "aktif", "install_year": 2019, "district": "Yenimahalle", "source": "synthetic_demo_yenimahalle_osm_20260721", "osm_highway": "secondary", "road_name": "Ahmet Refik Caddesi", "synthetic_notice": "Gerçek altyapı değildir; eğitim ve demo amaçlı sentetik veridir."}, "geometry": {"type": "MultiLineString", "coordinates": [[[32.8109741, 39.9591106], [32.8109097, 39.9590145], [32.810978, 39.9584285], [32.8110411, 39.9578102], [32.8111768, 39.9565781], [32.8111847, 39.9564965]]]}}, {"type": "Feature", "properties": {"pipe_code": "YMH-OSM-P-0512", "pipe_type": "main_line", "diameter_mm": 400, "material": "çelik", "pressure_level": "medium", "operating_pressure_bar": 4.0, "status": "aktif", "install_year": 1998, "district": "Yenimahalle", "source": "synthetic_demo_yenimahalle_osm_20260721", "osm_highway": "secondary", "road_name": "Ahmet Refik Caddesi", "synthetic_notice": "Gerçek altyapı değildir; eğitim ve demo amaçlı sentetik veridir."}, "geometry": {"type": "MultiLineString", "coordinates": [[[32.8113483, 39.956498], [32.8113422, 39.956579], [32.811232, 39.9574311], [32.8110297, 39.9589965], [32.8109741, 39.9591106]]]}}, {"type": "Feature", "properties": {"pipe_code": "YMH-OSM-P-0513", "pipe_type": "main_line", "diameter_mm": 250, "material": "çelik", "pressure_level": "medium", "operating_pressure_bar": 4.0, "status": "aktif", "install_year": 2005, "district": "Yenimahalle", "source": "synthetic_demo_yenimahalle_osm_20260721", "osm_highway": "secondary", "road_name": "Vatan Caddesi", "synthetic_notice": "Gerçek altyapı değildir; eğitim ve demo amaçlı sentetik veridir."}, "geometry": {"type": "MultiLineString", "coordinates": [[[32.7826948, 39.9695756], [32.7831226, 39.9694212], [32.7844615, 39.9689404], [32.7845334, 39.9688928], [32.7845465, 39.9688797], [32.7845554, 39.9688665], [32.7845769, 39.9688]]]}}, {"type": "Feature", "properties": {"pipe_code": "YMH-OSM-P-0514", "pipe_type": "main_line", "diameter_mm": 315, "material": "çelik", "pressure_level": "medium", "operating_pressure_bar": 4.0, "status": "aktif", "install_year": 2012, "district": "Yenimahalle", "source": "synthetic_demo_yenimahalle_osm_20260721", "osm_highway": "secondary", "road_name": "357. Cadde", "synthetic_notice": "Gerçek altyapı değildir; eğitim ve demo amaçlı sentetik veridir."}, "geometry": {"type": "MultiLineString", "coordinates": [[[32.7852158, 39.9699797], [32.7849345, 39.9694306], [32.78467, 39.9689674], [32.7845769, 39.9688]]]}}, {"type": "Feature", "properties": {"pipe_code": "YMH-OSM-P-0515", "pipe_type": "main_line", "diameter_mm": 400, "material": "çelik", "pressure_level": "medium", "operating_pressure_bar": 4.0, "status": "aktif", "install_year": 2019, "district": "Yenimahalle", "source": "synthetic_demo_yenimahalle_osm_20260721", "osm_highway": "secondary", "road_name": "Adsız yol", "synthetic_notice": "Gerçek altyapı değildir; eğitim ve demo amaçlı sentetik veridir."}, "geometry": {"type": "MultiLineString", "coordinates": [[[32.7813632, 39.9599933], [32.7813804, 39.9601588], [32.7814617, 39.9604875], [32.7815711, 39.9609073]]]}}, {"type": "Feature", "properties": {"pipe_code": "YMH-OSM-P-0516", "pipe_type": "main_line", "diameter_mm": 250, "material": "çelik", "pressure_level": "medium", "operating_pressure_bar": 4.0, "status": "aktif", "install_year": 1998, "district": "Yenimahalle", "source": "synthetic_demo_yenimahalle_osm_20260721", "osm_highway": "secondary", "road_name": "122 Caddesi", "synthetic_notice": "Gerçek altyapı değildir; eğitim ve demo amaçlı sentetik veridir."}, "geometry": {"type": "MultiLineString", "coordinates": [[[32.7836879, 39.9542752], [32.7847881, 39.9546166]]]}}, {"type": "Feature", "properties": {"pipe_code": "YMH-OSM-P-0517", "pipe_type": "main_line", "diameter_mm": 315, "material": "çelik", "pressure_level": "medium", "operating_pressure_bar": 4.0, "status": "aktif", "install_year": 2005, "district": "Yenimahalle", "source": "synthetic_demo_yenimahalle_osm_20260721", "osm_highway": "secondary", "road_name": "1235. Sokak", "synthetic_notice": "Gerçek altyapı değildir; eğitim ve demo amaçlı sentetik veridir."}, "geometry": {"type": "MultiLineString", "coordinates": [[[32.7361519, 39.9757727], [32.7360447, 39.9757782], [32.7351876, 39.9758111], [32.7351629, 39.9758121], [32.7350292, 39.9758172]]]}}, {"type": "Feature", "properties": {"pipe_code": "YMH-OSM-P-0518", "pipe_type": "main_line", "diameter_mm": 400, "material": "çelik", "pressure_level": "medium", "operating_pressure_bar": 4.0, "status": "aktif", "install_year": 2012, "district": "Yenimahalle", "source": "synthetic_demo_yenimahalle_osm_20260721", "osm_highway": "secondary", "road_name": "1235. Sokak", "synthetic_notice": "Gerçek altyapı değildir; eğitim ve demo amaçlı sentetik veridir."}, "geometry": {"type": "MultiLineString", "coordinates": [[[32.735074, 39.9757077], [32.7351765, 39.9757029], [32.7352879, 39.9756977], [32.7359379, 39.9756671], [32.7361685, 39.9756504]]]}}, {"type": "Feature", "properties": {"pipe_code": "YMH-OSM-P-0519", "pipe_type": "main_line", "diameter_mm": 250, "material": "çelik", "pressure_level": "medium", "operating_pressure_bar": 4.0, "status": "aktif", "install_year": 2019, "district": "Yenimahalle", "source": "synthetic_demo_yenimahalle_osm_20260721", "osm_highway": "secondary", "road_name": "İvedik Caddesi", "synthetic_notice": "Gerçek altyapı değildir; eğitim ve demo amaçlı sentetik veridir."}, "geometry": {"type": "MultiLineString", "coordinates": [[[32.7984529, 39.9645832], [32.7982417, 39.9647273], [32.7981236, 39.9648079], [32.7979056, 39.9648885], [32.7977799, 39.9649014], [32.7975363, 39.9649406]]]}}, {"type": "Feature", "properties": {"pipe_code": "YMH-OSM-P-0520", "pipe_type": "main_line", "diameter_mm": 315, "material": "çelik", "pressure_level": "medium", "operating_pressure_bar": 4.0, "status": "aktif", "install_year": 1998, "district": "Yenimahalle", "source": "synthetic_demo_yenimahalle_osm_20260721", "osm_highway": "secondary", "road_name": "İvedik Caddesi", "synthetic_notice": "Gerçek altyapı değildir; eğitim ve demo amaçlı sentetik veridir."}, "geometry": {"type": "MultiLineString", "coordinates": [[[32.7931721, 39.9668198], [32.7949168, 39.9660847], [32.7950526, 39.9660276], [32.7955523, 39.9658174], [32.7956634, 39.9657707], [32.7957187, 39.9657474], [32.7959616, 39.9656452], [32.7960414, 39.9656117], [32.7963891, 39.9654655], [32.7966927, 39.9653378], [32.7969264, 39.9652351], [32.7975111, 39.9649567], [32.7975363, 39.9649406]]]}}, {"type": "Feature", "properties": {"pipe_code": "YMH-OSM-P-0521", "pipe_type": "main_line", "diameter_mm": 400, "material": "çelik", "pressure_level": "medium", "operating_pressure_bar": 4.0, "status": "aktif", "install_year": 2005, "district": "Yenimahalle", "source": "synthetic_demo_yenimahalle_osm_20260721", "osm_highway": "secondary", "road_name": "İvedik Caddesi", "synthetic_notice": "Gerçek altyapı değildir; eğitim ve demo amaçlı sentetik veridir."}, "geometry": {"type": "MultiLineString", "coordinates": [[[32.7931721, 39.9668198], [32.7923109, 39.9671813], [32.7915748, 39.9674904], [32.7913133, 39.9676004], [32.7908531, 39.9677939], [32.7907797, 39.9678248], [32.7900999, 39.9681107], [32.7900514, 39.9681339], [32.7893046, 39.9684452], [32.788522, 39.9687743], [32.787848, 39.9690578], [32.7872089, 39.9693266], [32.7865549, 39.9696016], [32.7862328, 39.9697435], [32.7859824, 39.9698471], [32.7855921, 39.9700014]]]}}, {"type": "Feature", "properties": {"pipe_code": "YMH-OSM-P-0522", "pipe_type": "main_line", "diameter_mm": 250, "material": "çelik", "pressure_level": "medium", "operating_pressure_bar": 4.0, "status": "aktif", "install_year": 2012, "district": "Yenimahalle", "source": "synthetic_demo_yenimahalle_osm_20260721", "osm_highway": "secondary", "road_name": "Çınar Dibi Caddesi", "synthetic_notice": "Gerçek altyapı değildir; eğitim ve demo amaçlı sentetik veridir."}, "geometry": {"type": "MultiLineString", "coordinates": [[[32.7939266, 39.9559278], [32.794917, 39.9560049]]]}}, {"type": "Feature", "properties": {"pipe_code": "YMH-OSM-P-0523", "pipe_type": "main_line", "diameter_mm": 315, "material": "çelik", "pressure_level": "medium", "operating_pressure_bar": 4.0, "status": "aktif", "install_year": 2019, "district": "Yenimahalle", "source": "synthetic_demo_yenimahalle_osm_20260721", "osm_highway": "secondary", "road_name": "Çınar Dibi Caddesi", "synthetic_notice": "Gerçek altyapı değildir; eğitim ve demo amaçlı sentetik veridir."}, "geometry": {"type": "MultiLineString", "coordinates": [[[32.794917, 39.9560049], [32.7950687, 39.9567425], [32.7951285, 39.957041]]]}}, {"type": "Feature", "properties": {"pipe_code": "YMH-OSM-P-0524", "pipe_type": "main_line", "diameter_mm": 400, "material": "çelik", "pressure_level": "medium", "operating_pressure_bar": 4.0, "status": "aktif", "install_year": 1998, "district": "Yenimahalle", "source": "synthetic_demo_yenimahalle_osm_20260721", "osm_highway": "secondary", "road_name": "95. Cadde", "synthetic_notice": "Gerçek altyapı değildir; eğitim ve demo amaçlı sentetik veridir."}, "geometry": {"type": "MultiLineString", "coordinates": [[[32.7979017, 39.9647202], [32.7978644, 39.9645961], [32.7977298, 39.9641476]]]}}, {"type": "Feature", "properties": {"pipe_code": "YMH-OSM-P-0525", "pipe_type": "main_line", "diameter_mm": 250, "material": "çelik", "pressure_level": "medium", "operating_pressure_bar": 4.0, "status": "aktif", "install_year": 2005, "district": "Yenimahalle", "source": "synthetic_demo_yenimahalle_osm_20260721", "osm_highway": "secondary", "road_name": "95. Cadde", "synthetic_notice": "Gerçek altyapı değildir; eğitim ve demo amaçlı sentetik veridir."}, "geometry": {"type": "MultiLineString", "coordinates": [[[32.797846, 39.9641143], [32.7980436, 39.9645625], [32.7980886, 39.9646647]]]}}, {"type": "Feature", "properties": {"pipe_code": "YMH-OSM-P-0526", "pipe_type": "main_line", "diameter_mm": 315, "material": "çelik", "pressure_level": "medium", "operating_pressure_bar": 4.0, "status": "aktif", "install_year": 2012, "district": "Yenimahalle", "source": "synthetic_demo_yenimahalle_osm_20260721", "osm_highway": "secondary", "road_name": "Haydarcan Kılıçdoğan Caddesi", "synthetic_notice": "Gerçek altyapı değildir; eğitim ve demo amaçlı sentetik veridir."}, "geometry": {"type": "MultiLineString", "coordinates": [[[32.6986392, 39.969974], [32.6986203, 39.9698926], [32.6986152, 39.9698704], [32.6985939, 39.9697519], [32.6985825, 39.9696241], [32.6985795, 39.9694946], [32.6985805, 39.9694475]]]}}, {"type": "Feature", "properties": {"pipe_code": "YMH-OSM-P-0527", "pipe_type": "main_line", "diameter_mm": 400, "material": "çelik", "pressure_level": "medium", "operating_pressure_bar": 4.0, "status": "aktif", "install_year": 2019, "district": "Yenimahalle", "source": "synthetic_demo_yenimahalle_osm_20260721", "osm_highway": "secondary", "road_name": "Şht. İlker Aydın Caddesi", "synthetic_notice": "Gerçek altyapı değildir; eğitim ve demo amaçlı sentetik veridir."}, "geometry": {"type": "MultiLineString", "coordinates": [[[32.6939896, 39.9689267], [32.6948852, 39.969132], [32.6957921, 39.9693474], [32.6968589, 39.9696069], [32.6980835, 39.9698915], [32.6981659, 39.9699097], [32.6983232, 39.9699429], [32.6984231, 39.9699621], [32.6984659, 39.9699663], [32.6985271, 39.9699723], [32.6986392, 39.969974]]]}}, {"type": "Feature", "properties": {"pipe_code": "YMH-OSM-P-0528", "pipe_type": "main_line", "diameter_mm": 250, "material": "çelik", "pressure_level": "medium", "operating_pressure_bar": 4.0, "status": "aktif", "install_year": 1998, "district": "Yenimahalle", "source": "synthetic_demo_yenimahalle_osm_20260721", "osm_highway": "secondary", "road_name": "Şehit Kaymakam Muhammed Fatih Safitürk Bulvarı", "synthetic_notice": "Gerçek altyapı değildir; eğitim ve demo amaçlı sentetik veridir."}, "geometry": {"type": "MultiLineString", "coordinates": [[[32.6944162, 39.9652518], [32.6943838, 39.9656444], [32.6943662, 39.9658586], [32.6943351, 39.9662377], [32.6942464, 39.9672911], [32.694149, 39.968447], [32.6941266, 39.9685862], [32.6940884, 39.968698], [32.6939896, 39.9689267]]]}}, {"type": "Feature", "properties": {"pipe_code": "YMH-OSM-P-0529", "pipe_type": "main_line", "diameter_mm": 315, "material": "çelik", "pressure_level": "medium", "operating_pressure_bar": 4.0, "status": "aktif", "install_year": 2005, "district": "Yenimahalle", "source": "synthetic_demo_yenimahalle_osm_20260721", "osm_highway": "secondary", "road_name": "Haydarcan Kılıçdoğan Caddesi", "synthetic_notice": "Gerçek altyapı değildir; eğitim ve demo amaçlı sentetik veridir."}, "geometry": {"type": "MultiLineString", "coordinates": [[[32.6989845, 39.9705251], [32.6988859, 39.9703799], [32.6988598, 39.9703416], [32.698753, 39.9701842], [32.6986814, 39.9700699]]]}}, {"type": "Feature", "properties": {"pipe_code": "YMH-OSM-P-0530", "pipe_type": "main_line", "diameter_mm": 400, "material": "çelik", "pressure_level": "medium", "operating_pressure_bar": 4.0, "status": "aktif", "install_year": 2012, "district": "Yenimahalle", "source": "synthetic_demo_yenimahalle_osm_20260721", "osm_highway": "secondary", "road_name": "Şht. İlker Aydın Caddesi", "synthetic_notice": "Gerçek altyapı değildir; eğitim ve demo amaçlı sentetik veridir."}, "geometry": {"type": "MultiLineString", "coordinates": [[[32.6986814, 39.9700699], [32.6986031, 39.970071], [32.6985071, 39.9700626], [32.6984583, 39.970056], [32.6983373, 39.9700398], [32.6981368, 39.9700015], [32.6980221, 39.9699746], [32.6968266, 39.9696918], [32.6957591, 39.9694298], [32.6946332, 39.9691587], [32.6944481, 39.9691257], [32.6942686, 39.9691045], [32.6939415, 39.9690853]]]}}, {"type": "Feature", "properties": {"pipe_code": "YMH-OSM-P-0531", "pipe_type": "main_line", "diameter_mm": 250, "material": "çelik", "pressure_level": "medium", "operating_pressure_bar": 4.0, "status": "aktif", "install_year": 2019, "district": "Yenimahalle", "source": "synthetic_demo_yenimahalle_osm_20260721", "osm_highway": "secondary", "road_name": "İvedik Caddesi", "synthetic_notice": "Gerçek altyapı değildir; eğitim ve demo amaçlı sentetik veridir."}, "geometry": {"type": "MultiLineString", "coordinates": [[[32.7975363, 39.9649406], [32.7977633, 39.9647929], [32.7979017, 39.9647202], [32.7980886, 39.9646647]]]}}, {"type": "Feature", "properties": {"pipe_code": "YMH-OSM-P-0532", "pipe_type": "main_line", "diameter_mm": 315, "material": "çelik", "pressure_level": "medium", "operating_pressure_bar": 4.0, "status": "aktif", "install_year": 1998, "district": "Yenimahalle", "source": "synthetic_demo_yenimahalle_osm_20260721", "osm_highway": "secondary", "road_name": "İvedik Caddesi", "synthetic_notice": "Gerçek altyapı değildir; eğitim ve demo amaçlı sentetik veridir."}, "geometry": {"type": "MultiLineString", "coordinates": [[[32.7855921, 39.9700014], [32.7850541, 39.9702956]]]}}, {"type": "Feature", "properties": {"pipe_code": "YMH-OSM-P-0533", "pipe_type": "main_line", "diameter_mm": 400, "material": "çelik", "pressure_level": "medium", "operating_pressure_bar": 4.0, "status": "bakımda", "install_year": 2005, "district": "Yenimahalle", "source": "synthetic_demo_yenimahalle_osm_20260721", "osm_highway": "secondary", "road_name": "İvedik Caddesi", "synthetic_notice": "Gerçek altyapı değildir; eğitim ve demo amaçlı sentetik veridir."}, "geometry": {"type": "MultiLineString", "coordinates": [[[32.7850541, 39.9702956], [32.7848489, 39.9704318], [32.7846776, 39.9705562], [32.78451, 39.9706884], [32.7843818, 39.9708043], [32.7842641, 39.9709415], [32.7841262, 39.9711081], [32.7838168, 39.9715304], [32.7835612, 39.9719035], [32.7832956, 39.9723173], [32.7831266, 39.9725917], [32.7830546, 39.9727115], [32.782798, 39.9731385], [32.7825702, 39.973502], [32.7825283, 39.9735663], [32.7822816, 39.9739501], [32.7822368, 39.9740252], [32.7820571, 39.974326], [32.7820226, 39.9743838], [32.7819153, 39.9745633], [32.7818092, 39.9747302], [32.7816498, 39.9749806], [32.7815602, 39.9751215], [32.7814969, 39.9752211], [32.7813953, 39.975389], [32.7813004, 39.9755265], [32.7810574, 39.9759144]]]}}, {"type": "Feature", "properties": {"pipe_code": "YMH-OSM-P-0534", "pipe_type": "main_line", "diameter_mm": 250, "material": "çelik", "pressure_level": "medium", "operating_pressure_bar": 4.0, "status": "aktif", "install_year": 2012, "district": "Yenimahalle", "source": "synthetic_demo_yenimahalle_osm_20260721", "osm_highway": "secondary", "road_name": "İvedik Caddesi", "synthetic_notice": "Gerçek altyapı değildir; eğitim ve demo amaçlı sentetik veridir."}, "geometry": {"type": "MultiLineString", "coordinates": [[[32.7810574, 39.9759144], [32.7807828, 39.9763919], [32.7805541, 39.9767836], [32.7803302, 39.9771401], [32.7802981, 39.9771911], [32.7800517, 39.9775832], [32.7797588, 39.9780493], [32.7795482, 39.9783683], [32.7792091, 39.9788937], [32.7789933, 39.9792087], [32.7786427, 39.9797949], [32.7785243, 39.980006]]]}}, {"type": "Feature", "properties": {"pipe_code": "YMH-OSM-P-0535", "pipe_type": "main_line", "diameter_mm": 315, "material": "çelik", "pressure_level": "medium", "operating_pressure_bar": 4.0, "status": "aktif", "install_year": 2019, "district": "Yenimahalle", "source": "synthetic_demo_yenimahalle_osm_20260721", "osm_highway": "secondary", "road_name": "Vatan Caddesi", "synthetic_notice": "Gerçek altyapı değildir; eğitim ve demo amaçlı sentetik veridir."}, "geometry": {"type": "MultiLineString", "coordinates": [[[32.7780959, 39.9707307], [32.7780259, 39.9707852], [32.777969, 39.9708343], [32.7779316, 39.9708738], [32.7779229, 39.9708837], [32.7778675, 39.9709461], [32.7777323, 39.9711275], [32.7773075, 39.9717196], [32.7772444, 39.9718072], [32.7766071, 39.9726503], [32.7763641, 39.9730021], [32.7759877, 39.9735969], [32.7757618, 39.9739397], [32.7756112, 39.9741174], [32.7755391, 39.9742129], [32.7755173, 39.974242], [32.7754675, 39.9743084], [32.7754251, 39.9743795], [32.7754012, 39.9744213], [32.7753883, 39.9744422], [32.7753556, 39.9744892], [32.7753065, 39.9745503], [32.77526, 39.9746037], [32.7752268, 39.9746474], [32.7751655, 39.9747304], [32.7751143, 39.9748119], [32.7750796, 39.9748777], [32.7750571, 39.9749247], [32.7750387, 39.9749732], [32.7750183, 39.97505], [32.775004, 39.9751299], [32.7749958, 39.9752067], [32.7750019, 39.9752662], [32.7750285, 39.9753445], [32.775096, 39.9754651], [32.775421, 39.9758975], [32.7754476, 39.9759407], [32.7761283, 39.9769219], [32.7769153, 39.9779527], [32.7770045, 39.9780588], [32.7772944, 39.9784408], [32.7773883, 39.9785646], [32.7774815, 39.9786873], [32.7782972, 39.9797636], [32.7783276, 39.9798023], [32.7784219, 39.9799218], [32.7784566, 39.9799547], [32.7784763, 39.9799697], [32.7785243, 39.980006]]]}}, {"type": "Feature", "properties": {"pipe_code": "YMH-OSM-P-0536", "pipe_type": "main_line", "diameter_mm": 400, "material": "çelik", "pressure_level": "medium", "operating_pressure_bar": 4.0, "status": "pasif", "install_year": 1998, "district": "Yenimahalle", "source": "synthetic_demo_yenimahalle_osm_20260721", "osm_highway": "secondary", "road_name": "Adsız yol", "synthetic_notice": "Gerçek altyapı değildir; eğitim ve demo amaçlı sentetik veridir."}, "geometry": {"type": "MultiLineString", "coordinates": [[[32.7393876, 39.973577], [32.7393988, 39.9736026], [32.7393983, 39.9736295], [32.7393861, 39.9736547], [32.7393637, 39.9736754], [32.7393335, 39.9736892], [32.7392991, 39.9736946], [32.7392643, 39.9736908], [32.7392334, 39.9736786], [32.7392095, 39.9736592], [32.7391953, 39.9736349], [32.7391922, 39.9736084], [32.7392008, 39.9735826], [32.73922, 39.9735603], [32.7392477, 39.9735442]]]}}, {"type": "Feature", "properties": {"pipe_code": "YMH-OSM-P-0537", "pipe_type": "main_line", "diameter_mm": 250, "material": "çelik", "pressure_level": "medium", "operating_pressure_bar": 4.0, "status": "aktif", "install_year": 2005, "district": "Yenimahalle", "source": "synthetic_demo_yenimahalle_osm_20260721", "osm_highway": "secondary", "road_name": "Ahi Evran Caddesi", "synthetic_notice": "Gerçek altyapı değildir; eğitim ve demo amaçlı sentetik veridir."}, "geometry": {"type": "MultiLineString", "coordinates": [[[32.7393876, 39.973577], [32.7394708, 39.9736743], [32.7396605, 39.9738538], [32.7398492, 39.9740323], [32.7401931, 39.9743577], [32.7402261, 39.9743889], [32.740347, 39.9745033], [32.7404358, 39.974605], [32.7406848, 39.9748905], [32.7408164, 39.9750413], [32.7409687, 39.9752158], [32.741047, 39.9753056], [32.7411649, 39.9753831], [32.7426055, 39.9758711], [32.7444857, 39.9765079], [32.7446813, 39.976576], [32.746184, 39.9770883], [32.7476102, 39.9775745], [32.7486594, 39.9779413]]]}}, {"type": "Feature", "properties": {"pipe_code": "YMH-OSM-P-0538", "pipe_type": "main_line", "diameter_mm": 315, "material": "çelik", "pressure_level": "medium", "operating_pressure_bar": 4.0, "status": "aktif", "install_year": 2012, "district": "Yenimahalle", "source": "synthetic_demo_yenimahalle_osm_20260721", "osm_highway": "secondary", "road_name": "Ahi Evran Caddesi", "synthetic_notice": "Gerçek altyapı değildir; eğitim ve demo amaçlı sentetik veridir."}, "geometry": {"type": "MultiLineString", "coordinates": [[[32.7417007, 39.9695182], [32.7416455, 39.9696104], [32.7416291, 39.9696378], [32.741554, 39.9697675], [32.7412095, 39.9703623], [32.7411696, 39.9704312], [32.7411342, 39.9704934], [32.7407692, 39.9711518], [32.7406885, 39.9712722], [32.7403285, 39.9719181], [32.7402908, 39.9719851], [32.740264, 39.9720317], [32.7398672, 39.9727217], [32.7398006, 39.9728387], [32.739424, 39.973445], [32.7393876, 39.973577]]]}}, {"type": "Feature", "properties": {"pipe_code": "YMH-OSM-P-0539", "pipe_type": "main_line", "diameter_mm": 400, "material": "çelik", "pressure_level": "medium", "operating_pressure_bar": 4.0, "status": "aktif", "install_year": 2019, "district": "Yenimahalle", "source": "synthetic_demo_yenimahalle_osm_20260721", "osm_highway": "secondary", "road_name": "Şehit Kaymakam Muhammed Fatih Safitürk Bulvarı", "synthetic_notice": "Gerçek altyapı değildir; eğitim ve demo amaçlı sentetik veridir."}, "geometry": {"type": "MultiLineString", "coordinates": [[[32.6938014, 39.9688531], [32.6938577, 39.968852], [32.6939114, 39.9688649], [32.6939573, 39.9688908], [32.6939896, 39.9689267], [32.6940048, 39.9689688], [32.6940013, 39.9690124], [32.6939794, 39.9690527], [32.6939415, 39.9690853]]]}}, {"type": "Feature", "properties": {"pipe_code": "YMH-OSM-P-0540", "pipe_type": "main_line", "diameter_mm": 250, "material": "çelik", "pressure_level": "medium", "operating_pressure_bar": 4.0, "status": "aktif", "install_year": 1998, "district": "Yenimahalle", "source": "synthetic_demo_yenimahalle_osm_20260721", "osm_highway": "secondary", "road_name": "Şehit Kaymakam Muhammed Fatih Safitürk Bulvarı", "synthetic_notice": "Gerçek altyapı değildir; eğitim ve demo amaçlı sentetik veridir."}, "geometry": {"type": "MultiLineString", "coordinates": [[[32.6938899, 39.9691069], [32.6938357, 39.9691143], [32.6937794, 39.9691076], [32.6937296, 39.9690874], [32.693691, 39.969056], [32.6936677, 39.9690167], [32.6936647, 39.9689937], [32.6936622, 39.9689738], [32.6936751, 39.9689318], [32.6936984, 39.9689033], [32.6937049, 39.9688953], [32.6937486, 39.968868], [32.6938014, 39.9688531]]]}}, {"type": "Feature", "properties": {"pipe_code": "YMH-OSM-P-0541", "pipe_type": "main_line", "diameter_mm": 315, "material": "çelik", "pressure_level": "medium", "operating_pressure_bar": 4.0, "status": "aktif", "install_year": 2005, "district": "Yenimahalle", "source": "synthetic_demo_yenimahalle_osm_20260721", "osm_highway": "secondary", "road_name": "Şehit Kaymakam Muhammed Fatih Safitürk Bulvarı", "synthetic_notice": "Gerçek altyapı değildir; eğitim ve demo amaçlı sentetik veridir."}, "geometry": {"type": "MultiLineString", "coordinates": [[[32.6938899, 39.9691069], [32.6935344, 39.9695741], [32.6933388, 39.9697805], [32.6930981, 39.9699919], [32.6922687, 39.9706069], [32.6912232, 39.9713296], [32.6911246, 39.971389], [32.6910198, 39.9714378], [32.6909146, 39.9714768]]]}}, {"type": "Feature", "properties": {"pipe_code": "YMH-OSM-P-0542", "pipe_type": "main_line", "diameter_mm": 400, "material": "çelik", "pressure_level": "medium", "operating_pressure_bar": 4.0, "status": "aktif", "install_year": 2012, "district": "Yenimahalle", "source": "synthetic_demo_yenimahalle_osm_20260721", "osm_highway": "secondary", "road_name": "Şehit Kaymakam Muhammed Fatih Safitürk Bulvarı", "synthetic_notice": "Gerçek altyapı değildir; eğitim ve demo amaçlı sentetik veridir."}, "geometry": {"type": "MultiLineString", "coordinates": [[[32.6909146, 39.9714768], [32.6907284, 39.9715322], [32.690124, 39.971712], [32.6898909, 39.9717738], [32.6897155, 39.9718135], [32.6895574, 39.971842], [32.68891, 39.9719478]]]}}, {"type": "Feature", "properties": {"pipe_code": "YMH-OSM-P-0543", "pipe_type": "main_line", "diameter_mm": 250, "material": "çelik", "pressure_level": "medium", "operating_pressure_bar": 4.0, "status": "aktif", "install_year": 2019, "district": "Yenimahalle", "source": "synthetic_demo_yenimahalle_osm_20260721", "osm_highway": "secondary", "road_name": "Şehit Kaymakam Muhammed Fatih Safitürk Bulvarı", "synthetic_notice": "Gerçek altyapı değildir; eğitim ve demo amaçlı sentetik veridir."}, "geometry": {"type": "MultiLineString", "coordinates": [[[32.68891, 39.9719478], [32.6876338, 39.9721565], [32.6875015, 39.9721852], [32.6874207, 39.9722108], [32.6873418, 39.9722424], [32.6872311, 39.9722982], [32.6858792, 39.9732666], [32.6854832, 39.973553], [32.6853647, 39.9736414], [32.6852779, 39.9737124], [32.685159, 39.9738267], [32.6850681, 39.9739261], [32.6849992, 39.9740137], [32.6849213, 39.9741218], [32.6848541, 39.9742371], [32.684268, 39.9754977], [32.6842243, 39.9756437], [32.6842053, 39.9757435], [32.6842001, 39.9758214], [32.6842068, 39.9759498]]]}}, {"type": "Feature", "properties": {"pipe_code": "YMH-OSM-P-0544", "pipe_type": "main_line", "diameter_mm": 315, "material": "çelik", "pressure_level": "medium", "operating_pressure_bar": 4.0, "status": "aktif", "install_year": 1998, "district": "Yenimahalle", "source": "synthetic_demo_yenimahalle_osm_20260721", "osm_highway": "secondary", "road_name": "357. Cadde", "synthetic_notice": "Gerçek altyapı değildir; eğitim ve demo amaçlı sentetik veridir."}, "geometry": {"type": "MultiLineString", "coordinates": [[[32.7850541, 39.9702956], [32.785139, 39.9702016], [32.7851907, 39.970099], [32.7852158, 39.9699797]]]}}, {"type": "Feature", "properties": {"pipe_code": "YMH-OSM-P-0545", "pipe_type": "main_line", "diameter_mm": 400, "material": "çelik", "pressure_level": "medium", "operating_pressure_bar": 4.0, "status": "aktif", "install_year": 2005, "district": "Yenimahalle", "source": "synthetic_demo_yenimahalle_osm_20260721", "osm_highway": "secondary", "road_name": "Şehit Kaymakam Muhammed Fatih Safitürk Bulvarı", "synthetic_notice": "Gerçek altyapı değildir; eğitim ve demo amaçlı sentetik veridir."}, "geometry": {"type": "MultiLineString", "coordinates": [[[32.6841548, 39.975899], [32.6842068, 39.9759498], [32.6842345, 39.9760108], [32.684235, 39.9760754], [32.6842082, 39.9761366], [32.684157, 39.9761879]]]}}, {"type": "Feature", "properties": {"pipe_code": "YMH-OSM-P-0546", "pipe_type": "main_line", "diameter_mm": 250, "material": "çelik", "pressure_level": "medium", "operating_pressure_bar": 4.0, "status": "aktif", "install_year": 2012, "district": "Yenimahalle", "source": "synthetic_demo_yenimahalle_osm_20260721", "osm_highway": "secondary", "road_name": "Şehit Kaymakam Muhammed Fatih Safitürk Bulvarı", "synthetic_notice": "Gerçek altyapı değildir; eğitim ve demo amaçlı sentetik veridir."}, "geometry": {"type": "MultiLineString", "coordinates": [[[32.6837997, 39.9761804], [32.6837727, 39.9761591], [32.6837538, 39.976131], [32.6837378, 39.9761071], [32.6837244, 39.9760494], [32.6837338, 39.9759913], [32.683765, 39.9759379], [32.6838154, 39.9758939], [32.6838531, 39.9758736], [32.6838948, 39.9758588], [32.6839628, 39.9758478], [32.6840321, 39.9758512], [32.6840977, 39.9758687], [32.6841548, 39.975899]]]}}, {"type": "Feature", "properties": {"pipe_code": "YMH-OSM-P-0547", "pipe_type": "main_line", "diameter_mm": 315, "material": "çelik", "pressure_level": "medium", "operating_pressure_bar": 4.0, "status": "aktif", "install_year": 2019, "district": "Yenimahalle", "source": "synthetic_demo_yenimahalle_osm_20260721", "osm_highway": "secondary", "road_name": "Şehit Kaymakam Muhammed Fatih Safitürk Bulvarı", "synthetic_notice": "Gerçek altyapı değildir; eğitim ve demo amaçlı sentetik veridir."}, "geometry": {"type": "MultiLineString", "coordinates": [[[32.6869657, 39.9808105], [32.684998, 39.9794873], [32.6848827, 39.9794034], [32.6847743, 39.9793218], [32.6846983, 39.9792506], [32.684635, 39.9791835], [32.6845855, 39.9791217], [32.6845314, 39.9790424], [32.6844744, 39.9789426], [32.6844207, 39.9788424], [32.6843698, 39.978738], [32.6843257, 39.9786465], [32.6842911, 39.9785579], [32.6842456, 39.9783945], [32.6839024, 39.9766101], [32.6838246, 39.9762936], [32.6837997, 39.9761804]]]}}, {"type": "Feature", "properties": {"pipe_code": "YMH-OSM-P-0548", "pipe_type": "main_line", "diameter_mm": 400, "material": "çelik", "pressure_level": "medium", "operating_pressure_bar": 4.0, "status": "aktif", "install_year": 1998, "district": "Yenimahalle", "source": "synthetic_demo_yenimahalle_osm_20260721", "osm_highway": "secondary", "road_name": "Şehit Kaymakam Muhammed Fatih Safitürk Bulvarı", "synthetic_notice": "Gerçek altyapı değildir; eğitim ve demo amaçlı sentetik veridir."}, "geometry": {"type": "MultiLineString", "coordinates": [[[32.691403, 39.9845952], [32.6912848, 39.9844253], [32.6911967, 39.9843187], [32.6911196, 39.9842395], [32.6910179, 39.984135], [32.6909249, 39.9840465], [32.6907513, 39.9838848], [32.6896623, 39.9828703], [32.6888454, 39.9821093], [32.6888126, 39.9820787], [32.6886753, 39.9819708], [32.6885844, 39.9819011], [32.6885213, 39.9818561], [32.688433, 39.9817962], [32.6883577, 39.9817466], [32.687098, 39.9808995], [32.6869657, 39.9808105]]]}}, {"type": "Feature", "properties": {"pipe_code": "YMH-OSM-P-0549", "pipe_type": "main_line", "diameter_mm": 250, "material": "çelik", "pressure_level": "medium", "operating_pressure_bar": 4.0, "status": "aktif", "install_year": 2005, "district": "Yenimahalle", "source": "synthetic_demo_yenimahalle_osm_20260721", "osm_highway": "secondary", "road_name": "1820. Cadde", "synthetic_notice": "Gerçek altyapı değildir; eğitim ve demo amaçlı sentetik veridir."}, "geometry": {"type": "MultiLineString", "coordinates": [[[32.7049093, 39.9634975], [32.7048839, 39.9634912], [32.7048448, 39.9634814], [32.7047899, 39.9634508], [32.7047503, 39.9634086], [32.7047297, 39.9633591], [32.7047303, 39.9633071], [32.7047519, 39.9632579]]]}}, {"type": "Feature", "properties": {"pipe_code": "YMH-OSM-P-0550", "pipe_type": "main_line", "diameter_mm": 315, "material": "çelik", "pressure_level": "medium", "operating_pressure_bar": 4.0, "status": "aktif", "install_year": 2012, "district": "Yenimahalle", "source": "synthetic_demo_yenimahalle_osm_20260721", "osm_highway": "primary", "road_name": "Cengiz Aytmatov Caddesi", "synthetic_notice": "Gerçek altyapı değildir; eğitim ve demo amaçlı sentetik veridir."}, "geometry": {"type": "MultiLineString", "coordinates": [[[32.7047519, 39.9632579], [32.7047883, 39.9632194], [32.7048374, 39.9631905], [32.7048953, 39.9631735], [32.7049571, 39.9631699], [32.7050176, 39.9631799]]]}}, {"type": "Feature", "properties": {"pipe_code": "YMH-OSM-P-0551", "pipe_type": "main_line", "diameter_mm": 400, "material": "çelik", "pressure_level": "medium", "operating_pressure_bar": 4.0, "status": "aktif", "install_year": 2019, "district": "Yenimahalle", "source": "synthetic_demo_yenimahalle_osm_20260721", "osm_highway": "secondary", "road_name": "1820. Cadde", "synthetic_notice": "Gerçek altyapı değildir; eğitim ve demo amaçlı sentetik veridir."}, "geometry": {"type": "MultiLineString", "coordinates": [[[32.7030563, 39.9573617], [32.7033253, 39.9585589], [32.7035447, 39.959393], [32.7036756, 39.9598909], [32.7038372, 39.9605052], [32.7040406, 39.9613818], [32.7040734, 39.961523], [32.7041033, 39.9615878], [32.7042489, 39.9619035], [32.7048903, 39.9630065], [32.7049055, 39.9630272], [32.704965, 39.9631082], [32.7050176, 39.9631799]]]}}, {"type": "Feature", "properties": {"pipe_code": "YMH-OSM-P-0552", "pipe_type": "main_line", "diameter_mm": 250, "material": "çelik", "pressure_level": "medium", "operating_pressure_bar": 4.0, "status": "aktif", "install_year": 1998, "district": "Yenimahalle", "source": "synthetic_demo_yenimahalle_osm_20260721", "osm_highway": "primary", "road_name": "Adsız yol", "synthetic_notice": "Gerçek altyapı değildir; eğitim ve demo amaçlı sentetik veridir."}, "geometry": {"type": "MultiLineString", "coordinates": [[[32.7030133, 39.9571277], [32.7030563, 39.9573617]]]}}, {"type": "Feature", "properties": {"pipe_code": "YMH-OSM-P-0553", "pipe_type": "main_line", "diameter_mm": 315, "material": "çelik", "pressure_level": "medium", "operating_pressure_bar": 4.0, "status": "aktif", "install_year": 2005, "district": "Yenimahalle", "source": "synthetic_demo_yenimahalle_osm_20260721", "osm_highway": "secondary", "road_name": "1818. Cadde", "synthetic_notice": "Gerçek altyapı değildir; eğitim ve demo amaçlı sentetik veridir."}, "geometry": {"type": "MultiLineString", "coordinates": [[[32.7000093, 39.9515437], [32.7001555, 39.9518368], [32.7002393, 39.9520047], [32.7009844, 39.9531002], [32.7010615, 39.9532058], [32.7013814, 39.9536438], [32.7019672, 39.9544458], [32.7020296, 39.9545316], [32.7028605, 39.9556955], [32.7029648, 39.9558415], [32.7029772, 39.9558892], [32.703012, 39.956064], [32.7029679, 39.9568886], [32.702983, 39.9570178], [32.7030133, 39.9571277]]]}}, {"type": "Feature", "properties": {"pipe_code": "YMH-OSM-P-0554", "pipe_type": "main_line", "diameter_mm": 400, "material": "çelik", "pressure_level": "medium", "operating_pressure_bar": 4.0, "status": "aktif", "install_year": 2012, "district": "Yenimahalle", "source": "synthetic_demo_yenimahalle_osm_20260721", "osm_highway": "secondary", "road_name": "1820. Cadde", "synthetic_notice": "Gerçek altyapı değildir; eğitim ve demo amaçlı sentetik veridir."}, "geometry": {"type": "MultiLineString", "coordinates": [[[32.7047519, 39.9632579], [32.7047404, 39.9631989], [32.704727, 39.9631298], [32.7039732, 39.9616299], [32.7039395, 39.9615629], [32.7039004, 39.9614143], [32.7038146, 39.9610887], [32.7035129, 39.9599438], [32.7031706, 39.9586466], [32.7031173, 39.9584648], [32.7028386, 39.9575143], [32.7028159, 39.9574213]]]}}, {"type": "Feature", "properties": {"pipe_code": "YMH-OSM-P-0555", "pipe_type": "main_line", "diameter_mm": 250, "material": "çelik", "pressure_level": "medium", "operating_pressure_bar": 4.0, "status": "aktif", "install_year": 2019, "district": "Yenimahalle", "source": "synthetic_demo_yenimahalle_osm_20260721", "osm_highway": "primary", "road_name": "Adsız yol", "synthetic_notice": "Gerçek altyapı değildir; eğitim ve demo amaçlı sentetik veridir."}, "geometry": {"type": "MultiLineString", "coordinates": [[[32.7028159, 39.9574213], [32.7028222, 39.9571739]]]}}, {"type": "Feature", "properties": {"pipe_code": "YMH-OSM-P-0556", "pipe_type": "main_line", "diameter_mm": 315, "material": "çelik", "pressure_level": "medium", "operating_pressure_bar": 4.0, "status": "aktif", "install_year": 1998, "district": "Yenimahalle", "source": "synthetic_demo_yenimahalle_osm_20260721", "osm_highway": "secondary", "road_name": "1818. Cadde", "synthetic_notice": "Gerçek altyapı değildir; eğitim ve demo amaçlı sentetik veridir."}, "geometry": {"type": "MultiLineString", "coordinates": [[[32.7028222, 39.9571739], [32.7028481, 39.9568936], [32.7028777, 39.9560595], [32.7028457, 39.9559276], [32.7024952, 39.9554216], [32.7024482, 39.9553542], [32.7018997, 39.9545687], [32.7018289, 39.9544705], [32.7011852, 39.9535775], [32.700928, 39.953228], [32.7005863, 39.9527637], [32.7005552, 39.9527139], [32.7000079, 39.9518377], [32.6999013, 39.9516114]]]}}, {"type": "Feature", "properties": {"pipe_code": "YMH-OSM-P-0557", "pipe_type": "main_line", "diameter_mm": 400, "material": "çelik", "pressure_level": "medium", "operating_pressure_bar": 4.0, "status": "aktif", "install_year": 2005, "district": "Yenimahalle", "source": "synthetic_demo_yenimahalle_osm_20260721", "osm_highway": "secondary", "road_name": "Şehit Kaymakam Muhammed Fatih Safitürk Bulvarı", "synthetic_notice": "Gerçek altyapı değildir; eğitim ve demo amaçlı sentetik veridir."}, "geometry": {"type": "MultiLineString", "coordinates": [[[32.684157, 39.9761879], [32.6840982, 39.9762195], [32.6840304, 39.9762375], [32.6839586, 39.9762404], [32.6838887, 39.9762279], [32.683826, 39.9762011], [32.6837997, 39.9761804]]]}}, {"type": "Feature", "properties": {"pipe_code": "YMH-OSM-P-0558", "pipe_type": "main_line", "diameter_mm": 250, "material": "çelik", "pressure_level": "medium", "operating_pressure_bar": 4.0, "status": "aktif", "install_year": 2012, "district": "Yenimahalle", "source": "synthetic_demo_yenimahalle_osm_20260721", "osm_highway": "secondary", "road_name": "357. Cadde", "synthetic_notice": "Gerçek altyapı değildir; eğitim ve demo amaçlı sentetik veridir."}, "geometry": {"type": "MultiLineString", "coordinates": [[[32.7855921, 39.9700014], [32.7854525, 39.9700279], [32.7853551, 39.9700196], [32.7852638, 39.9699963], [32.7852158, 39.9699797]]]}}, {"type": "Feature", "properties": {"pipe_code": "YMH-OSM-P-0559", "pipe_type": "main_line", "diameter_mm": 315, "material": "çelik", "pressure_level": "medium", "operating_pressure_bar": 4.0, "status": "aktif", "install_year": 2019, "district": "Yenimahalle", "source": "synthetic_demo_yenimahalle_osm_20260721", "osm_highway": "secondary", "road_name": "1904. Cadde", "synthetic_notice": "Gerçek altyapı değildir; eğitim ve demo amaçlı sentetik veridir."}, "geometry": {"type": "MultiLineString", "coordinates": [[[32.7280829, 39.9682889], [32.7279816, 39.9681132], [32.7279727, 39.9680977], [32.7279288, 39.9680217]]]}}, {"type": "Feature", "properties": {"pipe_code": "YMH-OSM-P-0560", "pipe_type": "main_line", "diameter_mm": 400, "material": "çelik", "pressure_level": "medium", "operating_pressure_bar": 4.0, "status": "aktif", "install_year": 1998, "district": "Yenimahalle", "source": "synthetic_demo_yenimahalle_osm_20260721", "osm_highway": "secondary", "road_name": "1904. Cadde", "synthetic_notice": "Gerçek altyapı değildir; eğitim ve demo amaçlı sentetik veridir."}, "geometry": {"type": "MultiLineString", "coordinates": [[[32.7289958, 39.9710709], [32.7290088, 39.9709771], [32.729058, 39.9706211], [32.7290739, 39.9705064], [32.7290937, 39.9702741], [32.7290831, 39.9701304], [32.7290588, 39.970016], [32.7289317, 39.9697602], [32.7286911, 39.9693432], [32.7286102, 39.9692029], [32.7285446, 39.9690892], [32.7281869, 39.9684693], [32.7280829, 39.9682889]]]}}, {"type": "Feature", "properties": {"pipe_code": "YMH-OSM-P-0561", "pipe_type": "main_line", "diameter_mm": 250, "material": "çelik", "pressure_level": "medium", "operating_pressure_bar": 4.0, "status": "aktif", "install_year": 2005, "district": "Yenimahalle", "source": "synthetic_demo_yenimahalle_osm_20260721", "osm_highway": "secondary", "road_name": "İvedik Caddesi", "synthetic_notice": "Gerçek altyapı değildir; eğitim ve demo amaçlı sentetik veridir."}, "geometry": {"type": "MultiLineString", "coordinates": [[[32.7980886, 39.9646647], [32.7981698, 39.9646465], [32.7984529, 39.9645832]]]}}, {"type": "Feature", "properties": {"pipe_code": "YMH-OSM-P-0562", "pipe_type": "main_line", "diameter_mm": 315, "material": "çelik", "pressure_level": "medium", "operating_pressure_bar": 4.0, "status": "aktif", "install_year": 2012, "district": "Yenimahalle", "source": "synthetic_demo_yenimahalle_osm_20260721", "osm_highway": "secondary", "road_name": "1820. Cadde", "synthetic_notice": "Gerçek altyapı değildir; eğitim ve demo amaçlı sentetik veridir."}, "geometry": {"type": "MultiLineString", "coordinates": [[[32.7050176, 39.9631799], [32.7050506, 39.9631941], [32.7050758, 39.9632049], [32.7051211, 39.9632424], [32.7051493, 39.9632887], [32.705155, 39.963323], [32.7051577, 39.9633394], [32.7051454, 39.9633896]]]}}, {"type": "Feature", "properties": {"pipe_code": "YMH-OSM-P-0563", "pipe_type": "main_line", "diameter_mm": 400, "material": "çelik", "pressure_level": "medium", "operating_pressure_bar": 4.0, "status": "aktif", "install_year": 2019, "district": "Yenimahalle", "source": "synthetic_demo_yenimahalle_osm_20260721", "osm_highway": "secondary", "road_name": "100. Yıl Bulvarı", "synthetic_notice": "Gerçek altyapı değildir; eğitim ve demo amaçlı sentetik veridir."}, "geometry": {"type": "MultiLineString", "coordinates": [[[32.7461723, 39.9735286], [32.7462473, 39.9733603], [32.7462748, 39.9732985]]]}}, {"type": "Feature", "properties": {"pipe_code": "YMH-OSM-P-0564", "pipe_type": "main_line", "diameter_mm": 250, "material": "çelik", "pressure_level": "medium", "operating_pressure_bar": 4.0, "status": "aktif", "install_year": 1998, "district": "Yenimahalle", "source": "synthetic_demo_yenimahalle_osm_20260721", "osm_highway": "secondary", "road_name": "100. Yıl Bulvarı", "synthetic_notice": "Gerçek altyapı değildir; eğitim ve demo amaçlı sentetik veridir."}, "geometry": {"type": "MultiLineString", "coordinates": [[[32.7411136, 39.9824611], [32.7412307, 39.9822018], [32.7420699, 39.9807172], [32.7421453, 39.9805837], [32.7422259, 39.9804582], [32.7426456, 39.9797356], [32.7431073, 39.9789828], [32.7435636, 39.9781765], [32.7439981, 39.9774062], [32.7443986, 39.9766503], [32.7444857, 39.9765079], [32.7449208, 39.9757537], [32.7453714, 39.9749727], [32.7457636, 39.9742928], [32.7460689, 39.9737621], [32.7461341, 39.9736143], [32.7461442, 39.9735918], [32.7461723, 39.9735286]]]}}, {"type": "Feature", "properties": {"pipe_code": "YMH-OSM-P-0565", "pipe_type": "main_line", "diameter_mm": 315, "material": "çelik", "pressure_level": "medium", "operating_pressure_bar": 4.0, "status": "aktif", "install_year": 2005, "district": "Yenimahalle", "source": "synthetic_demo_yenimahalle_osm_20260721", "osm_highway": "secondary", "road_name": "1777. Cadde", "synthetic_notice": "Gerçek altyapı değildir; eğitim ve demo amaçlı sentetik veridir."}, "geometry": {"type": "MultiLineString", "coordinates": [[[32.7277888, 39.967618], [32.7278781, 39.9677362], [32.7278822, 39.9677416], [32.7279445, 39.9678257]]]}}, {"type": "Feature", "properties": {"pipe_code": "YMH-OSM-P-0566", "pipe_type": "main_line", "diameter_mm": 400, "material": "çelik", "pressure_level": "medium", "operating_pressure_bar": 4.0, "status": "aktif", "install_year": 2012, "district": "Yenimahalle", "source": "synthetic_demo_yenimahalle_osm_20260721", "osm_highway": "secondary", "road_name": "Mehmet Akif Ersoy Caddesi", "synthetic_notice": "Gerçek altyapı değildir; eğitim ve demo amaçlı sentetik veridir."}, "geometry": {"type": "MultiLineString", "coordinates": [[[32.7668709, 39.9749387], [32.766574, 39.9749593]]]}}, {"type": "Feature", "properties": {"pipe_code": "YMH-OSM-P-0567", "pipe_type": "main_line", "diameter_mm": 250, "material": "çelik", "pressure_level": "medium", "operating_pressure_bar": 4.0, "status": "aktif", "install_year": 2019, "district": "Yenimahalle", "source": "synthetic_demo_yenimahalle_osm_20260721", "osm_highway": "secondary", "road_name": "Adsız yol", "synthetic_notice": "Gerçek altyapı değildir; eğitim ve demo amaçlı sentetik veridir."}, "geometry": {"type": "MultiLineString", "coordinates": [[[32.7682883, 39.9890272], [32.7683285, 39.988996], [32.7683791, 39.9889755], [32.7684354, 39.9889675], [32.7684923, 39.9889728], [32.7685538, 39.9889961]]]}}, {"type": "Feature", "properties": {"pipe_code": "YMH-OSM-P-0568", "pipe_type": "main_line", "diameter_mm": 315, "material": "çelik", "pressure_level": "medium", "operating_pressure_bar": 4.0, "status": "aktif", "install_year": 1998, "district": "Yenimahalle", "source": "synthetic_demo_yenimahalle_osm_20260721", "osm_highway": "secondary", "road_name": "100. Yıl Bulvarı", "synthetic_notice": "Gerçek altyapı değildir; eğitim ve demo amaçlı sentetik veridir."}, "geometry": {"type": "MultiLineString", "coordinates": [[[32.7465193, 39.9733665], [32.7464369, 39.9735117], [32.7464037, 39.9735701]]]}}, {"type": "Feature", "properties": {"pipe_code": "YMH-OSM-P-0569", "pipe_type": "main_line", "diameter_mm": 400, "material": "çelik", "pressure_level": "medium", "operating_pressure_bar": 4.0, "status": "aktif", "install_year": 2005, "district": "Yenimahalle", "source": "synthetic_demo_yenimahalle_osm_20260721", "osm_highway": "secondary", "road_name": "100. Yıl Bulvarı", "synthetic_notice": "Gerçek altyapı değildir; eğitim ve demo amaçlı sentetik veridir."}, "geometry": {"type": "MultiLineString", "coordinates": [[[32.7464037, 39.9735701], [32.7463526, 39.9736602], [32.746016, 39.9742511], [32.7455655, 39.975032], [32.7451141, 39.9758145], [32.7446813, 39.976576], [32.7446095, 39.9767131], [32.7442201, 39.9774403], [32.7437681, 39.9782279], [32.7433014, 39.9790296], [32.7428422, 39.9798145], [32.7424231, 39.9805329], [32.7423546, 39.9806569]]]}}, {"type": "Feature", "properties": {"pipe_code": "YMH-OSM-P-0570", "pipe_type": "main_line", "diameter_mm": 250, "material": "çelik", "pressure_level": "medium", "operating_pressure_bar": 4.0, "status": "aktif", "install_year": 2012, "district": "Yenimahalle", "source": "synthetic_demo_yenimahalle_osm_20260721", "osm_highway": "secondary", "road_name": "100. Yıl Bulvarı", "synthetic_notice": "Gerçek altyapı değildir; eğitim ve demo amaçlı sentetik veridir."}, "geometry": {"type": "MultiLineString", "coordinates": [[[32.7423546, 39.9806569], [32.7414066, 39.9823076]]]}}, {"type": "Feature", "properties": {"pipe_code": "YMH-OSM-P-0571", "pipe_type": "main_line", "diameter_mm": 315, "material": "çelik", "pressure_level": "medium", "operating_pressure_bar": 4.0, "status": "aktif", "install_year": 2019, "district": "Yenimahalle", "source": "synthetic_demo_yenimahalle_osm_20260721", "osm_highway": "secondary", "road_name": "100. Yıl Bulvarı", "synthetic_notice": "Gerçek altyapı değildir; eğitim ve demo amaçlı sentetik veridir."}, "geometry": {"type": "MultiLineString", "coordinates": [[[32.7414066, 39.9823076], [32.7413157, 39.9824658], [32.741281, 39.9825263]]]}}, {"type": "Feature", "properties": {"pipe_code": "YMH-OSM-P-0572", "pipe_type": "main_line", "diameter_mm": 400, "material": "çelik", "pressure_level": "medium", "operating_pressure_bar": 4.0, "status": "aktif", "install_year": 1998, "district": "Yenimahalle", "source": "synthetic_demo_yenimahalle_osm_20260721", "osm_highway": "secondary", "road_name": "Adsız yol", "synthetic_notice": "Gerçek altyapı değildir; eğitim ve demo amaçlı sentetik veridir."}, "geometry": {"type": "MultiLineString", "coordinates": [[[32.7685709, 39.989217], [32.7684948, 39.9892506], [32.7684556, 39.9892562], [32.7684156, 39.9892553], [32.7683769, 39.989248], [32.7683095, 39.9892157]]]}}, {"type": "Feature", "properties": {"pipe_code": "YMH-OSM-P-0573", "pipe_type": "main_line", "diameter_mm": 250, "material": "çelik", "pressure_level": "medium", "operating_pressure_bar": 4.0, "status": "aktif", "install_year": 2005, "district": "Yenimahalle", "source": "synthetic_demo_yenimahalle_osm_20260721", "osm_highway": "secondary", "road_name": "1323. Cadde", "synthetic_notice": "Gerçek altyapı değildir; eğitim ve demo amaçlı sentetik veridir."}, "geometry": {"type": "MultiLineString", "coordinates": [[[32.7675173, 39.9946838], [32.7675233, 39.9937896], [32.7675376, 39.9927994], [32.7675659, 39.9923357], [32.7675801, 39.992276], [32.7675978, 39.9922177], [32.767619, 39.992154], [32.7676934, 39.9919019], [32.7677743, 39.9916036], [32.7679058, 39.9910693], [32.768233, 39.9896801], [32.7682651, 39.9895796], [32.7682853, 39.9894698], [32.7683108, 39.9893503], [32.7683109, 39.9892764], [32.7683095, 39.9892157]]]}}, {"type": "Feature", "properties": {"pipe_code": "YMH-OSM-P-0574", "pipe_type": "main_line", "diameter_mm": 315, "material": "çelik", "pressure_level": "medium", "operating_pressure_bar": 4.0, "status": "bakımda", "install_year": 2012, "district": "Yenimahalle", "source": "synthetic_demo_yenimahalle_osm_20260721", "osm_highway": "secondary", "road_name": "1323. Cadde", "synthetic_notice": "Gerçek altyapı değildir; eğitim ve demo amaçlı sentetik veridir."}, "geometry": {"type": "MultiLineString", "coordinates": [[[32.7674934, 39.9950061], [32.7675014, 39.9949454], [32.7675103, 39.994841], [32.7675173, 39.9946838]]]}}, {"type": "Feature", "properties": {"pipe_code": "YMH-OSM-P-0575", "pipe_type": "main_line", "diameter_mm": 400, "material": "çelik", "pressure_level": "medium", "operating_pressure_bar": 4.0, "status": "aktif", "install_year": 2019, "district": "Yenimahalle", "source": "synthetic_demo_yenimahalle_osm_20260721", "osm_highway": "secondary", "road_name": "1354. Cadde", "synthetic_notice": "Gerçek altyapı değildir; eğitim ve demo amaçlı sentetik veridir."}, "geometry": {"type": "MultiLineString", "coordinates": [[[32.7670413, 39.9950444], [32.7674264, 39.9950184], [32.7674934, 39.9950061]]]}}, {"type": "Feature", "properties": {"pipe_code": "YMH-OSM-P-0576", "pipe_type": "main_line", "diameter_mm": 250, "material": "çelik", "pressure_level": "medium", "operating_pressure_bar": 4.0, "status": "aktif", "install_year": 1998, "district": "Yenimahalle", "source": "synthetic_demo_yenimahalle_osm_20260721", "osm_highway": "secondary", "road_name": "1354. Cadde", "synthetic_notice": "Gerçek altyapı değildir; eğitim ve demo amaçlı sentetik veridir."}, "geometry": {"type": "MultiLineString", "coordinates": [[[32.7663706, 39.9951054], [32.7670413, 39.9950444]]]}}, {"type": "Feature", "properties": {"pipe_code": "YMH-OSM-P-0577", "pipe_type": "main_line", "diameter_mm": 315, "material": "çelik", "pressure_level": "medium", "operating_pressure_bar": 4.0, "status": "aktif", "install_year": 2005, "district": "Yenimahalle", "source": "synthetic_demo_yenimahalle_osm_20260721", "osm_highway": "secondary", "road_name": "1354. Cadde", "synthetic_notice": "Gerçek altyapı değildir; eğitim ve demo amaçlı sentetik veridir."}, "geometry": {"type": "MultiLineString", "coordinates": [[[32.7646418, 39.9950694], [32.7663706, 39.9951054]]]}}, {"type": "Feature", "properties": {"pipe_code": "YMH-OSM-P-0578", "pipe_type": "main_line", "diameter_mm": 400, "material": "çelik", "pressure_level": "medium", "operating_pressure_bar": 4.0, "status": "aktif", "install_year": 2012, "district": "Yenimahalle", "source": "synthetic_demo_yenimahalle_osm_20260721", "osm_highway": "secondary", "road_name": "1354. Cadde", "synthetic_notice": "Gerçek altyapı değildir; eğitim ve demo amaçlı sentetik veridir."}, "geometry": {"type": "MultiLineString", "coordinates": [[[32.752642, 39.9898539], [32.7529583, 39.990109], [32.753036, 39.9901597], [32.7534528, 39.9904315], [32.7538859, 39.990714], [32.7557127, 39.9919053], [32.7563925, 39.9923486], [32.7570356, 39.992768], [32.7572123, 39.9928832], [32.7574414, 39.9930797], [32.7581375, 39.9937007], [32.7583764, 39.9938819], [32.7588806, 39.9940627], [32.7589458, 39.9940786], [32.7596137, 39.9942417], [32.7603955, 39.9944326], [32.7605607, 39.9944729], [32.7612087, 39.9946311], [32.7620649, 39.9948402], [32.7626163, 39.9949748], [32.7627859, 39.9950162], [32.7629249, 39.9950211], [32.7635077, 39.9950415], [32.7637714, 39.9950508], [32.7640287, 39.9950598], [32.7646418, 39.9950694]]]}}, {"type": "Feature", "properties": {"pipe_code": "YMH-OSM-P-0579", "pipe_type": "main_line", "diameter_mm": 250, "material": "çelik", "pressure_level": "medium", "operating_pressure_bar": 4.0, "status": "aktif", "install_year": 2019, "district": "Yenimahalle", "source": "synthetic_demo_yenimahalle_osm_20260721", "osm_highway": "secondary", "road_name": "Adsız yol", "synthetic_notice": "Gerçek altyapı değildir; eğitim ve demo amaçlı sentetik veridir."}, "geometry": {"type": "MultiLineString", "coordinates": [[[32.7674509, 39.9951358], [32.7673298, 39.9951501], [32.7672223, 39.9951451], [32.7663706, 39.9951054]]]}}, {"type": "Feature", "properties": {"pipe_code": "YMH-OSM-P-0580", "pipe_type": "main_line", "diameter_mm": 315, "material": "çelik", "pressure_level": "medium", "operating_pressure_bar": 4.0, "status": "aktif", "install_year": 1998, "district": "Yenimahalle", "source": "synthetic_demo_yenimahalle_osm_20260721", "osm_highway": "secondary", "road_name": "1354. Cadde", "synthetic_notice": "Gerçek altyapı değildir; eğitim ve demo amaçlı sentetik veridir."}, "geometry": {"type": "MultiLineString", "coordinates": [[[32.7524581, 39.9896115], [32.752642, 39.9898539]]]}}, {"type": "Feature", "properties": {"pipe_code": "YMH-OSM-P-0581", "pipe_type": "main_line", "diameter_mm": 400, "material": "çelik", "pressure_level": "medium", "operating_pressure_bar": 4.0, "status": "aktif", "install_year": 2005, "district": "Yenimahalle", "source": "synthetic_demo_yenimahalle_osm_20260721", "osm_highway": "secondary", "road_name": "1354. Cadde", "synthetic_notice": "Gerçek altyapı değildir; eğitim ve demo amaçlı sentetik veridir."}, "geometry": {"type": "MultiLineString", "coordinates": [[[32.752642, 39.9898539], [32.7523688, 39.9896816]]]}}, {"type": "Feature", "properties": {"pipe_code": "YMH-OSM-P-0582", "pipe_type": "main_line", "diameter_mm": 250, "material": "çelik", "pressure_level": "medium", "operating_pressure_bar": 4.0, "status": "aktif", "install_year": 2012, "district": "Yenimahalle", "source": "synthetic_demo_yenimahalle_osm_20260721", "osm_highway": "secondary", "road_name": "Adsız yol", "synthetic_notice": "Gerçek altyapı değildir; eğitim ve demo amaçlı sentetik veridir."}, "geometry": {"type": "MultiLineString", "coordinates": [[[32.7478602, 39.9600818], [32.7478556, 39.9600495], [32.7478643, 39.9600194], [32.7478852, 39.9599931], [32.7479162, 39.9599734], [32.7479538, 39.9599625], [32.747994, 39.9599616], [32.7480324, 39.9599707]]]}}, {"type": "Feature", "properties": {"pipe_code": "YMH-OSM-P-0583", "pipe_type": "main_line", "diameter_mm": 315, "material": "çelik", "pressure_level": "medium", "operating_pressure_bar": 4.0, "status": "aktif", "install_year": 2019, "district": "Yenimahalle", "source": "synthetic_demo_yenimahalle_osm_20260721", "osm_highway": "secondary", "road_name": "1587. Cadde", "synthetic_notice": "Gerçek altyapı değildir; eğitim ve demo amaçlı sentetik veridir."}, "geometry": {"type": "MultiLineString", "coordinates": [[[32.7478602, 39.9600818], [32.7477705, 39.9599998], [32.7477179, 39.9599656], [32.7476619, 39.9599293], [32.7475664, 39.9598807], [32.7474829, 39.9598492], [32.7473828, 39.9598239], [32.7471911, 39.9597936], [32.7470875, 39.9597851], [32.7469977, 39.9597777], [32.7467921, 39.9597755], [32.7464988, 39.9597851]]]}}, {"type": "Feature", "properties": {"pipe_code": "YMH-OSM-P-0584", "pipe_type": "main_line", "diameter_mm": 400, "material": "çelik", "pressure_level": "medium", "operating_pressure_bar": 4.0, "status": "aktif", "install_year": 1998, "district": "Yenimahalle", "source": "synthetic_demo_yenimahalle_osm_20260721", "osm_highway": "secondary", "road_name": "1587. Cadde", "synthetic_notice": "Gerçek altyapı değildir; eğitim ve demo amaçlı sentetik veridir."}, "geometry": {"type": "MultiLineString", "coordinates": [[[32.7464988, 39.9597851], [32.7458689, 39.9598349], [32.7457037, 39.959848], [32.7452255, 39.9598859], [32.7447858, 39.9599207], [32.7446481, 39.9599316]]]}}, {"type": "Feature", "properties": {"pipe_code": "YMH-OSM-P-0585", "pipe_type": "main_line", "diameter_mm": 250, "material": "çelik", "pressure_level": "medium", "operating_pressure_bar": 4.0, "status": "aktif", "install_year": 2005, "district": "Yenimahalle", "source": "synthetic_demo_yenimahalle_osm_20260721", "osm_highway": "secondary", "road_name": "Adsız yol", "synthetic_notice": "Gerçek altyapı değildir; eğitim ve demo amaçlı sentetik veridir."}, "geometry": {"type": "MultiLineString", "coordinates": [[[32.7462748, 39.9732985], [32.7463437, 39.9732938], [32.7464115, 39.9733003], [32.7464772, 39.973321], [32.7464783, 39.9733222], [32.7465193, 39.9733665]]]}}, {"type": "Feature", "properties": {"pipe_code": "YMH-OSM-P-0586", "pipe_type": "main_line", "diameter_mm": 315, "material": "çelik", "pressure_level": "medium", "operating_pressure_bar": 4.0, "status": "aktif", "install_year": 2012, "district": "Yenimahalle", "source": "synthetic_demo_yenimahalle_osm_20260721", "osm_highway": "secondary", "road_name": "Adsız yol", "synthetic_notice": "Gerçek altyapı değildir; eğitim ve demo amaçlı sentetik veridir."}, "geometry": {"type": "MultiLineString", "coordinates": [[[32.7480968, 39.9600745], [32.7480817, 39.960103], [32.7480555, 39.9601263], [32.7480208, 39.9601418], [32.7479814, 39.9601478], [32.7479416, 39.9601437], [32.7479057, 39.9601299], [32.7478776, 39.960108]]]}}, {"type": "Feature", "properties": {"pipe_code": "YMH-OSM-P-0587", "pipe_type": "main_line", "diameter_mm": 400, "material": "çelik", "pressure_level": "medium", "operating_pressure_bar": 4.0, "status": "aktif", "install_year": 2019, "district": "Yenimahalle", "source": "synthetic_demo_yenimahalle_osm_20260721", "osm_highway": "secondary", "road_name": "İvedik Caddesi", "synthetic_notice": "Gerçek altyapı değildir; eğitim ve demo amaçlı sentetik veridir."}, "geometry": {"type": "MultiLineString", "coordinates": [[[32.7785243, 39.980006], [32.7784666, 39.9801006], [32.7784013, 39.9801985]]]}}, {"type": "Feature", "properties": {"pipe_code": "YMH-OSM-P-0588", "pipe_type": "main_line", "diameter_mm": 250, "material": "çelik", "pressure_level": "medium", "operating_pressure_bar": 4.0, "status": "aktif", "install_year": 1998, "district": "Yenimahalle", "source": "synthetic_demo_yenimahalle_osm_20260721", "osm_highway": "secondary", "road_name": "Adsız yol", "synthetic_notice": "Gerçek altyapı değildir; eğitim ve demo amaçlı sentetik veridir."}, "geometry": {"type": "MultiLineString", "coordinates": [[[32.766144, 39.9749263], [32.7661779, 39.9749059], [32.7663674, 39.9747994]]]}}, {"type": "Feature", "properties": {"pipe_code": "YMH-OSM-P-0589", "pipe_type": "main_line", "diameter_mm": 315, "material": "çelik", "pressure_level": "medium", "operating_pressure_bar": 4.0, "status": "aktif", "install_year": 2005, "district": "Yenimahalle", "source": "synthetic_demo_yenimahalle_osm_20260721", "osm_highway": "secondary", "road_name": "Adsız yol", "synthetic_notice": "Gerçek altyapı değildir; eğitim ve demo amaçlı sentetik veridir."}, "geometry": {"type": "MultiLineString", "coordinates": [[[32.7664603, 39.9747059], [32.7665642, 39.9748993]]]}}, {"type": "Feature", "properties": {"pipe_code": "YMH-OSM-P-0590", "pipe_type": "main_line", "diameter_mm": 400, "material": "çelik", "pressure_level": "medium", "operating_pressure_bar": 4.0, "status": "aktif", "install_year": 2012, "district": "Yenimahalle", "source": "synthetic_demo_yenimahalle_osm_20260721", "osm_highway": "secondary", "road_name": "Adsız yol", "synthetic_notice": "Gerçek altyapı değildir; eğitim ve demo amaçlı sentetik veridir."}, "geometry": {"type": "MultiLineString", "coordinates": [[[32.7652289, 39.9722529], [32.7655282, 39.9726738], [32.7656947, 39.972919], [32.7658603, 39.9731945], [32.765912, 39.9732937], [32.7659352, 39.9733384], [32.7660695, 39.9735953], [32.7663283, 39.974307], [32.7664603, 39.9747059]]]}}, {"type": "Feature", "properties": {"pipe_code": "YMH-OSM-P-0591", "pipe_type": "main_line", "diameter_mm": 250, "material": "çelik", "pressure_level": "medium", "operating_pressure_bar": 4.0, "status": "aktif", "install_year": 2019, "district": "Yenimahalle", "source": "synthetic_demo_yenimahalle_osm_20260721", "osm_highway": "secondary", "road_name": "Adsız yol", "synthetic_notice": "Gerçek altyapı değildir; eğitim ve demo amaçlı sentetik veridir."}, "geometry": {"type": "MultiLineString", "coordinates": [[[32.7649063, 39.9718262], [32.7652289, 39.9722529]]]}}, {"type": "Feature", "properties": {"pipe_code": "YMH-OSM-P-0592", "pipe_type": "main_line", "diameter_mm": 315, "material": "çelik", "pressure_level": "medium", "operating_pressure_bar": 4.0, "status": "aktif", "install_year": 1998, "district": "Yenimahalle", "source": "synthetic_demo_yenimahalle_osm_20260721", "osm_highway": "secondary", "road_name": "İstiklal Marşı Caddesi", "synthetic_notice": "Gerçek altyapı değildir; eğitim ve demo amaçlı sentetik veridir."}, "geometry": {"type": "MultiLineString", "coordinates": [[[32.7643025, 39.9693336], [32.764312, 39.9696168], [32.7643679, 39.9703457], [32.7643883, 39.9706113], [32.764573, 39.9713431], [32.7646102, 39.9714257], [32.7646803, 39.971525], [32.7647094, 39.971564], [32.7647731, 39.9716564], [32.7649063, 39.9718262]]]}}, {"type": "Feature", "properties": {"pipe_code": "YMH-OSM-P-0593", "pipe_type": "main_line", "diameter_mm": 400, "material": "çelik", "pressure_level": "medium", "operating_pressure_bar": 4.0, "status": "aktif", "install_year": 2005, "district": "Yenimahalle", "source": "synthetic_demo_yenimahalle_osm_20260721", "osm_highway": "secondary", "road_name": "İstiklal Marşı Caddesi", "synthetic_notice": "Gerçek altyapı değildir; eğitim ve demo amaçlı sentetik veridir."}, "geometry": {"type": "MultiLineString", "coordinates": [[[32.7638788, 39.9620523], [32.7639002, 39.9621687], [32.7639478, 39.9624662], [32.7639917, 39.9627517], [32.7640869, 39.9636472], [32.7641065, 39.9638848], [32.7641309, 39.9641805], [32.764175, 39.965504], [32.7643025, 39.9693336]]]}}, {"type": "Feature", "properties": {"pipe_code": "YMH-OSM-P-0594", "pipe_type": "main_line", "diameter_mm": 250, "material": "çelik", "pressure_level": "medium", "operating_pressure_bar": 4.0, "status": "aktif", "install_year": 2012, "district": "Yenimahalle", "source": "synthetic_demo_yenimahalle_osm_20260721", "osm_highway": "secondary", "road_name": "Adsız yol", "synthetic_notice": "Gerçek altyapı değildir; eğitim ve demo amaçlı sentetik veridir."}, "geometry": {"type": "MultiLineString", "coordinates": [[[32.7683095, 39.9892157], [32.7682695, 39.9891721], [32.7682533, 39.9891259], [32.7682576, 39.9890782], [32.7682821, 39.9890341], [32.7682883, 39.9890272]]]}}, {"type": "Feature", "properties": {"pipe_code": "YMH-OSM-P-0595", "pipe_type": "main_line", "diameter_mm": 315, "material": "çelik", "pressure_level": "medium", "operating_pressure_bar": 4.0, "status": "aktif", "install_year": 2019, "district": "Yenimahalle", "source": "synthetic_demo_yenimahalle_osm_20260721", "osm_highway": "secondary", "road_name": "Adsız yol", "synthetic_notice": "Gerçek altyapı değildir; eğitim ve demo amaçlı sentetik veridir."}, "geometry": {"type": "MultiLineString", "coordinates": [[[32.7473265, 39.9918389], [32.7475014, 39.9916896]]]}}, {"type": "Feature", "properties": {"pipe_code": "YMH-OSM-P-0596", "pipe_type": "main_line", "diameter_mm": 400, "material": "çelik", "pressure_level": "medium", "operating_pressure_bar": 4.0, "status": "aktif", "install_year": 1998, "district": "Yenimahalle", "source": "synthetic_demo_yenimahalle_osm_20260721", "osm_highway": "secondary", "road_name": "Adsız yol", "synthetic_notice": "Gerçek altyapı değildir; eğitim ve demo amaçlı sentetik veridir."}, "geometry": {"type": "MultiLineString", "coordinates": [[[32.7755512, 40.0178838], [32.7755352, 40.017841], [32.775538, 40.0177965], [32.7755592, 40.0177551], [32.7756207, 40.0177076]]]}}, {"type": "Feature", "properties": {"pipe_code": "YMH-OSM-P-0597", "pipe_type": "main_line", "diameter_mm": 250, "material": "çelik", "pressure_level": "medium", "operating_pressure_bar": 4.0, "status": "aktif", "install_year": 2005, "district": "Yenimahalle", "source": "synthetic_demo_yenimahalle_osm_20260721", "osm_highway": "secondary", "road_name": "3563. Cadde", "synthetic_notice": "Gerçek altyapı değildir; eğitim ve demo amaçlı sentetik veridir."}, "geometry": {"type": "MultiLineString", "coordinates": [[[32.7708714, 40.0273292], [32.7707155, 40.0271521], [32.7706297, 40.0270514], [32.7705229, 40.0268916], [32.7704592, 40.0267845], [32.7704032, 40.0266773], [32.7703378, 40.0265486], [32.7701643, 40.0260866], [32.7701289, 40.0259755], [32.7701041, 40.0258562], [32.7700829, 40.0257234], [32.7700794, 40.0255906], [32.7700829, 40.0254389], [32.7701218, 40.0250486], [32.7701375, 40.0249192], [32.7701714, 40.0246394], [32.7702301, 40.0243066], [32.7702952, 40.0240233], [32.7703602, 40.0237587], [32.770405, 40.0236123], [32.7704537, 40.0235096], [32.7705188, 40.0233975], [32.7706245, 40.0232512], [32.770726, 40.0231286], [32.7714783, 40.0222269], [32.7725733, 40.0209578], [32.7727313, 40.0207833], [32.7728497, 40.0206558], [32.7729554, 40.02055], [32.7730571, 40.0204597], [32.7732644, 40.0202688], [32.7734492, 40.0201296], [32.7736125, 40.020021], [32.7738251, 40.0198889], [32.7742472, 40.0196459], [32.774543, 40.0194901], [32.7746478, 40.0194288], [32.7747402, 40.019358], [32.7748234, 40.0192754], [32.7748943, 40.0191881], [32.7749805, 40.0190607], [32.7751808, 40.0186997], [32.7754134, 40.0182282], [32.7755182, 40.0179662], [32.7755512, 40.0178838]]]}}, {"type": "Feature", "properties": {"pipe_code": "YMH-OSM-P-0598", "pipe_type": "main_line", "diameter_mm": 315, "material": "çelik", "pressure_level": "medium", "operating_pressure_bar": 4.0, "status": "aktif", "install_year": 2012, "district": "Yenimahalle", "source": "synthetic_demo_yenimahalle_osm_20260721", "osm_highway": "secondary", "road_name": "3891. Cadde", "synthetic_notice": "Gerçek altyapı değildir; eğitim ve demo amaçlı sentetik veridir."}, "geometry": {"type": "MultiLineString", "coordinates": [[[32.7725693, 40.0289316], [32.7721557, 40.028499], [32.771986, 40.0283333], [32.7714927, 40.0278834], [32.7711574, 40.0275969], [32.7709536, 40.0274062], [32.7708714, 40.0273292]]]}}, {"type": "Feature", "properties": {"pipe_code": "YMH-OSM-P-0599", "pipe_type": "main_line", "diameter_mm": 400, "material": "çelik", "pressure_level": "medium", "operating_pressure_bar": 4.0, "status": "aktif", "install_year": 2019, "district": "Yenimahalle", "source": "synthetic_demo_yenimahalle_osm_20260721", "osm_highway": "secondary", "road_name": "3585. Cadde", "synthetic_notice": "Gerçek altyapı değildir; eğitim ve demo amaçlı sentetik veridir."}, "geometry": {"type": "MultiLineString", "coordinates": [[[32.7664048, 40.0366999], [32.7663723, 40.0366118], [32.7663723, 40.0364845], [32.7664232, 40.0361904], [32.7664783, 40.0359445], [32.766494, 40.0358743], [32.7665279, 40.0357446], [32.766568, 40.0356242], [32.7666327, 40.035478], [32.7666974, 40.0353506], [32.7667837, 40.0352114], [32.7668545, 40.0351171], [32.7669993, 40.0349449], [32.7671309, 40.0347917], [32.7672243, 40.034683], [32.7673629, 40.0345226], [32.7674707, 40.034407], [32.7675724, 40.0343032], [32.7676802, 40.0342041], [32.7678343, 40.0340791], [32.7682687, 40.0337559], [32.7684598, 40.033612], [32.7686781, 40.033462], [32.7691191, 40.0331788], [32.7692494, 40.0330845], [32.7693995, 40.0329658], [32.7695295, 40.0328563], [32.7696797, 40.032712], [32.7697941, 40.0325671], [32.7698711, 40.0324617], [32.770107, 40.03202], [32.7701794, 40.0318717], [32.7702261, 40.0317662], [32.7703673, 40.0313748], [32.7704572, 40.0311297], [32.7705109, 40.0309849], [32.7705606, 40.0308732], [32.7706196, 40.030748], [32.770692, 40.0306165], [32.7707912, 40.0304645], [32.770872, 40.030359], [32.7709522, 40.0302859], [32.7710487, 40.0302058], [32.7712821, 40.0300148], [32.7716925, 40.0296677], [32.7719661, 40.0294017], [32.7721484, 40.0292487], [32.7723134, 40.0291162], [32.7725693, 40.0289316]]]}}, {"type": "Feature", "properties": {"pipe_code": "YMH-OSM-P-0600", "pipe_type": "main_line", "diameter_mm": 250, "material": "çelik", "pressure_level": "medium", "operating_pressure_bar": 4.0, "status": "aktif", "install_year": 1998, "district": "Yenimahalle", "source": "synthetic_demo_yenimahalle_osm_20260721", "osm_highway": "secondary", "road_name": "3891. Cadde", "synthetic_notice": "Gerçek altyapı değildir; eğitim ve demo amaçlı sentetik veridir."}, "geometry": {"type": "MultiLineString", "coordinates": [[[32.7725693, 40.0289316], [32.7725889, 40.028877], [32.7726296, 40.0288297], [32.7726875, 40.0287945], [32.7727567, 40.0287747], [32.7728306, 40.0287723]]]}}, {"type": "Feature", "properties": {"pipe_code": "YMH-OSM-P-0601", "pipe_type": "main_line", "diameter_mm": 315, "material": "çelik", "pressure_level": "medium", "operating_pressure_bar": 4.0, "status": "aktif", "install_year": 2005, "district": "Yenimahalle", "source": "synthetic_demo_yenimahalle_osm_20260721", "osm_highway": "secondary", "road_name": "3585. Cadde", "synthetic_notice": "Gerçek altyapı değildir; eğitim ve demo amaçlı sentetik veridir."}, "geometry": {"type": "MultiLineString", "coordinates": [[[32.7728306, 40.0287723], [32.7730408, 40.028755], [32.7733554, 40.0287291], [32.7738114, 40.0286858], [32.7748118, 40.0285523], [32.7753569, 40.0284633], [32.7758311, 40.0283859], [32.7761637, 40.0283387], [32.7764185, 40.0282996], [32.7766125, 40.0282506]]]}}, {"type": "Feature", "properties": {"pipe_code": "YMH-OSM-P-0602", "pipe_type": "main_line", "diameter_mm": 400, "material": "çelik", "pressure_level": "medium", "operating_pressure_bar": 4.0, "status": "aktif", "install_year": 2012, "district": "Yenimahalle", "source": "synthetic_demo_yenimahalle_osm_20260721", "osm_highway": "secondary", "road_name": "3847. Cadde", "synthetic_notice": "Gerçek altyapı değildir; eğitim ve demo amaçlı sentetik veridir."}, "geometry": {"type": "MultiLineString", "coordinates": [[[32.7766125, 40.0282506], [32.7767135, 40.0281271], [32.7768262, 40.0279957], [32.7770649, 40.0277903], [32.7777596, 40.0272974], [32.7787708, 40.0265785], [32.7791455, 40.0263241], [32.7797176, 40.0259356], [32.7803855, 40.0254797], [32.7813779, 40.0247669], [32.7821643, 40.0242666], [32.782837, 40.0238385], [32.7835129, 40.023401], [32.7837463, 40.023284], [32.7841003, 40.0231443], [32.7843159, 40.0230732], [32.7845845, 40.0229844]]]}}, {"type": "Feature", "properties": {"pipe_code": "YMH-OSM-P-0603", "pipe_type": "main_line", "diameter_mm": 250, "material": "çelik", "pressure_level": "medium", "operating_pressure_bar": 4.0, "status": "pasif", "install_year": 2019, "district": "Yenimahalle", "source": "synthetic_demo_yenimahalle_osm_20260721", "osm_highway": "secondary", "road_name": "3891. Cadde", "synthetic_notice": "Gerçek altyapı değildir; eğitim ve demo amaçlı sentetik veridir."}, "geometry": {"type": "MultiLineString", "coordinates": [[[32.7709247, 40.0271644], [32.7710787, 40.0273378], [32.7712179, 40.0274712], [32.7713835, 40.0276108], [32.7715446, 40.0277387], [32.7716802, 40.0278346], [32.7718569, 40.0279558], [32.7720133, 40.0280713], [32.772338, 40.0283422], [32.7728306, 40.0287723]]]}}, {"type": "Feature", "properties": {"pipe_code": "YMH-OSM-P-0604", "pipe_type": "main_line", "diameter_mm": 315, "material": "çelik", "pressure_level": "medium", "operating_pressure_bar": 4.0, "status": "aktif", "install_year": 1998, "district": "Yenimahalle", "source": "synthetic_demo_yenimahalle_osm_20260721", "osm_highway": "secondary", "road_name": "3563. Cadde", "synthetic_notice": "Gerçek altyapı değildir; eğitim ve demo amaçlı sentetik veridir."}, "geometry": {"type": "MultiLineString", "coordinates": [[[32.7757896, 40.0179493], [32.7756752, 40.0181896], [32.775507, 40.0184849], [32.7753564, 40.0187531], [32.7751684, 40.0190864], [32.7751408, 40.0191353], [32.775076, 40.0192321], [32.7750113, 40.0193099], [32.7749651, 40.0193618], [32.7748819, 40.0194303], [32.7747895, 40.0194987], [32.7747032, 40.0195506], [32.7745769, 40.0196214], [32.7743767, 40.0197299], [32.7741887, 40.019829], [32.7739053, 40.0200036], [32.7737481, 40.0201004], [32.7736156, 40.02019], [32.7734554, 40.0203057], [32.7732613, 40.0204732], [32.7731018, 40.0206154], [32.7730205, 40.0206963], [32.772931, 40.0207866], [32.7729094, 40.0208112], [32.7724391, 40.021347], [32.7720467, 40.0217989], [32.7712668, 40.022697], [32.7711327, 40.0228527], [32.7710401, 40.0229636], [32.7708409, 40.0232023], [32.7707442, 40.0233234], [32.7706733, 40.0234286], [32.7706082, 40.0235469], [32.7705391, 40.0236933], [32.7704944, 40.0238303], [32.7704537, 40.0240108], [32.7704131, 40.0242007], [32.7703846, 40.0243937], [32.7703413, 40.024718], [32.7703126, 40.0249408], [32.7702988, 40.0250486], [32.7702669, 40.0255202], [32.7702669, 40.0256801], [32.770274, 40.0257966], [32.7703023, 40.0259131], [32.7703377, 40.0260215], [32.7704758, 40.026382], [32.7705654, 40.0265967], [32.7706218, 40.0267055], [32.7706826, 40.0268092], [32.7707597, 40.0269218], [32.7708256, 40.0270116], [32.7709061, 40.0271122], [32.7709247, 40.0271644]]]}}, {"type": "Feature", "properties": {"pipe_code": "YMH-OSM-P-0605", "pipe_type": "main_line", "diameter_mm": 400, "material": "çelik", "pressure_level": "medium", "operating_pressure_bar": 4.0, "status": "aktif", "install_year": 2005, "district": "Yenimahalle", "source": "synthetic_demo_yenimahalle_osm_20260721", "osm_highway": "secondary", "road_name": "3832. Cadde", "synthetic_notice": "Gerçek altyapı değildir; eğitim ve demo amaçlı sentetik veridir."}, "geometry": {"type": "MultiLineString", "coordinates": [[[32.7859801, 40.021166], [32.7857971, 40.0210426], [32.7855451, 40.0209305], [32.7848499, 40.0206783], [32.7836506, 40.0202207], [32.7802437, 40.0189379], [32.7796461, 40.0187324], [32.7790891, 40.0185954], [32.7776499, 40.0182716], [32.7765726, 40.0180693], [32.7760513, 40.0179855], [32.7757896, 40.0179493]]]}}, {"type": "Feature", "properties": {"pipe_code": "YMH-OSM-P-0606", "pipe_type": "main_line", "diameter_mm": 250, "material": "çelik", "pressure_level": "medium", "operating_pressure_bar": 4.0, "status": "aktif", "install_year": 2012, "district": "Yenimahalle", "source": "synthetic_demo_yenimahalle_osm_20260721", "osm_highway": "secondary", "road_name": "3847. Cadde", "synthetic_notice": "Gerçek altyapı değildir; eğitim ve demo amaçlı sentetik veridir."}, "geometry": {"type": "MultiLineString", "coordinates": [[[32.7847001, 40.0229429], [32.7849104, 40.0228567], [32.7850659, 40.022754], [32.7852081, 40.0226144], [32.7853422, 40.0224336], [32.7858652, 40.0215052], [32.7859801, 40.021166]]]}}, {"type": "Feature", "properties": {"pipe_code": "YMH-OSM-P-0607", "pipe_type": "main_line", "diameter_mm": 315, "material": "çelik", "pressure_level": "medium", "operating_pressure_bar": 4.0, "status": "aktif", "install_year": 2019, "district": "Yenimahalle", "source": "synthetic_demo_yenimahalle_osm_20260721", "osm_highway": "secondary", "road_name": "3563. Cadde", "synthetic_notice": "Gerçek altyapı değildir; eğitim ve demo amaçlı sentetik veridir."}, "geometry": {"type": "MultiLineString", "coordinates": [[[32.7709247, 40.0271644], [32.7709193, 40.0272219], [32.7708979, 40.0272794], [32.7708714, 40.0273292], [32.7708335, 40.0274006], [32.7707781, 40.0274831], [32.770703, 40.0275796], [32.7704961, 40.0278448]]]}}, {"type": "Feature", "properties": {"pipe_code": "YMH-OSM-P-0608", "pipe_type": "main_line", "diameter_mm": 400, "material": "çelik", "pressure_level": "medium", "operating_pressure_bar": 4.0, "status": "aktif", "install_year": 1998, "district": "Yenimahalle", "source": "synthetic_demo_yenimahalle_osm_20260721", "osm_highway": "secondary", "road_name": "3563. Cadde", "synthetic_notice": "Gerçek altyapı değildir; eğitim ve demo amaçlı sentetik veridir."}, "geometry": {"type": "MultiLineString", "coordinates": [[[32.7708771, 40.0304974], [32.770872, 40.030359], [32.7708568, 40.0302337], [32.7707837, 40.0296304], [32.7706861, 40.0290765], [32.7705808, 40.0284879], [32.7705246, 40.0281737], [32.7705089, 40.0280407], [32.7705009, 40.0279197], [32.7704961, 40.0278448]]]}}, {"type": "Feature", "properties": {"pipe_code": "YMH-OSM-P-0609", "pipe_type": "main_line", "diameter_mm": 250, "material": "çelik", "pressure_level": "medium", "operating_pressure_bar": 4.0, "status": "aktif", "install_year": 2005, "district": "Yenimahalle", "source": "synthetic_demo_yenimahalle_osm_20260721", "osm_highway": "secondary", "road_name": "3563. Cadde", "synthetic_notice": "Gerçek altyapı değildir; eğitim ve demo amaçlı sentetik veridir."}, "geometry": {"type": "MultiLineString", "coordinates": [[[32.7704961, 40.0278448], [32.770527, 40.0275413], [32.7705432, 40.0273818], [32.7705456, 40.0272012], [32.7705407, 40.0271154], [32.7705386, 40.0270796], [32.7705229, 40.0268916]]]}}, {"type": "Feature", "properties": {"pipe_code": "YMH-OSM-P-0610", "pipe_type": "main_line", "diameter_mm": 315, "material": "çelik", "pressure_level": "medium", "operating_pressure_bar": 4.0, "status": "aktif", "install_year": 2012, "district": "Yenimahalle", "source": "synthetic_demo_yenimahalle_osm_20260721", "osm_highway": "secondary", "road_name": "3832. Cadde", "synthetic_notice": "Gerçek altyapı değildir; eğitim ve demo amaçlı sentetik veridir."}, "geometry": {"type": "MultiLineString", "coordinates": [[[32.7859801, 40.021166], [32.7859689, 40.0211158], [32.7859793, 40.0210655], [32.7860104, 40.0210204], [32.7860588, 40.0209854], [32.7861193, 40.0209643], [32.7861841, 40.0209591], [32.7862477, 40.0209698], [32.7863037, 40.0209954], [32.7863462, 40.0210332], [32.786371, 40.0210794]]]}}, {"type": "Feature", "properties": {"pipe_code": "YMH-OSM-P-0611", "pipe_type": "main_line", "diameter_mm": 400, "material": "çelik", "pressure_level": "medium", "operating_pressure_bar": 4.0, "status": "aktif", "install_year": 2019, "district": "Yenimahalle", "source": "synthetic_demo_yenimahalle_osm_20260721", "osm_highway": "secondary", "road_name": "3832. Cadde", "synthetic_notice": "Gerçek altyapı değildir; eğitim ve demo amaçlı sentetik veridir."}, "geometry": {"type": "MultiLineString", "coordinates": [[[32.786371, 40.0210794], [32.7868182, 40.021262], [32.7871787, 40.0214092], [32.7891159, 40.0221756], [32.7905937, 40.0227603], [32.7915084, 40.0231215], [32.7916751, 40.0232242], [32.7917727, 40.0233799], [32.7918174, 40.0235978]]]}}, {"type": "Feature", "properties": {"pipe_code": "YMH-OSM-P-0612", "pipe_type": "main_line", "diameter_mm": 250, "material": "çelik", "pressure_level": "medium", "operating_pressure_bar": 4.0, "status": "aktif", "install_year": 1998, "district": "Yenimahalle", "source": "synthetic_demo_yenimahalle_osm_20260721", "osm_highway": "secondary", "road_name": "Kırandağ Caddesi", "synthetic_notice": "Gerçek altyapı değildir; eğitim ve demo amaçlı sentetik veridir."}, "geometry": {"type": "MultiLineString", "coordinates": [[[32.7918174, 40.0235978], [32.7917912, 40.023948], [32.7916946, 40.02433], [32.7915534, 40.0245021], [32.7913405, 40.0247614], [32.7912762, 40.0250489], [32.7911528, 40.0256405], [32.7910209, 40.0260208], [32.7909919, 40.0261046], [32.7906868, 40.0266842], [32.7904469, 40.0273939], [32.7902396, 40.0279418], [32.7902138, 40.0279992], [32.7896995, 40.0291449], [32.7894341, 40.0297791], [32.7892273, 40.0302735], [32.789174, 40.0304112], [32.789067, 40.0307013], [32.7888468, 40.0312566]]]}}, {"type": "Feature", "properties": {"pipe_code": "YMH-OSM-P-0613", "pipe_type": "main_line", "diameter_mm": 315, "material": "çelik", "pressure_level": "medium", "operating_pressure_bar": 4.0, "status": "aktif", "install_year": 2005, "district": "Yenimahalle", "source": "synthetic_demo_yenimahalle_osm_20260721", "osm_highway": "secondary", "road_name": "Kırandağ Caddesi", "synthetic_notice": "Gerçek altyapı değildir; eğitim ve demo amaçlı sentetik veridir."}, "geometry": {"type": "MultiLineString", "coordinates": [[[32.7880956, 40.0330744], [32.7884792, 40.0322066], [32.7888468, 40.0312566]]]}}, {"type": "Feature", "properties": {"pipe_code": "YMH-OSM-P-0614", "pipe_type": "main_line", "diameter_mm": 400, "material": "çelik", "pressure_level": "medium", "operating_pressure_bar": 4.0, "status": "aktif", "install_year": 2012, "district": "Yenimahalle", "source": "synthetic_demo_yenimahalle_osm_20260721", "osm_highway": "secondary", "road_name": "Kırandağ Caddesi", "synthetic_notice": "Gerçek altyapı değildir; eğitim ve demo amaçlı sentetik veridir."}, "geometry": {"type": "MultiLineString", "coordinates": [[[32.7888468, 40.0312566], [32.7889345, 40.031472], [32.7883007, 40.0330285]]]}}, {"type": "Feature", "properties": {"pipe_code": "YMH-OSM-P-0615", "pipe_type": "main_line", "diameter_mm": 250, "material": "çelik", "pressure_level": "medium", "operating_pressure_bar": 4.0, "status": "bakımda", "install_year": 2019, "district": "Yenimahalle", "source": "synthetic_demo_yenimahalle_osm_20260721", "osm_highway": "secondary", "road_name": "Adsız yol", "synthetic_notice": "Gerçek altyapı değildir; eğitim ve demo amaçlı sentetik veridir."}, "geometry": {"type": "MultiLineString", "coordinates": [[[32.7766125, 40.0282506], [32.7766718, 40.0282296], [32.7767367, 40.0282238], [32.7768007, 40.0282339], [32.7768574, 40.0282588], [32.776901, 40.028296], [32.7769271, 40.0283412], [32.7769337, 40.0283903], [32.7769201, 40.0284386], [32.7768877, 40.0284813], [32.7768396, 40.0285143]]]}}, {"type": "Feature", "properties": {"pipe_code": "YMH-OSM-P-0616", "pipe_type": "main_line", "diameter_mm": 315, "material": "çelik", "pressure_level": "medium", "operating_pressure_bar": 4.0, "status": "aktif", "install_year": 1998, "district": "Yenimahalle", "source": "synthetic_demo_yenimahalle_osm_20260721", "osm_highway": "secondary", "road_name": "4071. Cadde", "synthetic_notice": "Gerçek altyapı değildir; eğitim ve demo amaçlı sentetik veridir."}, "geometry": {"type": "MultiLineString", "coordinates": [[[32.7877782, 40.0335157], [32.7877146, 40.0334599], [32.787556, 40.0333789], [32.7874182, 40.0333068], [32.7848147, 40.0321144], [32.7839271, 40.0316897], [32.7833074, 40.0314045], [32.7821246, 40.0308536], [32.779942, 40.0298521], [32.7782772, 40.0290691], [32.7774682, 40.028666], [32.7771917, 40.0285679], [32.7769478, 40.0285275], [32.7768396, 40.0285143]]]}}, {"type": "Feature", "properties": {"pipe_code": "YMH-OSM-P-0617", "pipe_type": "main_line", "diameter_mm": 400, "material": "çelik", "pressure_level": "medium", "operating_pressure_bar": 4.0, "status": "aktif", "install_year": 2005, "district": "Yenimahalle", "source": "synthetic_demo_yenimahalle_osm_20260721", "osm_highway": "secondary", "road_name": "Kırandağ Caddesi", "synthetic_notice": "Gerçek altyapı değildir; eğitim ve demo amaçlı sentetik veridir."}, "geometry": {"type": "MultiLineString", "coordinates": [[[32.7875249, 40.0370965], [32.7875143, 40.0370605], [32.7874607, 40.0368407], [32.7873882, 40.0364875], [32.7873561, 40.0361528], [32.7873606, 40.0359142], [32.7874483, 40.0354847], [32.787584, 40.0349802], [32.7877289, 40.0343148], [32.7877745, 40.0340252], [32.7877996, 40.0336772], [32.7877782, 40.0335157]]]}}, {"type": "Feature", "properties": {"pipe_code": "YMH-OSM-P-0618", "pipe_type": "main_line", "diameter_mm": 250, "material": "çelik", "pressure_level": "medium", "operating_pressure_bar": 4.0, "status": "aktif", "install_year": 2012, "district": "Yenimahalle", "source": "synthetic_demo_yenimahalle_osm_20260721", "osm_highway": "secondary", "road_name": "Kırandağ Caddesi", "synthetic_notice": "Gerçek altyapı değildir; eğitim ve demo amaçlı sentetik veridir."}, "geometry": {"type": "MultiLineString", "coordinates": [[[32.7936497, 40.0419935], [32.7934742, 40.0418451], [32.7931684, 40.0416234], [32.7922055, 40.0410648], [32.7911219, 40.0404262], [32.7898264, 40.0396787], [32.7894455, 40.0394528], [32.7891049, 40.0392311], [32.7888635, 40.0390586], [32.7885979, 40.0388306], [32.7884075, 40.0386417], [32.7882707, 40.0384877], [32.7880937, 40.0382598], [32.7879756, 40.0380955], [32.7878576, 40.037923], [32.7877316, 40.0376786], [32.7876082, 40.0373808], [32.7875249, 40.0370965]]]}}, {"type": "Feature", "properties": {"pipe_code": "YMH-OSM-P-0619", "pipe_type": "main_line", "diameter_mm": 315, "material": "çelik", "pressure_level": "medium", "operating_pressure_bar": 4.0, "status": "aktif", "install_year": 2019, "district": "Yenimahalle", "source": "synthetic_demo_yenimahalle_osm_20260721", "osm_highway": "secondary", "road_name": "Kırandağ Caddesi", "synthetic_notice": "Gerçek altyapı değildir; eğitim ve demo amaçlı sentetik veridir."}, "geometry": {"type": "MultiLineString", "coordinates": [[[32.7948126, 40.043223], [32.7943566, 40.0426973], [32.7939784, 40.0422764], [32.7937317, 40.0420628], [32.7936497, 40.0419935]]]}}, {"type": "Feature", "properties": {"pipe_code": "YMH-OSM-P-0620", "pipe_type": "main_line", "diameter_mm": 400, "material": "çelik", "pressure_level": "medium", "operating_pressure_bar": 4.0, "status": "aktif", "install_year": 1998, "district": "Yenimahalle", "source": "synthetic_demo_yenimahalle_osm_20260721", "osm_highway": "secondary", "road_name": "3847. Cadde", "synthetic_notice": "Gerçek altyapı değildir; eğitim ve demo amaçlı sentetik veridir."}, "geometry": {"type": "MultiLineString", "coordinates": [[[32.7768396, 40.0285143], [32.776838, 40.0286349], [32.7768075, 40.0287796], [32.7767784, 40.0288981], [32.7767128, 40.0291654]]]}}, {"type": "Feature", "properties": {"pipe_code": "YMH-OSM-P-0621", "pipe_type": "main_line", "diameter_mm": 250, "material": "çelik", "pressure_level": "medium", "operating_pressure_bar": 4.0, "status": "aktif", "install_year": 2005, "district": "Yenimahalle", "source": "synthetic_demo_yenimahalle_osm_20260721", "osm_highway": "secondary", "road_name": "3847. Cadde", "synthetic_notice": "Gerçek altyapı değildir; eğitim ve demo amaçlı sentetik veridir."}, "geometry": {"type": "MultiLineString", "coordinates": [[[32.7767128, 40.0291654], [32.7766171, 40.0288708], [32.77655, 40.0286607], [32.7765388, 40.028564], [32.7765544, 40.0284673]]]}}, {"type": "Feature", "properties": {"pipe_code": "YMH-OSM-P-0622", "pipe_type": "main_line", "diameter_mm": 315, "material": "çelik", "pressure_level": "medium", "operating_pressure_bar": 4.0, "status": "aktif", "install_year": 2012, "district": "Yenimahalle", "source": "synthetic_demo_yenimahalle_osm_20260721", "osm_highway": "secondary", "road_name": "3585. Cadde", "synthetic_notice": "Gerçek altyapı değildir; eğitim ve demo amaçlı sentetik veridir."}, "geometry": {"type": "MultiLineString", "coordinates": [[[32.7765544, 40.0284673], [32.7762593, 40.0284537], [32.7760723, 40.0284662], [32.7755987, 40.0285269], [32.7752526, 40.0285765], [32.7749219, 40.0286239], [32.7739277, 40.0287666], [32.7735537, 40.0288397], [32.7732655, 40.0289232], [32.7730315, 40.028996]]]}}, {"type": "Feature", "properties": {"pipe_code": "YMH-OSM-P-0623", "pipe_type": "main_line", "diameter_mm": 400, "material": "çelik", "pressure_level": "medium", "operating_pressure_bar": 4.0, "status": "aktif", "install_year": 2019, "district": "Yenimahalle", "source": "synthetic_demo_yenimahalle_osm_20260721", "osm_highway": "secondary", "road_name": "3891. Cadde", "synthetic_notice": "Gerçek altyapı değildir; eğitim ve demo amaçlı sentetik veridir."}, "geometry": {"type": "MultiLineString", "coordinates": [[[32.7730315, 40.028996], [32.7732229, 40.0295973], [32.773337, 40.0301209], [32.7734149, 40.0305112], [32.773475, 40.0308499], [32.7734928, 40.0310148], [32.7734945, 40.031187], [32.7734892, 40.0313702], [32.7734772, 40.0314616], [32.7734679, 40.0315328], [32.7734255, 40.0317252], [32.7733718, 40.0319021], [32.7733249, 40.0320278], [32.7732212, 40.0322782], [32.77315, 40.032437], [32.7730301, 40.0326502], [32.7724672, 40.033655], [32.7724088, 40.0337639], [32.7723391, 40.0339052], [32.7720909, 40.0343986], [32.7720116, 40.0345522], [32.771939, 40.0347011], [32.7718834, 40.0348287], [32.7717344, 40.0351961], [32.7714458, 40.0359079], [32.771299, 40.0362892], [32.7711494, 40.0366982], [32.7710982, 40.0368618], [32.7710725, 40.0369927], [32.7710573, 40.0371034]]]}}, {"type": "Feature", "properties": {"pipe_code": "YMH-OSM-P-0624", "pipe_type": "main_line", "diameter_mm": 250, "material": "çelik", "pressure_level": "medium", "operating_pressure_bar": 4.0, "status": "aktif", "install_year": 1998, "district": "Yenimahalle", "source": "synthetic_demo_yenimahalle_osm_20260721", "osm_highway": "secondary", "road_name": "3891. Cadde", "synthetic_notice": "Gerçek altyapı değildir; eğitim ve demo amaçlı sentetik veridir."}, "geometry": {"type": "MultiLineString", "coordinates": [[[32.7710573, 40.0371034], [32.7710482, 40.0371697], [32.7710255, 40.0373362], [32.7709999, 40.037562], [32.7709977, 40.0376705], [32.7709956, 40.0377714], [32.7710426, 40.038043], [32.7711819, 40.0388807], [32.7712477, 40.0392765], [32.7713033, 40.0397281], [32.7713189, 40.0398513], [32.7713247, 40.039997], [32.7713118, 40.0401665], [32.7712862, 40.0403367], [32.7712608, 40.0404429], [32.771228, 40.0405405], [32.7711452, 40.0407751], [32.7710503, 40.0409897]]]}}, {"type": "Feature", "properties": {"pipe_code": "YMH-OSM-P-0625", "pipe_type": "main_line", "diameter_mm": 315, "material": "çelik", "pressure_level": "medium", "operating_pressure_bar": 4.0, "status": "aktif", "install_year": 2005, "district": "Yenimahalle", "source": "synthetic_demo_yenimahalle_osm_20260721", "osm_highway": "secondary", "road_name": "3891. Cadde", "synthetic_notice": "Gerçek altyapı değildir; eğitim ve demo amaçlı sentetik veridir."}, "geometry": {"type": "MultiLineString", "coordinates": [[[32.7710503, 40.0409897], [32.7706836, 40.0417992], [32.7706271, 40.0419604], [32.7705972, 40.0421109], [32.7705715, 40.0422941], [32.7705544, 40.0426082], [32.770486, 40.0435407], [32.7704737, 40.0438562], [32.770439, 40.0443782], [32.7704148, 40.0449492], [32.7704148, 40.045124], [32.7704247, 40.0452893], [32.7704468, 40.045528], [32.7704738, 40.0459395], [32.7704958, 40.0465258], [32.7705032, 40.0467813], [32.7705105, 40.0474634], [32.7704664, 40.0476419]]]}}, {"type": "Feature", "properties": {"pipe_code": "YMH-OSM-P-0626", "pipe_type": "main_line", "diameter_mm": 400, "material": "çelik", "pressure_level": "medium", "operating_pressure_bar": 4.0, "status": "aktif", "install_year": 2012, "district": "Yenimahalle", "source": "synthetic_demo_yenimahalle_osm_20260721", "osm_highway": "secondary", "road_name": "3602. Cadde", "synthetic_notice": "Gerçek altyapı değildir; eğitim ve demo amaçlı sentetik veridir."}, "geometry": {"type": "MultiLineString", "coordinates": [[[32.7704664, 40.0476419], [32.770477, 40.0480912], [32.7704843, 40.0482066], [32.7704994, 40.0483304], [32.7705604, 40.0486803], [32.7705928, 40.0488973], [32.7706382, 40.0493312], [32.7706803, 40.0498667], [32.7706871, 40.0500115], [32.7706773, 40.0501305], [32.7706514, 40.0502768], [32.7705769, 40.0505247], [32.7704377, 40.050909], [32.7702952, 40.0512362], [32.7702142, 40.0514048], [32.7699907, 40.051861], [32.7699204, 40.0520045], [32.7697672, 40.0523172], [32.7697186, 40.0524387], [32.7696636, 40.0525825], [32.7695812, 40.052798], [32.7693915, 40.053294], [32.7690255, 40.0542063], [32.7689775, 40.0543216], [32.7689236, 40.0544178], [32.7688851, 40.0544767], [32.7688352, 40.0545418], [32.7687738, 40.0546113], [32.7685112, 40.0548687], [32.76834, 40.0550304], [32.7681669, 40.0551792], [32.7679425, 40.0553411], [32.7677946, 40.0554651], [32.7675774, 40.0555724], [32.767254, 40.0556717], [32.7668925, 40.0557622], [32.7661839, 40.0559152], [32.7655471, 40.0560722], [32.7647944, 40.056255], [32.7647093, 40.0562757], [32.7642378, 40.0563934], [32.76394, 40.0564752], [32.7637712, 40.0565341], [32.7636472, 40.0565799], [32.7635676, 40.0566223], [32.7635079, 40.0566629], [32.7634416, 40.0567237], [32.7633603, 40.0568338], [32.7632716, 40.0569293], [32.7629992, 40.0571527], [32.7627877, 40.0573008], [32.7626709, 40.0573678], [32.7625583, 40.0574107], [32.762421, 40.0574497], [32.7622957, 40.0574767], [32.7620993, 40.0575174], [32.7611438, 40.0576524], [32.7598023, 40.0579352], [32.757922, 40.058379], [32.7572775, 40.0585395], [32.7564122, 40.0587636], [32.7556783, 40.0589469], [32.7555104, 40.0589944], [32.7553889, 40.0590347], [32.7553562, 40.0590464], [32.7552353, 40.0590898]]]}}, {"type": "Feature", "properties": {"pipe_code": "YMH-OSM-P-0627", "pipe_type": "main_line", "diameter_mm": 250, "material": "çelik", "pressure_level": "medium", "operating_pressure_bar": 4.0, "status": "aktif", "install_year": 2019, "district": "Yenimahalle", "source": "synthetic_demo_yenimahalle_osm_20260721", "osm_highway": "secondary", "road_name": "3602. Cadde", "synthetic_notice": "Gerçek altyapı değildir; eğitim ve demo amaçlı sentetik veridir."}, "geometry": {"type": "MultiLineString", "coordinates": [[[32.7552353, 40.0590898], [32.7550011, 40.0592212], [32.7548547, 40.0593034], [32.7546796, 40.0593965], [32.7537928, 40.059868], [32.7535782, 40.0600257], [32.7533979, 40.060249], [32.7532287, 40.0605336], [32.7524023, 40.0619242], [32.7521963, 40.0625811], [32.7521191, 40.0630015], [32.752059, 40.0631723], [32.7518722, 40.0634059], [32.7516308, 40.0637005], [32.7515783, 40.0638029], [32.7514511, 40.0640966], [32.7513438, 40.0643235], [32.7513252, 40.0644237], [32.7513251, 40.0645359], [32.7513801, 40.0646603], [32.7514375, 40.0647774], [32.7515276, 40.0649998], [32.7516428, 40.0651867], [32.7517425, 40.0653599], [32.7517757, 40.0655502], [32.7516782, 40.0657992], [32.7516396, 40.0659126], [32.7516544, 40.0659912], [32.751697, 40.0660557], [32.7517873, 40.0661368], [32.7518946, 40.0661895], [32.752018, 40.0662229], [32.7521823, 40.0662304], [32.7524298, 40.0662121], [32.7526136, 40.0662295], [32.7527586, 40.0662635], [32.7533102, 40.0664943], [32.7538445, 40.0667327], [32.7541751, 40.0668537], [32.7543463, 40.0669474]]]}}, {"type": "Feature", "properties": {"pipe_code": "YMH-OSM-P-0628", "pipe_type": "main_line", "diameter_mm": 315, "material": "çelik", "pressure_level": "medium", "operating_pressure_bar": 4.0, "status": "aktif", "install_year": 1998, "district": "Yenimahalle", "source": "synthetic_demo_yenimahalle_osm_20260721", "osm_highway": "secondary", "road_name": "3891. Cadde", "synthetic_notice": "Gerçek altyapı değildir; eğitim ve demo amaçlı sentetik veridir."}, "geometry": {"type": "MultiLineString", "coordinates": [[[32.7704664, 40.0476419], [32.77041, 40.0474596], [32.7703977, 40.0469241], [32.7703584, 40.045699], [32.7703481, 40.0455521], [32.7703191, 40.0451409], [32.7703108, 40.0449802], [32.7703236, 40.0446661], [32.7703536, 40.0438646], [32.770439, 40.0429452], [32.7704775, 40.0425035], [32.7704946, 40.0423105], [32.7705202, 40.042124], [32.7705459, 40.0419571], [32.7705801, 40.0418164], [32.7706741, 40.0415547], [32.770891, 40.0410123], [32.7709391, 40.0408807], [32.7710929, 40.040416], [32.7711314, 40.0402459], [32.7711485, 40.0400987], [32.7711485, 40.0399318], [32.7711485, 40.0398009], [32.7709952, 40.0387015], [32.7708634, 40.0380085]]]}}, {"type": "Feature", "properties": {"pipe_code": "YMH-OSM-P-0629", "pipe_type": "main_line", "diameter_mm": 400, "material": "çelik", "pressure_level": "medium", "operating_pressure_bar": 4.0, "status": "aktif", "install_year": 2005, "district": "Yenimahalle", "source": "synthetic_demo_yenimahalle_osm_20260721", "osm_highway": "secondary", "road_name": "Adsız yol", "synthetic_notice": "Gerçek altyapı değildir; eğitim ve demo amaçlı sentetik veridir."}, "geometry": {"type": "MultiLineString", "coordinates": [[[32.7708634, 40.0380085], [32.7707443, 40.0386789], [32.7706671, 40.0389483], [32.7706376, 40.0390147], [32.7702551, 40.0398749], [32.7702112, 40.0400072], [32.7699718, 40.0407291], [32.7698345, 40.0410051], [32.7696913, 40.0411739]]]}}, {"type": "Feature", "properties": {"pipe_code": "YMH-OSM-P-0630", "pipe_type": "main_line", "diameter_mm": 250, "material": "çelik", "pressure_level": "medium", "operating_pressure_bar": 4.0, "status": "aktif", "install_year": 2012, "district": "Yenimahalle", "source": "synthetic_demo_yenimahalle_osm_20260721", "osm_highway": "secondary", "road_name": "3891. Cadde", "synthetic_notice": "Gerçek altyapı değildir; eğitim ve demo amaçlı sentetik veridir."}, "geometry": {"type": "MultiLineString", "coordinates": [[[32.7708634, 40.0380085], [32.77083, 40.0378331], [32.7708106, 40.0376694], [32.7708074, 40.0375132], [32.7708236, 40.037347], [32.7708397, 40.0372255], [32.770874, 40.0370696]]]}}, {"type": "Feature", "properties": {"pipe_code": "YMH-OSM-P-0631", "pipe_type": "main_line", "diameter_mm": 315, "material": "çelik", "pressure_level": "medium", "operating_pressure_bar": 4.0, "status": "aktif", "install_year": 2019, "district": "Yenimahalle", "source": "synthetic_demo_yenimahalle_osm_20260721", "osm_highway": "secondary", "road_name": "3891. Cadde", "synthetic_notice": "Gerçek altyapı değildir; eğitim ve demo amaçlı sentetik veridir."}, "geometry": {"type": "MultiLineString", "coordinates": [[[32.770874, 40.0370696], [32.7708948, 40.0369751], [32.7709207, 40.0368759], [32.7709499, 40.0367841], [32.7709938, 40.0366645], [32.7713078, 40.0358527], [32.7715683, 40.0351721], [32.7717051, 40.0348303], [32.7717852, 40.0346335], [32.7718077, 40.0345783], [32.7719872, 40.0341824], [32.7721499, 40.0338478]]]}}, {"type": "Feature", "properties": {"pipe_code": "YMH-OSM-P-0632", "pipe_type": "main_line", "diameter_mm": 400, "material": "çelik", "pressure_level": "medium", "operating_pressure_bar": 4.0, "status": "aktif", "install_year": 1998, "district": "Yenimahalle", "source": "synthetic_demo_yenimahalle_osm_20260721", "osm_highway": "secondary", "road_name": "3847. Cadde", "synthetic_notice": "Gerçek altyapı değildir; eğitim ve demo amaçlı sentetik veridir."}, "geometry": {"type": "MultiLineString", "coordinates": [[[32.7848507, 40.0232084], [32.7848128, 40.023228], [32.7847631, 40.0232416], [32.7847105, 40.0232447], [32.7846469, 40.0232337], [32.7845915, 40.0232074], [32.7845502, 40.0231688], [32.7845276, 40.023122], [32.784526, 40.0230721], [32.7845457, 40.0230245], [32.7845845, 40.0229844]]]}}, {"type": "Feature", "properties": {"pipe_code": "YMH-OSM-P-0633", "pipe_type": "main_line", "diameter_mm": 250, "material": "çelik", "pressure_level": "medium", "operating_pressure_bar": 4.0, "status": "aktif", "install_year": 2005, "district": "Yenimahalle", "source": "synthetic_demo_yenimahalle_osm_20260721", "osm_highway": "secondary", "road_name": "Kırandağ Caddesi", "synthetic_notice": "Gerçek altyapı değildir; eğitim ve demo amaçlı sentetik veridir."}, "geometry": {"type": "MultiLineString", "coordinates": [[[32.7883007, 40.0330285], [32.7882723, 40.0330995], [32.7881475, 40.0334095]]]}}, {"type": "Feature", "properties": {"pipe_code": "YMH-OSM-P-0634", "pipe_type": "main_line", "diameter_mm": 315, "material": "çelik", "pressure_level": "medium", "operating_pressure_bar": 4.0, "status": "aktif", "install_year": 2012, "district": "Yenimahalle", "source": "synthetic_demo_yenimahalle_osm_20260721", "osm_highway": "secondary", "road_name": "3847. Cadde", "synthetic_notice": "Gerçek altyapı değildir; eğitim ve demo amaçlı sentetik veridir."}, "geometry": {"type": "MultiLineString", "coordinates": [[[32.7847001, 40.0229429], [32.7847651, 40.0229456], [32.7848253, 40.0229643], [32.7848744, 40.022997], [32.784907, 40.02304], [32.7849196, 40.0230889], [32.7849109, 40.0231382], [32.7848817, 40.0231827], [32.7848507, 40.0232084]]]}}, {"type": "Feature", "properties": {"pipe_code": "YMH-OSM-P-0635", "pipe_type": "main_line", "diameter_mm": 400, "material": "çelik", "pressure_level": "medium", "operating_pressure_bar": 4.0, "status": "aktif", "install_year": 2019, "district": "Yenimahalle", "source": "synthetic_demo_yenimahalle_osm_20260721", "osm_highway": "secondary", "road_name": "4071. Cadde", "synthetic_notice": "Gerçek altyapı değildir; eğitim ve demo amaçlı sentetik veridir."}, "geometry": {"type": "MultiLineString", "coordinates": [[[32.7881475, 40.0334095], [32.7881857, 40.0334442], [32.7882997, 40.033526], [32.7883982, 40.0335912], [32.7885117, 40.0336599]]]}}, {"type": "Feature", "properties": {"pipe_code": "YMH-OSM-P-0636", "pipe_type": "main_line", "diameter_mm": 250, "material": "çelik", "pressure_level": "medium", "operating_pressure_bar": 4.0, "status": "aktif", "install_year": 1998, "district": "Yenimahalle", "source": "synthetic_demo_yenimahalle_osm_20260721", "osm_highway": "secondary", "road_name": "4071. Cadde", "synthetic_notice": "Gerçek altyapı değildir; eğitim ve demo amaçlı sentetik veridir."}, "geometry": {"type": "MultiLineString", "coordinates": [[[32.7885117, 40.0336599], [32.7887411, 40.0337618], [32.7889241, 40.033849], [32.7898406, 40.0342628]]]}}, {"type": "Feature", "properties": {"pipe_code": "YMH-OSM-P-0637", "pipe_type": "main_line", "diameter_mm": 315, "material": "çelik", "pressure_level": "medium", "operating_pressure_bar": 4.0, "status": "aktif", "install_year": 2005, "district": "Yenimahalle", "source": "synthetic_demo_yenimahalle_osm_20260721", "osm_highway": "secondary", "road_name": "4071. Cadde", "synthetic_notice": "Gerçek altyapı değildir; eğitim ve demo amaçlı sentetik veridir."}, "geometry": {"type": "MultiLineString", "coordinates": [[[32.7898406, 40.0342628], [32.7902512, 40.0344486], [32.7903686, 40.0345591]]]}}, {"type": "Feature", "properties": {"pipe_code": "YMH-OSM-P-0638", "pipe_type": "main_line", "diameter_mm": 400, "material": "çelik", "pressure_level": "medium", "operating_pressure_bar": 4.0, "status": "aktif", "install_year": 2012, "district": "Yenimahalle", "source": "synthetic_demo_yenimahalle_osm_20260721", "osm_highway": "secondary", "road_name": "4071. Cadde", "synthetic_notice": "Gerçek altyapı değildir; eğitim ve demo amaçlı sentetik veridir."}, "geometry": {"type": "MultiLineString", "coordinates": [[[32.7903686, 40.0345591], [32.7902466, 40.0345724], [32.7889525, 40.0339735], [32.7887249, 40.033877], [32.788546, 40.033807], [32.7883244, 40.0337291], [32.7881476, 40.0336715], [32.788008, 40.0336163]]]}}, {"type": "Feature", "properties": {"pipe_code": "YMH-OSM-P-0639", "pipe_type": "main_line", "diameter_mm": 250, "material": "çelik", "pressure_level": "medium", "operating_pressure_bar": 4.0, "status": "aktif", "install_year": 2019, "district": "Yenimahalle", "source": "synthetic_demo_yenimahalle_osm_20260721", "osm_highway": "secondary", "road_name": "Kırandağ Caddesi", "synthetic_notice": "Gerçek altyapı değildir; eğitim ve demo amaçlı sentetik veridir."}, "geometry": {"type": "MultiLineString", "coordinates": [[[32.788008, 40.0336163], [32.7879577, 40.033755], [32.7879131, 40.0339469], [32.7879046, 40.034027], [32.7878356, 40.0344183], [32.787762, 40.0347401], [32.7877072, 40.0349797], [32.7875484, 40.035584], [32.7875116, 40.0358378], [32.787505, 40.0359151], [32.78749, 40.0361185], [32.7875601, 40.0366209], [32.7875812, 40.0367355], [32.7876301, 40.0370017], [32.7876581, 40.0370929], [32.7878006, 40.0375576], [32.7879243, 40.0378169], [32.7881952, 40.0382298], [32.7884754, 40.0385659], [32.7888724, 40.0389091], [32.78928, 40.039218], [32.7893183, 40.039247], [32.7896242, 40.0394544], [32.7905302, 40.0399782], [32.7915459, 40.040561], [32.7929392, 40.041372], [32.7932329, 40.0415454], [32.7935267, 40.0417622], [32.7937382, 40.0419339], [32.7939797, 40.042128], [32.7942133, 40.0423556], [32.7946946, 40.0428785], [32.7948038, 40.0430046], [32.7949393, 40.043161]]]}}, {"type": "Feature", "properties": {"pipe_code": "YMH-OSM-P-0640", "pipe_type": "main_line", "diameter_mm": 315, "material": "çelik", "pressure_level": "medium", "operating_pressure_bar": 4.0, "status": "aktif", "install_year": 1998, "district": "Yenimahalle", "source": "synthetic_demo_yenimahalle_osm_20260721", "osm_highway": "secondary", "road_name": "3891. Cadde", "synthetic_notice": "Gerçek altyapı değildir; eğitim ve demo amaçlı sentetik veridir."}, "geometry": {"type": "MultiLineString", "coordinates": [[[32.7730315, 40.028996], [32.7730002, 40.029051], [32.7729448, 40.029096], [32.7728727, 40.0291241], [32.7727931, 40.0291321], [32.7727135, 40.0291183]]]}}, {"type": "Feature", "properties": {"pipe_code": "YMH-OSM-P-0641", "pipe_type": "main_line", "diameter_mm": 400, "material": "çelik", "pressure_level": "medium", "operating_pressure_bar": 4.0, "status": "aktif", "install_year": 2005, "district": "Yenimahalle", "source": "synthetic_demo_yenimahalle_osm_20260721", "osm_highway": "secondary", "road_name": "3891. Cadde", "synthetic_notice": "Gerçek altyapı değildir; eğitim ve demo amaçlı sentetik veridir."}, "geometry": {"type": "MultiLineString", "coordinates": [[[32.7722175, 40.0337081], [32.7722684, 40.0336049], [32.7723461, 40.0334625], [32.7725427, 40.0331124], [32.7728504, 40.0325626], [32.7729787, 40.0323335], [32.7730941, 40.0320783], [32.7731706, 40.0318851], [32.7732044, 40.031781], [32.7732428, 40.0316323], [32.773269, 40.0314835], [32.7732942, 40.0313008], [32.7733068, 40.0311338], [32.7733016, 40.0309935], [32.7732804, 40.0308364], [32.7732096, 40.0304759], [32.7731069, 40.0300911], [32.7730185, 40.0297551], [32.7729534, 40.0295636], [32.772901, 40.0294527], [32.7727135, 40.0291183]]]}}, {"type": "Feature", "properties": {"pipe_code": "YMH-OSM-P-0642", "pipe_type": "main_line", "diameter_mm": 250, "material": "çelik", "pressure_level": "medium", "operating_pressure_bar": 4.0, "status": "aktif", "install_year": 2012, "district": "Yenimahalle", "source": "synthetic_demo_yenimahalle_osm_20260721", "osm_highway": "secondary", "road_name": "3585. Cadde", "synthetic_notice": "Gerçek altyapı değildir; eğitim ve demo amaçlı sentetik veridir."}, "geometry": {"type": "MultiLineString", "coordinates": [[[32.7727135, 40.0291183], [32.77241, 40.0292446], [32.7722491, 40.0293308], [32.7721498, 40.0293863], [32.772017, 40.0294705], [32.7718947, 40.0295831], [32.7715396, 40.02991], [32.7712741, 40.0301195], [32.7711265, 40.0302407], [32.77103, 40.0303249], [32.7709441, 40.0304091], [32.7708771, 40.0304974], [32.7707993, 40.0306083], [32.7707349, 40.0307192], [32.7706384, 40.0308938], [32.7705903, 40.0310135], [32.7705343, 40.0311851], [32.7704649, 40.0314075], [32.7704199, 40.0315427], [32.7703428, 40.0317608], [32.7702891, 40.0318877], [32.7701817, 40.0320898], [32.7700673, 40.0322972], [32.7699108, 40.0326029], [32.7698338, 40.0327406], [32.7697824, 40.0328067], [32.7697194, 40.0328782], [32.7696754, 40.0329214]]]}}, {"type": "Feature", "properties": {"pipe_code": "YMH-OSM-P-0643", "pipe_type": "main_line", "diameter_mm": 315, "material": "çelik", "pressure_level": "medium", "operating_pressure_bar": 4.0, "status": "aktif", "install_year": 2019, "district": "Yenimahalle", "source": "synthetic_demo_yenimahalle_osm_20260721", "osm_highway": "secondary", "road_name": "3891. Cadde", "synthetic_notice": "Gerçek altyapı değildir; eğitim ve demo amaçlı sentetik veridir."}, "geometry": {"type": "MultiLineString", "coordinates": [[[32.7728306, 40.0287723], [32.7729018, 40.0287875], [32.7729684, 40.0288226], [32.7730156, 40.0288729], [32.7730379, 40.0289324], [32.7730315, 40.028996]]]}}, {"type": "Feature", "properties": {"pipe_code": "YMH-OSM-P-0644", "pipe_type": "main_line", "diameter_mm": 400, "material": "çelik", "pressure_level": "medium", "operating_pressure_bar": 4.0, "status": "aktif", "install_year": 1998, "district": "Yenimahalle", "source": "synthetic_demo_yenimahalle_osm_20260721", "osm_highway": "secondary", "road_name": "Kırandağ Caddesi", "synthetic_notice": "Gerçek altyapı değildir; eğitim ve demo amaçlı sentetik veridir."}, "geometry": {"type": "MultiLineString", "coordinates": [[[32.7879016, 40.0333266], [32.7880454, 40.0331466], [32.7880956, 40.0330744]]]}}, {"type": "Feature", "properties": {"pipe_code": "YMH-OSM-P-0645", "pipe_type": "main_line", "diameter_mm": 250, "material": "çelik", "pressure_level": "medium", "operating_pressure_bar": 4.0, "status": "aktif", "install_year": 2005, "district": "Yenimahalle", "source": "synthetic_demo_yenimahalle_osm_20260721", "osm_highway": "secondary", "road_name": "4071. Cadde", "synthetic_notice": "Gerçek altyapı değildir; eğitim ve demo amaçlı sentetik veridir."}, "geometry": {"type": "MultiLineString", "coordinates": [[[32.776901, 40.028296], [32.7771054, 40.0283508], [32.7774184, 40.0284909], [32.7774756, 40.0285187], [32.777831, 40.0286916], [32.779069, 40.0292909], [32.7801985, 40.0297987], [32.7833272, 40.0312234], [32.7839217, 40.031519], [32.784931, 40.0319877], [32.7861774, 40.0325664], [32.7874689, 40.0331446], [32.7875856, 40.0331969], [32.7878, 40.0332824], [32.7879016, 40.0333266]]]}}, {"type": "Feature", "properties": {"pipe_code": "YMH-OSM-P-0646", "pipe_type": "main_line", "diameter_mm": 315, "material": "çelik", "pressure_level": "medium", "operating_pressure_bar": 4.0, "status": "aktif", "install_year": 2012, "district": "Yenimahalle", "source": "synthetic_demo_yenimahalle_osm_20260721", "osm_highway": "secondary", "road_name": "3847. Cadde", "synthetic_notice": "Gerçek altyapı değildir; eğitim ve demo amaçlı sentetik veridir."}, "geometry": {"type": "MultiLineString", "coordinates": [[[32.7847105, 40.0232447], [32.7844171, 40.0232899], [32.7842117, 40.0233311], [32.7841403, 40.0233493], [32.7840015, 40.0233847], [32.7837596, 40.0234861], [32.7835643, 40.0236069], [32.7833571, 40.0237351], [32.7821343, 40.0245187], [32.7806454, 40.0254879], [32.7795763, 40.026199], [32.7789745, 40.0265993], [32.7778891, 40.0273682], [32.7774947, 40.0276733], [32.777243, 40.0279168], [32.7771857, 40.0279721], [32.776901, 40.028296]]]}}, {"type": "Feature", "properties": {"pipe_code": "YMH-OSM-P-0647", "pipe_type": "main_line", "diameter_mm": 400, "material": "çelik", "pressure_level": "medium", "operating_pressure_bar": 4.0, "status": "aktif", "install_year": 2019, "district": "Yenimahalle", "source": "synthetic_demo_yenimahalle_osm_20260721", "osm_highway": "secondary", "road_name": "Adsız yol", "synthetic_notice": "Gerçek altyapı değildir; eğitim ve demo amaçlı sentetik veridir."}, "geometry": {"type": "MultiLineString", "coordinates": [[[32.7881475, 40.0334095], [32.7881625, 40.033454], [32.7881612, 40.0334918], [32.7881484, 40.0335267], [32.7881255, 40.0335579], [32.788094, 40.0335839], [32.7880549, 40.0336037], [32.788008, 40.0336163]]]}}, {"type": "Feature", "properties": {"pipe_code": "YMH-OSM-P-0648", "pipe_type": "main_line", "diameter_mm": 250, "material": "çelik", "pressure_level": "medium", "operating_pressure_bar": 4.0, "status": "aktif", "install_year": 1998, "district": "Yenimahalle", "source": "synthetic_demo_yenimahalle_osm_20260721", "osm_highway": "secondary", "road_name": "Adsız yol", "synthetic_notice": "Gerçek altyapı değildir; eğitim ve demo amaçlı sentetik veridir."}, "geometry": {"type": "MultiLineString", "coordinates": [[[32.7758466, 40.0177335], [32.7758813, 40.0177746], [32.7758916, 40.0178125], [32.7758888, 40.0178523], [32.7758713, 40.0178897], [32.7758405, 40.0179217], [32.7757896, 40.0179493]]]}}, {"type": "Feature", "properties": {"pipe_code": "YMH-OSM-P-0649", "pipe_type": "main_line", "diameter_mm": 315, "material": "çelik", "pressure_level": "medium", "operating_pressure_bar": 4.0, "status": "aktif", "install_year": 2005, "district": "Yenimahalle", "source": "synthetic_demo_yenimahalle_osm_20260721", "osm_highway": "secondary", "road_name": "3832. Cadde", "synthetic_notice": "Gerçek altyapı değildir; eğitim ve demo amaçlı sentetik veridir."}, "geometry": {"type": "MultiLineString", "coordinates": [[[32.7758466, 40.0177335], [32.7759877, 40.017765], [32.7765609, 40.0179113], [32.7778427, 40.0181889], [32.7789474, 40.0184282], [32.779732, 40.0186119], [32.7802923, 40.0188078], [32.7804353, 40.0188578], [32.7835291, 40.0200316], [32.7855537, 40.0207882], [32.7859074, 40.0208971], [32.7861193, 40.0209643]]]}}, {"type": "Feature", "properties": {"pipe_code": "YMH-OSM-P-0650", "pipe_type": "main_line", "diameter_mm": 400, "material": "çelik", "pressure_level": "medium", "operating_pressure_bar": 4.0, "status": "aktif", "install_year": 2012, "district": "Yenimahalle", "source": "synthetic_demo_yenimahalle_osm_20260721", "osm_highway": "secondary", "road_name": "3847. Cadde", "synthetic_notice": "Gerçek altyapı değildir; eğitim ve demo amaçlı sentetik veridir."}, "geometry": {"type": "MultiLineString", "coordinates": [[[32.7861193, 40.0209643], [32.7862865, 40.0206927], [32.7865788, 40.0202059], [32.7867317, 40.0199471], [32.7869731, 40.0196472], [32.7871984, 40.0194151], [32.7873754, 40.0192775], [32.7877402, 40.0190597], [32.7882659, 40.0187003], [32.7887085, 40.0183469], [32.7890679, 40.0179526], [32.7893656, 40.0174863], [32.7902427, 40.0159867], [32.7906048, 40.0153992], [32.790865, 40.0150952]]]}}, {"type": "Feature", "properties": {"pipe_code": "YMH-OSM-P-0651", "pipe_type": "main_line", "diameter_mm": 250, "material": "çelik", "pressure_level": "medium", "operating_pressure_bar": 4.0, "status": "aktif", "install_year": 2019, "district": "Yenimahalle", "source": "synthetic_demo_yenimahalle_osm_20260721", "osm_highway": "secondary", "road_name": "3563. Cadde", "synthetic_notice": "Gerçek altyapı değildir; eğitim ve demo amaçlı sentetik veridir."}, "geometry": {"type": "MultiLineString", "coordinates": [[[32.7759715, 40.0151076], [32.7760322, 40.015426], [32.7760627, 40.0156179], [32.7760839, 40.0158429], [32.776091, 40.0159893], [32.776091, 40.0161275], [32.7760839, 40.0163227], [32.7760733, 40.016507], [32.7760521, 40.0167265], [32.776006, 40.017003], [32.7759848, 40.0171196], [32.7759417, 40.0173184], [32.7759001, 40.0174877], [32.7758466, 40.0177335]]]}}, {"type": "Feature", "properties": {"pipe_code": "YMH-OSM-P-0652", "pipe_type": "main_line", "diameter_mm": 315, "material": "çelik", "pressure_level": "medium", "operating_pressure_bar": 4.0, "status": "aktif", "install_year": 1998, "district": "Yenimahalle", "source": "synthetic_demo_yenimahalle_osm_20260721", "osm_highway": "primary", "road_name": "3563. Cadde", "synthetic_notice": "Gerçek altyapı değildir; eğitim ve demo amaçlı sentetik veridir."}, "geometry": {"type": "MultiLineString", "coordinates": [[[32.7756284, 40.0113376], [32.7756451, 40.0115592], [32.7756617, 40.0119703], [32.7756822, 40.0135906], [32.775728, 40.0139739], [32.7758022, 40.0143369], [32.7758377, 40.0144789], [32.7759075, 40.0148265], [32.7759715, 40.0151076]]]}}, {"type": "Feature", "properties": {"pipe_code": "YMH-OSM-P-0653", "pipe_type": "main_line", "diameter_mm": 400, "material": "çelik", "pressure_level": "medium", "operating_pressure_bar": 4.0, "status": "aktif", "install_year": 2005, "district": "Yenimahalle", "source": "synthetic_demo_yenimahalle_osm_20260721", "osm_highway": "primary", "road_name": "Anadolu Bulvarı", "synthetic_notice": "Gerçek altyapı değildir; eğitim ve demo amaçlı sentetik veridir."}, "geometry": {"type": "MultiLineString", "coordinates": [[[32.7725148, 40.0035833], [32.7722979, 40.004697], [32.7722837, 40.0047674], [32.7722037, 40.0051637], [32.7721388, 40.0055906], [32.7721283, 40.0057321], [32.7721121, 40.005951], [32.7720684, 40.0065439], [32.772071, 40.0066414], [32.772089, 40.0073078], [32.7721209, 40.0075635], [32.7722284, 40.0077282], [32.7723404, 40.0078802], [32.7727211, 40.0081185], [32.7743424, 40.0092438], [32.7746971, 40.0095469], [32.7751783, 40.0101147], [32.7752783, 40.0102675], [32.7755375, 40.0107992], [32.7755753, 40.0109146], [32.7756284, 40.0113376]]]}}, {"type": "Feature", "properties": {"pipe_code": "YMH-OSM-P-0654", "pipe_type": "main_line", "diameter_mm": 250, "material": "çelik", "pressure_level": "medium", "operating_pressure_bar": 4.0, "status": "aktif", "install_year": 2012, "district": "Yenimahalle", "source": "synthetic_demo_yenimahalle_osm_20260721", "osm_highway": "primary", "road_name": "Anadolu Bulvarı", "synthetic_notice": "Gerçek altyapı değildir; eğitim ve demo amaçlı sentetik veridir."}, "geometry": {"type": "MultiLineString", "coordinates": [[[32.7729737, 40.0007932], [32.7728056, 40.0019703], [32.7726608, 40.0027681], [32.7725448, 40.0034288], [32.7725148, 40.0035833]]]}}, {"type": "Feature", "properties": {"pipe_code": "YMH-OSM-P-0655", "pipe_type": "main_line", "diameter_mm": 315, "material": "çelik", "pressure_level": "medium", "operating_pressure_bar": 4.0, "status": "aktif", "install_year": 2019, "district": "Yenimahalle", "source": "synthetic_demo_yenimahalle_osm_20260721", "osm_highway": "primary", "road_name": "Anadolu Bulvarı", "synthetic_notice": "Gerçek altyapı değildir; eğitim ve demo amaçlı sentetik veridir."}, "geometry": {"type": "MultiLineString", "coordinates": [[[32.7730267, 39.9999526], [32.7729737, 40.0007932]]]}}, {"type": "Feature", "properties": {"pipe_code": "YMH-OSM-P-0656", "pipe_type": "main_line", "diameter_mm": 400, "material": "çelik", "pressure_level": "medium", "operating_pressure_bar": 4.0, "status": "bakımda", "install_year": 1998, "district": "Yenimahalle", "source": "synthetic_demo_yenimahalle_osm_20260721", "osm_highway": "primary", "road_name": "Anadolu Bulvarı", "synthetic_notice": "Gerçek altyapı değildir; eğitim ve demo amaçlı sentetik veridir."}, "geometry": {"type": "MultiLineString", "coordinates": [[[32.773045, 39.9954281], [32.7731043, 39.9971207], [32.7731085, 39.9977846], [32.7731052, 39.9979799], [32.7731012, 39.9982124], [32.7730699, 39.9988385], [32.7730267, 39.9999526]]]}}, {"type": "Feature", "properties": {"pipe_code": "YMH-OSM-P-0657", "pipe_type": "main_line", "diameter_mm": 250, "material": "çelik", "pressure_level": "medium", "operating_pressure_bar": 4.0, "status": "aktif", "install_year": 2005, "district": "Yenimahalle", "source": "synthetic_demo_yenimahalle_osm_20260721", "osm_highway": "primary", "road_name": "Anadolu Bulvarı", "synthetic_notice": "Gerçek altyapı değildir; eğitim ve demo amaçlı sentetik veridir."}, "geometry": {"type": "MultiLineString", "coordinates": [[[32.7725739, 39.9889621], [32.7726129, 39.9891374], [32.7726886, 39.9902034], [32.7727899, 39.9909351], [32.7728735, 39.9915389], [32.7728849, 39.9918288], [32.7730085, 39.9946537], [32.7730191, 39.9949547], [32.7730276, 39.9950646], [32.773045, 39.9954281]]]}}, {"type": "Feature", "properties": {"pipe_code": "YMH-OSM-P-0658", "pipe_type": "main_line", "diameter_mm": 315, "material": "çelik", "pressure_level": "medium", "operating_pressure_bar": 4.0, "status": "aktif", "install_year": 2012, "district": "Yenimahalle", "source": "synthetic_demo_yenimahalle_osm_20260721", "osm_highway": "primary", "road_name": "Anadolu Bulvarı", "synthetic_notice": "Gerçek altyapı değildir; eğitim ve demo amaçlı sentetik veridir."}, "geometry": {"type": "MultiLineString", "coordinates": [[[32.7723288, 39.9875765], [32.7725739, 39.9889621]]]}}, {"type": "Feature", "properties": {"pipe_code": "YMH-OSM-P-0659", "pipe_type": "main_line", "diameter_mm": 400, "material": "çelik", "pressure_level": "medium", "operating_pressure_bar": 4.0, "status": "aktif", "install_year": 2019, "district": "Yenimahalle", "source": "synthetic_demo_yenimahalle_osm_20260721", "osm_highway": "primary", "road_name": "Anadolu Bulvarı", "synthetic_notice": "Gerçek altyapı değildir; eğitim ve demo amaçlı sentetik veridir."}, "geometry": {"type": "MultiLineString", "coordinates": [[[32.7710559, 39.9752416], [32.7710635, 39.9762168], [32.7711431, 39.9778119], [32.771181, 39.979345], [32.771196, 39.9795643], [32.7712495, 39.9803463], [32.7712494, 39.9803929], [32.7712491, 39.9806314], [32.7712477, 39.9815462], [32.7712782, 39.9817279], [32.7712769, 39.982617], [32.7712968, 39.9831586], [32.7713157, 39.9836415], [32.7713489, 39.983859], [32.7713645, 39.9842686], [32.7714739, 39.9848067], [32.7715837, 39.9853106], [32.7717164, 39.9856826], [32.7718443, 39.986041], [32.7720276, 39.9865628], [32.7722384, 39.9872248], [32.7723288, 39.9875765]]]}}, {"type": "Feature", "properties": {"pipe_code": "YMH-OSM-P-0660", "pipe_type": "main_line", "diameter_mm": 250, "material": "çelik", "pressure_level": "medium", "operating_pressure_bar": 4.0, "status": "aktif", "install_year": 1998, "district": "Yenimahalle", "source": "synthetic_demo_yenimahalle_osm_20260721", "osm_highway": "primary", "road_name": "Anadolu Bulvarı", "synthetic_notice": "Gerçek altyapı değildir; eğitim ve demo amaçlı sentetik veridir."}, "geometry": {"type": "MultiLineString", "coordinates": [[[32.7710118, 39.9741075], [32.7710559, 39.9752416]]]}}, {"type": "Feature", "properties": {"pipe_code": "YMH-OSM-P-0661", "pipe_type": "main_line", "diameter_mm": 315, "material": "çelik", "pressure_level": "medium", "operating_pressure_bar": 4.0, "status": "aktif", "install_year": 2005, "district": "Yenimahalle", "source": "synthetic_demo_yenimahalle_osm_20260721", "osm_highway": "primary", "road_name": "Anadolu Bulvarı", "synthetic_notice": "Gerçek altyapı değildir; eğitim ve demo amaçlı sentetik veridir."}, "geometry": {"type": "MultiLineString", "coordinates": [[[32.7707616, 39.9716292], [32.770826, 39.972152], [32.7708815, 39.9725688], [32.7709672, 39.973361], [32.7710118, 39.9741075]]]}}, {"type": "Feature", "properties": {"pipe_code": "YMH-OSM-P-0662", "pipe_type": "main_line", "diameter_mm": 400, "material": "çelik", "pressure_level": "medium", "operating_pressure_bar": 4.0, "status": "aktif", "install_year": 2012, "district": "Yenimahalle", "source": "synthetic_demo_yenimahalle_osm_20260721", "osm_highway": "primary", "road_name": "Anadolu Bulvarı", "synthetic_notice": "Gerçek altyapı değildir; eğitim ve demo amaçlı sentetik veridir."}, "geometry": {"type": "MultiLineString", "coordinates": [[[32.7708249, 39.9704221], [32.7707955, 39.9706561], [32.7707858, 39.9707551], [32.7707534, 39.9709567], [32.7707369, 39.9713132], [32.7707309, 39.9714182], [32.7707616, 39.9716292]]]}}, {"type": "Feature", "properties": {"pipe_code": "YMH-OSM-P-0663", "pipe_type": "main_line", "diameter_mm": 250, "material": "çelik", "pressure_level": "medium", "operating_pressure_bar": 4.0, "status": "aktif", "install_year": 2019, "district": "Yenimahalle", "source": "synthetic_demo_yenimahalle_osm_20260721", "osm_highway": "primary", "road_name": "Anadolu Bulvarı", "synthetic_notice": "Gerçek altyapı değildir; eğitim ve demo amaçlı sentetik veridir."}, "geometry": {"type": "MultiLineString", "coordinates": [[[32.7715504, 39.9665109], [32.7715455, 39.9665358], [32.7714563, 39.9669971], [32.771169, 39.9685554], [32.7709502, 39.9697423], [32.7708249, 39.9704221]]]}}, {"type": "Feature", "properties": {"pipe_code": "YMH-OSM-P-0664", "pipe_type": "main_line", "diameter_mm": 315, "material": "çelik", "pressure_level": "medium", "operating_pressure_bar": 4.0, "status": "aktif", "install_year": 1998, "district": "Yenimahalle", "source": "synthetic_demo_yenimahalle_osm_20260721", "osm_highway": "primary", "road_name": "Anadolu Bulvarı", "synthetic_notice": "Gerçek altyapı değildir; eğitim ve demo amaçlı sentetik veridir."}, "geometry": {"type": "MultiLineString", "coordinates": [[[32.7719663, 39.9632466], [32.7719664, 39.9632775], [32.7719681, 39.9638684], [32.7719404, 39.9644641], [32.7718751, 39.9650455], [32.7717621, 39.9655464], [32.7716273, 39.966144], [32.7716198, 39.9661775], [32.7715851, 39.9663313], [32.7715504, 39.9665109]]]}}, {"type": "Feature", "properties": {"pipe_code": "YMH-OSM-P-0665", "pipe_type": "main_line", "diameter_mm": 400, "material": "çelik", "pressure_level": "medium", "operating_pressure_bar": 4.0, "status": "aktif", "install_year": 2005, "district": "Yenimahalle", "source": "synthetic_demo_yenimahalle_osm_20260721", "osm_highway": "primary", "road_name": "Anadolu Bulvarı", "synthetic_notice": "Gerçek altyapı değildir; eğitim ve demo amaçlı sentetik veridir."}, "geometry": {"type": "MultiLineString", "coordinates": [[[32.7718038, 39.9612123], [32.7718541, 39.9618278], [32.771918, 39.9629077], [32.7719663, 39.9632466]]]}}, {"type": "Feature", "properties": {"pipe_code": "YMH-OSM-P-0666", "pipe_type": "main_line", "diameter_mm": 250, "material": "çelik", "pressure_level": "medium", "operating_pressure_bar": 4.0, "status": "aktif", "install_year": 2012, "district": "Yenimahalle", "source": "synthetic_demo_yenimahalle_osm_20260721", "osm_highway": "primary", "road_name": "Anadolu Bulvarı", "synthetic_notice": "Gerçek altyapı değildir; eğitim ve demo amaçlı sentetik veridir."}, "geometry": {"type": "MultiLineString", "coordinates": [[[32.771758, 39.9608707], [32.7718038, 39.9612123]]]}}, {"type": "Feature", "properties": {"pipe_code": "YMH-OSM-P-0667", "pipe_type": "main_line", "diameter_mm": 315, "material": "çelik", "pressure_level": "medium", "operating_pressure_bar": 4.0, "status": "aktif", "install_year": 2019, "district": "Yenimahalle", "source": "synthetic_demo_yenimahalle_osm_20260721", "osm_highway": "primary", "road_name": "Anadolu Bulvarı", "synthetic_notice": "Gerçek altyapı değildir; eğitim ve demo amaçlı sentetik veridir."}, "geometry": {"type": "MultiLineString", "coordinates": [[[32.7715176, 39.9592661], [32.7715477, 39.9595681], [32.771758, 39.9608707]]]}}, {"type": "Feature", "properties": {"pipe_code": "YMH-OSM-P-0668", "pipe_type": "main_line", "diameter_mm": 400, "material": "çelik", "pressure_level": "medium", "operating_pressure_bar": 4.0, "status": "aktif", "install_year": 1998, "district": "Yenimahalle", "source": "synthetic_demo_yenimahalle_osm_20260721", "osm_highway": "primary", "road_name": "Anadolu Bulvarı", "synthetic_notice": "Gerçek altyapı değildir; eğitim ve demo amaçlı sentetik veridir."}, "geometry": {"type": "MultiLineString", "coordinates": [[[32.7711902, 39.9524183], [32.7711826, 39.9526948], [32.7711736, 39.9530238], [32.7711409, 39.9542137], [32.7711371, 39.9543519], [32.7711338, 39.9544732], [32.7712056, 39.9563741], [32.7712697, 39.9572753], [32.7713622, 39.9583139], [32.7714676, 39.9589967], [32.7715176, 39.9592661]]]}}, {"type": "Feature", "properties": {"pipe_code": "YMH-OSM-P-0669", "pipe_type": "main_line", "diameter_mm": 250, "material": "çelik", "pressure_level": "medium", "operating_pressure_bar": 4.0, "status": "aktif", "install_year": 2005, "district": "Yenimahalle", "source": "synthetic_demo_yenimahalle_osm_20260721", "osm_highway": "primary", "road_name": "Anadolu Bulvarı", "synthetic_notice": "Gerçek altyapı değildir; eğitim ve demo amaçlı sentetik veridir."}, "geometry": {"type": "MultiLineString", "coordinates": [[[32.7712954, 39.9504943], [32.7712356, 39.951362], [32.7712217, 39.9517055], [32.7712033, 39.9520459], [32.7711974, 39.952155], [32.7711902, 39.9524183]]]}}, {"type": "Feature", "properties": {"pipe_code": "YMH-OSM-P-0670", "pipe_type": "main_line", "diameter_mm": 315, "material": "çelik", "pressure_level": "medium", "operating_pressure_bar": 4.0, "status": "pasif", "install_year": 2012, "district": "Yenimahalle", "source": "synthetic_demo_yenimahalle_osm_20260721", "osm_highway": "primary", "road_name": "Anadolu Bulvarı", "synthetic_notice": "Gerçek altyapı değildir; eğitim ve demo amaçlı sentetik veridir."}, "geometry": {"type": "MultiLineString", "coordinates": [[[32.7714205, 39.9496144], [32.7712954, 39.9504943]]]}}, {"type": "Feature", "properties": {"pipe_code": "YMH-OSM-P-0671", "pipe_type": "main_line", "diameter_mm": 400, "material": "çelik", "pressure_level": "medium", "operating_pressure_bar": 4.0, "status": "aktif", "install_year": 2019, "district": "Yenimahalle", "source": "synthetic_demo_yenimahalle_osm_20260721", "osm_highway": "primary", "road_name": "Anadolu Bulvarı", "synthetic_notice": "Gerçek altyapı değildir; eğitim ve demo amaçlı sentetik veridir."}, "geometry": {"type": "MultiLineString", "coordinates": [[[32.7735084, 39.9435852], [32.7734211, 39.9437572], [32.7729834, 39.9447317], [32.7728264, 39.9450894], [32.7725125, 39.9458157], [32.7720844, 39.9468011], [32.771992, 39.9470165], [32.7719748, 39.9470847], [32.7718078, 39.9475021], [32.7717934, 39.9475328], [32.7717229, 39.9477318], [32.7716204, 39.9482438], [32.7714205, 39.9496144]]]}}, {"type": "Feature", "properties": {"pipe_code": "YMH-OSM-P-0672", "pipe_type": "main_line", "diameter_mm": 250, "material": "çelik", "pressure_level": "medium", "operating_pressure_bar": 4.0, "status": "aktif", "install_year": 1998, "district": "Yenimahalle", "source": "synthetic_demo_yenimahalle_osm_20260721", "osm_highway": "primary", "road_name": "Anadolu Bulvarı", "synthetic_notice": "Gerçek altyapı değildir; eğitim ve demo amaçlı sentetik veridir."}, "geometry": {"type": "MultiLineString", "coordinates": [[[32.7736252, 39.943361], [32.7735084, 39.9435852]]]}}, {"type": "Feature", "properties": {"pipe_code": "YMH-OSM-P-0673", "pipe_type": "main_line", "diameter_mm": 315, "material": "çelik", "pressure_level": "medium", "operating_pressure_bar": 4.0, "status": "aktif", "install_year": 2005, "district": "Yenimahalle", "source": "synthetic_demo_yenimahalle_osm_20260721", "osm_highway": "primary", "road_name": "Anadolu Bulvarı", "synthetic_notice": "Gerçek altyapı değildir; eğitim ve demo amaçlı sentetik veridir."}, "geometry": {"type": "MultiLineString", "coordinates": [[[32.7737308, 39.943166], [32.7736252, 39.943361]]]}}, {"type": "Feature", "properties": {"pipe_code": "YMH-OSM-P-0674", "pipe_type": "main_line", "diameter_mm": 400, "material": "çelik", "pressure_level": "medium", "operating_pressure_bar": 4.0, "status": "aktif", "install_year": 2012, "district": "Yenimahalle", "source": "synthetic_demo_yenimahalle_osm_20260721", "osm_highway": "primary", "road_name": "Anadolu Bulvarı", "synthetic_notice": "Gerçek altyapı değildir; eğitim ve demo amaçlı sentetik veridir."}, "geometry": {"type": "MultiLineString", "coordinates": [[[32.7754465, 39.9344435], [32.774944, 39.9365479], [32.7747559, 39.9375431], [32.7743929, 39.9399129], [32.7740463, 39.9420723], [32.7739316, 39.942582], [32.7738379, 39.9428665], [32.7737308, 39.943166]]]}}, {"type": "Feature", "properties": {"pipe_code": "YMH-OSM-P-0675", "pipe_type": "main_line", "diameter_mm": 250, "material": "çelik", "pressure_level": "medium", "operating_pressure_bar": 4.0, "status": "aktif", "install_year": 2019, "district": "Yenimahalle", "source": "synthetic_demo_yenimahalle_osm_20260721", "osm_highway": "secondary", "road_name": "1668. Cadde", "synthetic_notice": "Gerçek altyapı değildir; eğitim ve demo amaçlı sentetik veridir."}, "geometry": {"type": "MultiLineString", "coordinates": [[[32.7767309, 40.0110737], [32.7760618, 40.0111215], [32.7759077, 40.0111538], [32.7757428, 40.0112264], [32.7756284, 40.0113376]]]}}, {"type": "Feature", "properties": {"pipe_code": "YMH-OSM-P-0676", "pipe_type": "main_line", "diameter_mm": 315, "material": "çelik", "pressure_level": "medium", "operating_pressure_bar": 4.0, "status": "aktif", "install_year": 1998, "district": "Yenimahalle", "source": "synthetic_demo_yenimahalle_osm_20260721", "osm_highway": "secondary", "road_name": "1668. Cadde", "synthetic_notice": "Gerçek altyapı değildir; eğitim ve demo amaçlı sentetik veridir."}, "geometry": {"type": "MultiLineString", "coordinates": [[[32.7767309, 40.0110737], [32.7771622, 40.0111166], [32.7775101, 40.0111672], [32.7780037, 40.0112279], [32.7784455, 40.0112904], [32.7790013, 40.0114102], [32.7793787, 40.0114374], [32.779658, 40.0114582], [32.780062, 40.011459], [32.7804539, 40.0114435], [32.7809865, 40.0114272]]]}}, {"type": "Feature", "properties": {"pipe_code": "YMH-OSM-P-0677", "pipe_type": "main_line", "diameter_mm": 400, "material": "çelik", "pressure_level": "medium", "operating_pressure_bar": 4.0, "status": "aktif", "install_year": 2005, "district": "Yenimahalle", "source": "synthetic_demo_yenimahalle_osm_20260721", "osm_highway": "secondary", "road_name": "1668. Cadde", "synthetic_notice": "Gerçek altyapı değildir; eğitim ve demo amaçlı sentetik veridir."}, "geometry": {"type": "MultiLineString", "coordinates": [[[32.7755753, 40.0109146], [32.7757047, 40.0110101], [32.7758715, 40.0110407], [32.7760491, 40.0110592], [32.7767309, 40.0110737]]]}}, {"type": "Feature", "properties": {"pipe_code": "YMH-OSM-P-0678", "pipe_type": "main_line", "diameter_mm": 250, "material": "çelik", "pressure_level": "medium", "operating_pressure_bar": 4.0, "status": "aktif", "install_year": 2012, "district": "Yenimahalle", "source": "synthetic_demo_yenimahalle_osm_20260721", "osm_highway": "secondary", "road_name": "1668. Cadde", "synthetic_notice": "Gerçek altyapı değildir; eğitim ve demo amaçlı sentetik veridir."}, "geometry": {"type": "MultiLineString", "coordinates": [[[32.7809865, 40.0114272], [32.7812438, 40.0113571], [32.781417, 40.011309], [32.7816227, 40.0112988]]]}}, {"type": "Feature", "properties": {"pipe_code": "YMH-OSM-P-0679", "pipe_type": "main_line", "diameter_mm": 315, "material": "çelik", "pressure_level": "medium", "operating_pressure_bar": 4.0, "status": "aktif", "install_year": 2019, "district": "Yenimahalle", "source": "synthetic_demo_yenimahalle_osm_20260721", "osm_highway": "secondary", "road_name": "1495. Sokak", "synthetic_notice": "Gerçek altyapı değildir; eğitim ve demo amaçlı sentetik veridir."}, "geometry": {"type": "MultiLineString", "coordinates": [[[32.7734181, 39.9950607], [32.7733197, 39.9951112], [32.7732301, 39.9951674], [32.7731831, 39.9952119], [32.7731541, 39.9952393], [32.773099, 39.9953152], [32.773045, 39.9954281]]]}}, {"type": "Feature", "properties": {"pipe_code": "YMH-OSM-P-0680", "pipe_type": "main_line", "diameter_mm": 400, "material": "çelik", "pressure_level": "medium", "operating_pressure_bar": 4.0, "status": "aktif", "install_year": 1998, "district": "Yenimahalle", "source": "synthetic_demo_yenimahalle_osm_20260721", "osm_highway": "secondary", "road_name": "1495. Sokak", "synthetic_notice": "Gerçek altyapı değildir; eğitim ve demo amaçlı sentetik veridir."}, "geometry": {"type": "MultiLineString", "coordinates": [[[32.7768546, 39.9950267], [32.7766598, 39.9950286], [32.7754284, 39.9950468], [32.7744904, 39.9950501], [32.7738163, 39.9950568], [32.7734181, 39.9950607]]]}}, {"type": "Feature", "properties": {"pipe_code": "YMH-OSM-P-0681", "pipe_type": "main_line", "diameter_mm": 250, "material": "çelik", "pressure_level": "medium", "operating_pressure_bar": 4.0, "status": "aktif", "install_year": 2005, "district": "Yenimahalle", "source": "synthetic_demo_yenimahalle_osm_20260721", "osm_highway": "secondary", "road_name": "1668. Cadde", "synthetic_notice": "Gerçek altyapı değildir; eğitim ve demo amaçlı sentetik veridir."}, "geometry": {"type": "MultiLineString", "coordinates": [[[32.7816026, 40.0114232], [32.7809865, 40.0114272]]]}}, {"type": "Feature", "properties": {"pipe_code": "YMH-OSM-P-0682", "pipe_type": "main_line", "diameter_mm": 315, "material": "çelik", "pressure_level": "medium", "operating_pressure_bar": 4.0, "status": "aktif", "install_year": 2012, "district": "Yenimahalle", "source": "synthetic_demo_yenimahalle_osm_20260721", "osm_highway": "secondary", "road_name": "Yeşilay Caddesi", "synthetic_notice": "Gerçek altyapı değildir; eğitim ve demo amaçlı sentetik veridir."}, "geometry": {"type": "MultiLineString", "coordinates": [[[32.7718099, 39.9663469], [32.7717227, 39.9663733], [32.7716455, 39.9664294], [32.7715504, 39.9665109]]]}}, {"type": "Feature", "properties": {"pipe_code": "YMH-OSM-P-0683", "pipe_type": "main_line", "diameter_mm": 400, "material": "çelik", "pressure_level": "medium", "operating_pressure_bar": 4.0, "status": "aktif", "install_year": 2019, "district": "Yenimahalle", "source": "synthetic_demo_yenimahalle_osm_20260721", "osm_highway": "secondary", "road_name": "Yeşilay Caddesi", "synthetic_notice": "Gerçek altyapı değildir; eğitim ve demo amaçlı sentetik veridir."}, "geometry": {"type": "MultiLineString", "coordinates": [[[32.7745397, 39.9666101], [32.7743254, 39.9665937], [32.7741942, 39.9665818], [32.7739657, 39.966561], [32.7737087, 39.9665354], [32.773501, 39.9665146], [32.773334, 39.9664979], [32.7726835, 39.9664327], [32.7724595, 39.9664102], [32.7720296, 39.9663673], [32.7718396, 39.9663497], [32.7718099, 39.9663469]]]}}, {"type": "Feature", "properties": {"pipe_code": "YMH-OSM-P-0684", "pipe_type": "main_line", "diameter_mm": 250, "material": "çelik", "pressure_level": "medium", "operating_pressure_bar": 4.0, "status": "aktif", "install_year": 1998, "district": "Yenimahalle", "source": "synthetic_demo_yenimahalle_osm_20260721", "osm_highway": "secondary", "road_name": "Yeşilay Caddesi", "synthetic_notice": "Gerçek altyapı değildir; eğitim ve demo amaçlı sentetik veridir."}, "geometry": {"type": "MultiLineString", "coordinates": [[[32.7755789, 39.9666915], [32.7751694, 39.9666863], [32.7750209, 39.9666802], [32.774871, 39.9666674], [32.7747335, 39.9666434], [32.7745397, 39.9666101]]]}}, {"type": "Feature", "properties": {"pipe_code": "YMH-OSM-P-0685", "pipe_type": "main_line", "diameter_mm": 315, "material": "çelik", "pressure_level": "medium", "operating_pressure_bar": 4.0, "status": "aktif", "install_year": 2005, "district": "Yenimahalle", "source": "synthetic_demo_yenimahalle_osm_20260721", "osm_highway": "secondary", "road_name": "Yeşilay Caddesi", "synthetic_notice": "Gerçek altyapı değildir; eğitim ve demo amaçlı sentetik veridir."}, "geometry": {"type": "MultiLineString", "coordinates": [[[32.7745397, 39.9666101], [32.7748099, 39.9665991], [32.7750224, 39.9666004], [32.7755757, 39.9666021]]]}}, {"type": "Feature", "properties": {"pipe_code": "YMH-OSM-P-0686", "pipe_type": "main_line", "diameter_mm": 400, "material": "çelik", "pressure_level": "medium", "operating_pressure_bar": 4.0, "status": "aktif", "install_year": 2012, "district": "Yenimahalle", "source": "synthetic_demo_yenimahalle_osm_20260721", "osm_highway": "secondary", "road_name": "3832. Cadde", "synthetic_notice": "Gerçek altyapı değildir; eğitim ve demo amaçlı sentetik veridir."}, "geometry": {"type": "MultiLineString", "coordinates": [[[32.786371, 40.0210794], [32.7863754, 40.0211295], [32.7863588, 40.021178], [32.786323, 40.02122], [32.7862716, 40.0212511], [32.78621, 40.0212682]]]}}, {"type": "Feature", "properties": {"pipe_code": "YMH-OSM-P-0687", "pipe_type": "main_line", "diameter_mm": 250, "material": "çelik", "pressure_level": "medium", "operating_pressure_bar": 4.0, "status": "aktif", "install_year": 2019, "district": "Yenimahalle", "source": "synthetic_demo_yenimahalle_osm_20260721", "osm_highway": "secondary", "road_name": "3832. Cadde", "synthetic_notice": "Gerçek altyapı değildir; eğitim ve demo amaçlı sentetik veridir."}, "geometry": {"type": "MultiLineString", "coordinates": [[[32.7891159, 40.0221756], [32.7885691, 40.0221688], [32.7868383, 40.021508], [32.78621, 40.0212682]]]}}, {"type": "Feature", "properties": {"pipe_code": "YMH-OSM-P-0688", "pipe_type": "main_line", "diameter_mm": 315, "material": "çelik", "pressure_level": "medium", "operating_pressure_bar": 4.0, "status": "aktif", "install_year": 1998, "district": "Yenimahalle", "source": "synthetic_demo_yenimahalle_osm_20260721", "osm_highway": "secondary", "road_name": "3847. Cadde", "synthetic_notice": "Gerçek altyapı değildir; eğitim ve demo amaçlı sentetik veridir."}, "geometry": {"type": "MultiLineString", "coordinates": [[[32.78621, 40.0212682], [32.7861432, 40.021398], [32.7859751, 40.0216752], [32.7859324, 40.0217499], [32.7854669, 40.0225651], [32.7853124, 40.022808], [32.7851213, 40.0230166], [32.7850013, 40.0231102], [32.7848817, 40.0231827]]]}}, {"type": "Feature", "properties": {"pipe_code": "YMH-OSM-P-0689", "pipe_type": "main_line", "diameter_mm": 400, "material": "çelik", "pressure_level": "medium", "operating_pressure_bar": 4.0, "status": "aktif", "install_year": 2005, "district": "Yenimahalle", "source": "synthetic_demo_yenimahalle_osm_20260721", "osm_highway": "secondary", "road_name": "Adsız yol", "synthetic_notice": "Gerçek altyapı değildir; eğitim ve demo amaçlı sentetik veridir."}, "geometry": {"type": "MultiLineString", "coordinates": [[[32.7768396, 40.0285143], [32.7767806, 40.0285343], [32.7767164, 40.0285393], [32.7766533, 40.0285289], [32.7765975, 40.0285041], [32.7765544, 40.0284673]]]}}, {"type": "Feature", "properties": {"pipe_code": "YMH-OSM-P-0690", "pipe_type": "main_line", "diameter_mm": 250, "material": "çelik", "pressure_level": "medium", "operating_pressure_bar": 4.0, "status": "aktif", "install_year": 2012, "district": "Yenimahalle", "source": "synthetic_demo_yenimahalle_osm_20260721", "osm_highway": "secondary", "road_name": "Adsız yol", "synthetic_notice": "Gerçek altyapı değildir; eğitim ve demo amaçlı sentetik veridir."}, "geometry": {"type": "MultiLineString", "coordinates": [[[32.7765544, 40.0284673], [32.7765285, 40.0284227], [32.7765217, 40.0283742], [32.7765345, 40.0283264], [32.7765657, 40.0282838], [32.7766125, 40.0282506]]]}}, {"type": "Feature", "properties": {"pipe_code": "YMH-OSM-P-0691", "pipe_type": "main_line", "diameter_mm": 315, "material": "çelik", "pressure_level": "medium", "operating_pressure_bar": 4.0, "status": "aktif", "install_year": 2019, "district": "Yenimahalle", "source": "synthetic_demo_yenimahalle_osm_20260721", "osm_highway": "secondary", "road_name": "Adsız yol", "synthetic_notice": "Gerçek altyapı değildir; eğitim ve demo amaçlı sentetik veridir."}, "geometry": {"type": "MultiLineString", "coordinates": [[[32.7877782, 40.0335157], [32.7877757, 40.0334991], [32.78777, 40.0334606], [32.787777, 40.0334284], [32.7877935, 40.0333971], [32.7878161, 40.0333717], [32.7878485, 40.0333483], [32.7879016, 40.0333266]]]}}, {"type": "Feature", "properties": {"pipe_code": "YMH-OSM-P-0692", "pipe_type": "main_line", "diameter_mm": 400, "material": "çelik", "pressure_level": "medium", "operating_pressure_bar": 4.0, "status": "aktif", "install_year": 1998, "district": "Yenimahalle", "source": "synthetic_demo_yenimahalle_osm_20260721", "osm_highway": "secondary", "road_name": "3891. Cadde", "synthetic_notice": "Gerçek altyapı değildir; eğitim ve demo amaçlı sentetik veridir."}, "geometry": {"type": "MultiLineString", "coordinates": [[[32.7727135, 40.0291183], [32.7726452, 40.0290852], [32.7725989, 40.0290411], [32.7725727, 40.0289881], [32.7725693, 40.0289316]]]}}, {"type": "Feature", "properties": {"pipe_code": "YMH-OSM-P-0693", "pipe_type": "main_line", "diameter_mm": 250, "material": "çelik", "pressure_level": "medium", "operating_pressure_bar": 4.0, "status": "aktif", "install_year": 2005, "district": "Yenimahalle", "source": "synthetic_demo_yenimahalle_osm_20260721", "osm_highway": "secondary", "road_name": "Yeşilay Caddesi", "synthetic_notice": "Gerçek altyapı değildir; eğitim ve demo amaçlı sentetik veridir."}, "geometry": {"type": "MultiLineString", "coordinates": [[[32.7716198, 39.9661775], [32.7716729, 39.9662533], [32.7717298, 39.966311], [32.7718099, 39.9663469]]]}}, {"type": "Feature", "properties": {"pipe_code": "YMH-OSM-P-0694", "pipe_type": "main_line", "diameter_mm": 315, "material": "çelik", "pressure_level": "medium", "operating_pressure_bar": 4.0, "status": "aktif", "install_year": 2012, "district": "Yenimahalle", "source": "synthetic_demo_yenimahalle_osm_20260721", "osm_highway": "secondary", "road_name": "Adsız yol", "synthetic_notice": "Gerçek altyapı değildir; eğitim ve demo amaçlı sentetik veridir."}, "geometry": {"type": "MultiLineString", "coordinates": [[[32.7879016, 40.0333266], [32.7879622, 40.0333182], [32.7880095, 40.0333218], [32.7880531, 40.0333335], [32.7881052, 40.0333619], [32.7881475, 40.0334095]]]}}, {"type": "Feature", "properties": {"pipe_code": "YMH-OSM-P-0695", "pipe_type": "main_line", "diameter_mm": 400, "material": "çelik", "pressure_level": "medium", "operating_pressure_bar": 4.0, "status": "aktif", "install_year": 2019, "district": "Yenimahalle", "source": "synthetic_demo_yenimahalle_osm_20260721", "osm_highway": "secondary", "road_name": "3832. Cadde", "synthetic_notice": "Gerçek altyapı değildir; eğitim ve demo amaçlı sentetik veridir."}, "geometry": {"type": "MultiLineString", "coordinates": [[[32.78621, 40.0212682], [32.7861523, 40.0212701], [32.7860963, 40.0212595], [32.7860464, 40.0212373], [32.7860066, 40.0212053], [32.7859801, 40.021166]]]}}, {"type": "Feature", "properties": {"pipe_code": "YMH-OSM-P-0696", "pipe_type": "main_line", "diameter_mm": 250, "material": "çelik", "pressure_level": "medium", "operating_pressure_bar": 4.0, "status": "aktif", "install_year": 1998, "district": "Yenimahalle", "source": "synthetic_demo_yenimahalle_osm_20260721", "osm_highway": "secondary", "road_name": "Adsız yol", "synthetic_notice": "Gerçek altyapı değildir; eğitim ve demo amaçlı sentetik veridir."}, "geometry": {"type": "MultiLineString", "coordinates": [[[32.788008, 40.0336163], [32.7879696, 40.0336196], [32.7879233, 40.033616], [32.7878795, 40.0336041], [32.7878405, 40.0335847], [32.7878044, 40.0335544], [32.7877782, 40.0335157]]]}}, {"type": "Feature", "properties": {"pipe_code": "YMH-OSM-P-0697", "pipe_type": "main_line", "diameter_mm": 315, "material": "çelik", "pressure_level": "medium", "operating_pressure_bar": 4.0, "status": "bakımda", "install_year": 2005, "district": "Yenimahalle", "source": "synthetic_demo_yenimahalle_osm_20260721", "osm_highway": "secondary", "road_name": "Adsız yol", "synthetic_notice": "Gerçek altyapı değildir; eğitim ve demo amaçlı sentetik veridir."}, "geometry": {"type": "MultiLineString", "coordinates": [[[32.7757896, 40.0179493], [32.7757483, 40.0179597], [32.7757049, 40.0179622], [32.7756621, 40.0179567], [32.7756222, 40.0179434], [32.7755877, 40.0179231], [32.7755512, 40.0178838]]]}}, {"type": "Feature", "properties": {"pipe_code": "YMH-OSM-P-0698", "pipe_type": "main_line", "diameter_mm": 400, "material": "çelik", "pressure_level": "medium", "operating_pressure_bar": 4.0, "status": "aktif", "install_year": 2012, "district": "Yenimahalle", "source": "synthetic_demo_yenimahalle_osm_20260721", "osm_highway": "secondary", "road_name": "1777. Cadde", "synthetic_notice": "Gerçek altyapı değildir; eğitim ve demo amaçlı sentetik veridir."}, "geometry": {"type": "MultiLineString", "coordinates": [[[32.7239756, 39.9578731], [32.7239904, 39.957906], [32.7239924, 39.9579601], [32.7239734, 39.9580121], [32.7239536, 39.9580389], [32.7239325, 39.9580596]]]}}, {"type": "Feature", "properties": {"pipe_code": "YMH-OSM-P-0699", "pipe_type": "main_line", "diameter_mm": 250, "material": "çelik", "pressure_level": "medium", "operating_pressure_bar": 4.0, "status": "aktif", "install_year": 2019, "district": "Yenimahalle", "source": "synthetic_demo_yenimahalle_osm_20260721", "osm_highway": "secondary", "road_name": "Serhat Caddesi", "synthetic_notice": "Gerçek altyapı değildir; eğitim ve demo amaçlı sentetik veridir."}, "geometry": {"type": "MultiLineString", "coordinates": [[[32.7660452, 39.9861482], [32.7658912, 39.9859906]]]}}, {"type": "Feature", "properties": {"pipe_code": "YMH-OSM-P-0700", "pipe_type": "main_line", "diameter_mm": 315, "material": "çelik", "pressure_level": "medium", "operating_pressure_bar": 4.0, "status": "aktif", "install_year": 1998, "district": "Yenimahalle", "source": "synthetic_demo_yenimahalle_osm_20260721", "osm_highway": "secondary", "road_name": "Serhat Caddesi", "synthetic_notice": "Gerçek altyapı değildir; eğitim ve demo amaçlı sentetik veridir."}, "geometry": {"type": "MultiLineString", "coordinates": [[[32.7663608, 39.9862051], [32.7660452, 39.9861482]]]}}, {"type": "Feature", "properties": {"pipe_code": "YMH-OSM-P-0701", "pipe_type": "main_line", "diameter_mm": 400, "material": "çelik", "pressure_level": "medium", "operating_pressure_bar": 4.0, "status": "aktif", "install_year": 2005, "district": "Yenimahalle", "source": "synthetic_demo_yenimahalle_osm_20260721", "osm_highway": "secondary", "road_name": "1777. Cadde", "synthetic_notice": "Gerçek altyapı değildir; eğitim ve demo amaçlı sentetik veridir."}, "geometry": {"type": "MultiLineString", "coordinates": [[[32.7235818, 39.9580533], [32.7235503, 39.9580189], [32.723527, 39.95796], [32.723531, 39.9578986], [32.7235449, 39.9578702]]]}}, {"type": "Feature", "properties": {"pipe_code": "YMH-OSM-P-0702", "pipe_type": "main_line", "diameter_mm": 250, "material": "çelik", "pressure_level": "medium", "operating_pressure_bar": 4.0, "status": "aktif", "install_year": 2012, "district": "Yenimahalle", "source": "synthetic_demo_yenimahalle_osm_20260721", "osm_highway": "secondary", "road_name": "Vatan Caddesi", "synthetic_notice": "Gerçek altyapı değildir; eğitim ve demo amaçlı sentetik veridir."}, "geometry": {"type": "MultiLineString", "coordinates": [[[32.7780959, 39.9707307], [32.7780612, 39.9707391], [32.778025, 39.9707415], [32.7779846, 39.9707367], [32.7779469, 39.9707244], [32.7779145, 39.9707052], [32.7778957, 39.9706881], [32.7778811, 39.9706686]]]}}, {"type": "Feature", "properties": {"pipe_code": "YMH-OSM-P-0703", "pipe_type": "main_line", "diameter_mm": 315, "material": "çelik", "pressure_level": "medium", "operating_pressure_bar": 4.0, "status": "aktif", "install_year": 2019, "district": "Yenimahalle", "source": "synthetic_demo_yenimahalle_osm_20260721", "osm_highway": "secondary", "road_name": "Adsız yol", "synthetic_notice": "Gerçek altyapı değildir; eğitim ve demo amaçlı sentetik veridir."}, "geometry": {"type": "MultiLineString", "coordinates": [[[32.7756207, 40.0177076], [32.7756661, 40.0176928], [32.7757151, 40.017688], [32.7757639, 40.0176936], [32.7758089, 40.0177091], [32.7758466, 40.0177335]]]}}, {"type": "Feature", "properties": {"pipe_code": "YMH-OSM-P-0704", "pipe_type": "main_line", "diameter_mm": 400, "material": "çelik", "pressure_level": "medium", "operating_pressure_bar": 4.0, "status": "aktif", "install_year": 1998, "district": "Yenimahalle", "source": "synthetic_demo_yenimahalle_osm_20260721", "osm_highway": "secondary", "road_name": "Adsız yol", "synthetic_notice": "Gerçek altyapı değildir; eğitim ve demo amaçlı sentetik veridir."}, "geometry": {"type": "MultiLineString", "coordinates": [[[32.7660452, 39.9861482], [32.7658815, 39.9861015], [32.7658121, 39.9860891]]]}}, {"type": "Feature", "properties": {"pipe_code": "YMH-OSM-P-0705", "pipe_type": "main_line", "diameter_mm": 250, "material": "çelik", "pressure_level": "medium", "operating_pressure_bar": 4.0, "status": "aktif", "install_year": 2005, "district": "Yenimahalle", "source": "synthetic_demo_yenimahalle_osm_20260721", "osm_highway": "secondary", "road_name": "2164. Cadde", "synthetic_notice": "Gerçek altyapı değildir; eğitim ve demo amaçlı sentetik veridir."}, "geometry": {"type": "MultiLineString", "coordinates": [[[32.7057533, 39.9948642], [32.7059665, 39.9947778]]]}}, {"type": "Feature", "properties": {"pipe_code": "YMH-OSM-P-0706", "pipe_type": "main_line", "diameter_mm": 315, "material": "çelik", "pressure_level": "medium", "operating_pressure_bar": 4.0, "status": "aktif", "install_year": 2012, "district": "Yenimahalle", "source": "synthetic_demo_yenimahalle_osm_20260721", "osm_highway": "secondary", "road_name": "Adsız yol", "synthetic_notice": "Gerçek altyapı değildir; eğitim ve demo amaçlı sentetik veridir."}, "geometry": {"type": "MultiLineString", "coordinates": [[[32.7464037, 39.9735701], [32.7463719, 39.9735645], [32.7463225, 39.9735557], [32.7462498, 39.9735427], [32.7461723, 39.9735286]]]}}, {"type": "Feature", "properties": {"pipe_code": "YMH-OSM-P-0707", "pipe_type": "main_line", "diameter_mm": 400, "material": "çelik", "pressure_level": "medium", "operating_pressure_bar": 4.0, "status": "aktif", "install_year": 2019, "district": "Yenimahalle", "source": "synthetic_demo_yenimahalle_osm_20260721", "osm_highway": "secondary", "road_name": "Adsız yol", "synthetic_notice": "Gerçek altyapı değildir; eğitim ve demo amaçlı sentetik veridir."}, "geometry": {"type": "MultiLineString", "coordinates": [[[32.7410898, 39.9824666], [32.7411136, 39.9824611], [32.7411343, 39.9824564], [32.7411807, 39.9824581], [32.7412237, 39.9824716], [32.7412377, 39.9824811], [32.7412585, 39.9824952], [32.741281, 39.9825263]]]}}, {"type": "Feature", "properties": {"pipe_code": "YMH-OSM-P-0708", "pipe_type": "main_line", "diameter_mm": 250, "material": "çelik", "pressure_level": "medium", "operating_pressure_bar": 4.0, "status": "aktif", "install_year": 1998, "district": "Yenimahalle", "source": "synthetic_demo_yenimahalle_osm_20260721", "osm_highway": "secondary", "road_name": "Adsız yol", "synthetic_notice": "Gerçek altyapı değildir; eğitim ve demo amaçlı sentetik veridir."}, "geometry": {"type": "MultiLineString", "coordinates": [[[32.7159029, 39.9756121], [32.7161344, 39.9756024]]]}}, {"type": "Feature", "properties": {"pipe_code": "YMH-OSM-P-0709", "pipe_type": "main_line", "diameter_mm": 315, "material": "çelik", "pressure_level": "medium", "operating_pressure_bar": 4.0, "status": "aktif", "install_year": 2005, "district": "Yenimahalle", "source": "synthetic_demo_yenimahalle_osm_20260721", "osm_highway": "secondary", "road_name": "1904. Cadde", "synthetic_notice": "Gerçek altyapı değildir; eğitim ve demo amaçlı sentetik veridir."}, "geometry": {"type": "MultiLineString", "coordinates": [[[32.7161344, 39.9756024], [32.7163457, 39.9755844], [32.7163988, 39.9755798], [32.7164226, 39.9755778], [32.718469, 39.9754071], [32.721498, 39.9751543], [32.7228538, 39.9750412], [32.7234895, 39.9749881], [32.7246835, 39.9748885], [32.7250708, 39.9748562], [32.7255053, 39.9748129], [32.7256982, 39.9747853], [32.7259794, 39.9747356], [32.7262035, 39.9746837], [32.726453, 39.9746135], [32.7265433, 39.9745809], [32.7266391, 39.9745413], [32.7267264, 39.9744996], [32.7268485, 39.9744279], [32.7270216, 39.9743158], [32.7271783, 39.9741992], [32.7273466, 39.9740696], [32.7274874, 39.9739583], [32.7275455, 39.9739115], [32.7276716, 39.97381], [32.7277403, 39.9737356], [32.7277798, 39.973688], [32.7278611, 39.9735836], [32.7279961, 39.9733631], [32.7282336, 39.9730092], [32.7287609, 39.9722264], [32.7288417, 39.972098], [32.72887, 39.9719789], [32.7289658, 39.9712872], [32.7289787, 39.971194], [32.7289831, 39.9711622]]]}}, {"type": "Feature", "properties": {"pipe_code": "YMH-OSM-P-0710", "pipe_type": "main_line", "diameter_mm": 400, "material": "çelik", "pressure_level": "medium", "operating_pressure_bar": 4.0, "status": "aktif", "install_year": 2012, "district": "Yenimahalle", "source": "synthetic_demo_yenimahalle_osm_20260721", "osm_highway": "secondary", "road_name": "313. Cadde", "synthetic_notice": "Gerçek altyapı değildir; eğitim ve demo amaçlı sentetik veridir."}, "geometry": {"type": "MultiLineString", "coordinates": [[[32.7758165, 39.9700766], [32.7758123, 39.9698991]]]}}, {"type": "Feature", "properties": {"pipe_code": "YMH-OSM-P-0711", "pipe_type": "main_line", "diameter_mm": 250, "material": "çelik", "pressure_level": "medium", "operating_pressure_bar": 4.0, "status": "aktif", "install_year": 2019, "district": "Yenimahalle", "source": "synthetic_demo_yenimahalle_osm_20260721", "osm_highway": "secondary", "road_name": "313. Cadde", "synthetic_notice": "Gerçek altyapı değildir; eğitim ve demo amaçlı sentetik veridir."}, "geometry": {"type": "MultiLineString", "coordinates": [[[32.7758123, 39.9698991], [32.7758095, 39.9697102], [32.775797, 39.9688741], [32.7757833, 39.9679528], [32.7757798, 39.9677212], [32.7757766, 39.9675037], [32.775773, 39.9672618]]]}}, {"type": "Feature", "properties": {"pipe_code": "YMH-OSM-P-0712", "pipe_type": "main_line", "diameter_mm": 315, "material": "çelik", "pressure_level": "medium", "operating_pressure_bar": 4.0, "status": "aktif", "install_year": 1998, "district": "Yenimahalle", "source": "synthetic_demo_yenimahalle_osm_20260721", "osm_highway": "secondary", "road_name": "313. Cadde", "synthetic_notice": "Gerçek altyapı değildir; eğitim ve demo amaçlı sentetik veridir."}, "geometry": {"type": "MultiLineString", "coordinates": [[[32.775773, 39.9672618], [32.7757166, 39.967187], [32.7757161, 39.9670375], [32.7757187, 39.9668061]]]}}, {"type": "Feature", "properties": {"pipe_code": "YMH-OSM-P-0713", "pipe_type": "main_line", "diameter_mm": 400, "material": "çelik", "pressure_level": "medium", "operating_pressure_bar": 4.0, "status": "aktif", "install_year": 2005, "district": "Yenimahalle", "source": "synthetic_demo_yenimahalle_osm_20260721", "osm_highway": "secondary", "road_name": "313. Cadde", "synthetic_notice": "Gerçek altyapı değildir; eğitim ve demo amaçlı sentetik veridir."}, "geometry": {"type": "MultiLineString", "coordinates": [[[32.7758111, 39.9668097], [32.7758196, 39.9671825], [32.775773, 39.9672618]]]}}, {"type": "Feature", "properties": {"pipe_code": "YMH-OSM-P-0714", "pipe_type": "main_line", "diameter_mm": 250, "material": "çelik", "pressure_level": "medium", "operating_pressure_bar": 4.0, "status": "aktif", "install_year": 2012, "district": "Yenimahalle", "source": "synthetic_demo_yenimahalle_osm_20260721", "osm_highway": "secondary", "road_name": "Adsız yol", "synthetic_notice": "Gerçek altyapı değildir; eğitim ve demo amaçlı sentetik veridir."}, "geometry": {"type": "MultiLineString", "coordinates": [[[32.7676478, 39.9951785], [32.7676069, 39.995192], [32.7675617, 39.9951947], [32.7675178, 39.9951859], [32.7674786, 39.9951654], [32.7674509, 39.9951358]]]}}, {"type": "Feature", "properties": {"pipe_code": "YMH-OSM-P-0715", "pipe_type": "main_line", "diameter_mm": 315, "material": "çelik", "pressure_level": "medium", "operating_pressure_bar": 4.0, "status": "aktif", "install_year": 2019, "district": "Yenimahalle", "source": "synthetic_demo_yenimahalle_osm_20260721", "osm_highway": "secondary", "road_name": "3585. Cadde", "synthetic_notice": "Gerçek altyapı değildir; eğitim ve demo amaçlı sentetik veridir."}, "geometry": {"type": "MultiLineString", "coordinates": [[[32.7696754, 40.0329214], [32.7696166, 40.0329766], [32.7695232, 40.0330534]]]}}, {"type": "Feature", "properties": {"pipe_code": "YMH-OSM-P-0716", "pipe_type": "main_line", "diameter_mm": 400, "material": "çelik", "pressure_level": "medium", "operating_pressure_bar": 4.0, "status": "aktif", "install_year": 1998, "district": "Yenimahalle", "source": "synthetic_demo_yenimahalle_osm_20260721", "osm_highway": "secondary", "road_name": "3585. Cadde", "synthetic_notice": "Gerçek altyapı değildir; eğitim ve demo amaçlı sentetik veridir."}, "geometry": {"type": "MultiLineString", "coordinates": [[[32.7695232, 40.0330534], [32.7694205, 40.0331267], [32.7692827, 40.0332077], [32.7689861, 40.0333686], [32.76886, 40.0334437], [32.7687176, 40.0335331], [32.7685705, 40.0336332], [32.7682786, 40.0338567], [32.7680812, 40.034004], [32.7679167, 40.0341267], [32.7678256, 40.0342], [32.7677392, 40.0342715], [32.7675524, 40.0344431], [32.7673493, 40.0346576], [32.7670317, 40.035042], [32.7669407, 40.0351618], [32.76688, 40.0352423], [32.7668459, 40.0352945], [32.7668239, 40.0353281], [32.7667726, 40.0354139], [32.7667305, 40.0354943], [32.7666978, 40.0355712], [32.7666768, 40.0356552], [32.7666441, 40.0357893], [32.7666184, 40.035918], [32.7666069, 40.0360068], [32.7665951, 40.0360807], [32.7665717, 40.0363024], [32.7665688, 40.036409], [32.7665763, 40.0365943], [32.766564, 40.036658], [32.7665718, 40.0367393]]]}}, {"type": "Feature", "properties": {"pipe_code": "YMH-OSM-P-0717", "pipe_type": "main_line", "diameter_mm": 250, "material": "çelik", "pressure_level": "medium", "operating_pressure_bar": 4.0, "status": "aktif", "install_year": 2005, "district": "Yenimahalle", "source": "synthetic_demo_yenimahalle_osm_20260721", "osm_highway": "secondary", "road_name": "3585. Cadde", "synthetic_notice": "Gerçek altyapı değildir; eğitim ve demo amaçlı sentetik veridir."}, "geometry": {"type": "MultiLineString", "coordinates": [[[32.766364, 40.0368723], [32.7663334, 40.0368418], [32.7663251, 40.0368123], [32.7663264, 40.0367784], [32.7663419, 40.0367466], [32.7663699, 40.0367203], [32.7664048, 40.0366999], [32.7664507, 40.0366945], [32.7665008, 40.0366991], [32.7665718, 40.0367393]]]}}, {"type": "Feature", "properties": {"pipe_code": "YMH-OSM-P-0718", "pipe_type": "main_line", "diameter_mm": 315, "material": "çelik", "pressure_level": "medium", "operating_pressure_bar": 4.0, "status": "aktif", "install_year": 2012, "district": "Yenimahalle", "source": "synthetic_demo_yenimahalle_osm_20260721", "osm_highway": "secondary", "road_name": "Adsız yol", "synthetic_notice": "Gerçek altyapı değildir; eğitim ve demo amaçlı sentetik veridir."}, "geometry": {"type": "MultiLineString", "coordinates": [[[32.741281, 39.9825263], [32.7412856, 39.9825472], [32.7412887, 39.982561], [32.7412812, 39.9825957], [32.7412591, 39.9826265], [32.7412251, 39.9826501], [32.7412022, 39.9826576], [32.7411828, 39.9826639]]]}}, {"type": "Feature", "properties": {"pipe_code": "YMH-OSM-P-0719", "pipe_type": "main_line", "diameter_mm": 400, "material": "çelik", "pressure_level": "medium", "operating_pressure_bar": 4.0, "status": "aktif", "install_year": 2019, "district": "Yenimahalle", "source": "synthetic_demo_yenimahalle_osm_20260721", "osm_highway": "secondary", "road_name": "1467. Cadde", "synthetic_notice": "Gerçek altyapı değildir; eğitim ve demo amaçlı sentetik veridir."}, "geometry": {"type": "MultiLineString", "coordinates": [[[32.7411828, 39.9826639], [32.740964, 39.9828916], [32.740699, 39.9831337], [32.7404335, 39.9833378], [32.7403518, 39.9834005], [32.7400326, 39.9835967], [32.7399185, 39.9836668]]]}}, {"type": "Feature", "properties": {"pipe_code": "YMH-OSM-P-0720", "pipe_type": "main_line", "diameter_mm": 250, "material": "çelik", "pressure_level": "medium", "operating_pressure_bar": 4.0, "status": "aktif", "install_year": 1998, "district": "Yenimahalle", "source": "synthetic_demo_yenimahalle_osm_20260721", "osm_highway": "secondary", "road_name": "1354. Cadde", "synthetic_notice": "Gerçek altyapı değildir; eğitim ve demo amaçlı sentetik veridir."}, "geometry": {"type": "MultiLineString", "coordinates": [[[32.7399185, 39.9836668], [32.7403706, 39.9840584], [32.7405607, 39.9842231], [32.7416008, 39.9851242], [32.7428873, 39.9862458]]]}}, {"type": "Feature", "properties": {"pipe_code": "YMH-OSM-P-0721", "pipe_type": "main_line", "diameter_mm": 315, "material": "çelik", "pressure_level": "medium", "operating_pressure_bar": 4.0, "status": "aktif", "install_year": 2005, "district": "Yenimahalle", "source": "synthetic_demo_yenimahalle_osm_20260721", "osm_highway": "secondary", "road_name": "Adsız yol", "synthetic_notice": "Gerçek altyapı değildir; eğitim ve demo amaçlı sentetik veridir."}, "geometry": {"type": "MultiLineString", "coordinates": [[[32.7161408, 39.9756952], [32.7159117, 39.975706]]]}}, {"type": "Feature", "properties": {"pipe_code": "YMH-OSM-P-0722", "pipe_type": "main_line", "diameter_mm": 400, "material": "çelik", "pressure_level": "medium", "operating_pressure_bar": 4.0, "status": "aktif", "install_year": 2012, "district": "Yenimahalle", "source": "synthetic_demo_yenimahalle_osm_20260721", "osm_highway": "secondary", "road_name": "Adsız yol", "synthetic_notice": "Gerçek altyapı değildir; eğitim ve demo amaçlı sentetik veridir."}, "geometry": {"type": "MultiLineString", "coordinates": [[[32.7638788, 39.9620523], [32.7637941, 39.961955], [32.7637625, 39.961906]]]}}, {"type": "Feature", "properties": {"pipe_code": "YMH-OSM-P-0723", "pipe_type": "main_line", "diameter_mm": 250, "material": "çelik", "pressure_level": "medium", "operating_pressure_bar": 4.0, "status": "aktif", "install_year": 2019, "district": "Yenimahalle", "source": "synthetic_demo_yenimahalle_osm_20260721", "osm_highway": "secondary", "road_name": "Mehmet Akif Ersoy Caddesi", "synthetic_notice": "Gerçek altyapı değildir; eğitim ve demo amaçlı sentetik veridir."}, "geometry": {"type": "MultiLineString", "coordinates": [[[32.766144, 39.9749263], [32.7663663, 39.9749074]]]}}, {"type": "Feature", "properties": {"pipe_code": "YMH-OSM-P-0724", "pipe_type": "main_line", "diameter_mm": 315, "material": "çelik", "pressure_level": "medium", "operating_pressure_bar": 4.0, "status": "aktif", "install_year": 1998, "district": "Yenimahalle", "source": "synthetic_demo_yenimahalle_osm_20260721", "osm_highway": "secondary", "road_name": "Adsız yol", "synthetic_notice": "Gerçek altyapı değildir; eğitim ve demo amaçlı sentetik veridir."}, "geometry": {"type": "MultiLineString", "coordinates": [[[32.7604697, 39.9755871], [32.7604065, 39.9756169], [32.7603345, 39.9756309], [32.7602604, 39.9756277]]]}}, {"type": "Feature", "properties": {"pipe_code": "YMH-OSM-P-0725", "pipe_type": "main_line", "diameter_mm": 400, "material": "çelik", "pressure_level": "medium", "operating_pressure_bar": 4.0, "status": "aktif", "install_year": 2005, "district": "Yenimahalle", "source": "synthetic_demo_yenimahalle_osm_20260721", "osm_highway": "secondary", "road_name": "3585. Cadde", "synthetic_notice": "Gerçek altyapı değildir; eğitim ve demo amaçlı sentetik veridir."}, "geometry": {"type": "MultiLineString", "coordinates": [[[32.7665625, 40.0368665], [32.7665284, 40.0368882], [32.766487, 40.0369003], [32.7664427, 40.0369016], [32.7664002, 40.0368919], [32.766364, 40.0368723]]]}}, {"type": "Feature", "properties": {"pipe_code": "YMH-OSM-P-0726", "pipe_type": "main_line", "diameter_mm": 250, "material": "çelik", "pressure_level": "medium", "operating_pressure_bar": 4.0, "status": "aktif", "install_year": 2012, "district": "Yenimahalle", "source": "synthetic_demo_yenimahalle_osm_20260721", "osm_highway": "secondary", "road_name": "3585. Cadde", "synthetic_notice": "Gerçek altyapı değildir; eğitim ve demo amaçlı sentetik veridir."}, "geometry": {"type": "MultiLineString", "coordinates": [[[32.7665625, 40.0368665], [32.7665886, 40.0369146], [32.7665726, 40.0370339], [32.7665335, 40.0372382], [32.7665164, 40.0373273], [32.766455, 40.0375952], [32.7663917, 40.0377883]]]}}, {"type": "Feature", "properties": {"pipe_code": "YMH-OSM-P-0727", "pipe_type": "main_line", "diameter_mm": 315, "material": "çelik", "pressure_level": "medium", "operating_pressure_bar": 4.0, "status": "aktif", "install_year": 2019, "district": "Yenimahalle", "source": "synthetic_demo_yenimahalle_osm_20260721", "osm_highway": "secondary", "road_name": "3585. Cadde", "synthetic_notice": "Gerçek altyapı değildir; eğitim ve demo amaçlı sentetik veridir."}, "geometry": {"type": "MultiLineString", "coordinates": [[[32.7663917, 40.0377883], [32.7663687, 40.0378872], [32.7663311, 40.0380248], [32.7662909, 40.0381418], [32.7662399, 40.0382671], [32.7661875, 40.0384079], [32.766125, 40.0385398], [32.7660522, 40.0387403], [32.7659968, 40.0388913], [32.7659475, 40.0390305], [32.7659013, 40.0391555], [32.7658643, 40.0392475], [32.7658212, 40.0393348], [32.7657719, 40.0394197], [32.7657103, 40.0395164], [32.7655275, 40.0397861], [32.7654629, 40.0398978], [32.7654426, 40.0399662]]]}}, {"type": "Feature", "properties": {"pipe_code": "YMH-OSM-P-0728", "pipe_type": "main_line", "diameter_mm": 400, "material": "çelik", "pressure_level": "medium", "operating_pressure_bar": 4.0, "status": "aktif", "install_year": 1998, "district": "Yenimahalle", "source": "synthetic_demo_yenimahalle_osm_20260721", "osm_highway": "secondary", "road_name": "3585. Cadde", "synthetic_notice": "Gerçek altyapı değildir; eğitim ve demo amaçlı sentetik veridir."}, "geometry": {"type": "MultiLineString", "coordinates": [[[32.7654426, 40.0399662], [32.7654222, 40.0400347], [32.7654304, 40.0401125], [32.765471, 40.0402059], [32.7655564, 40.0403864], [32.7655849, 40.0404829], [32.765597, 40.0405856], [32.765597, 40.040707], [32.7655898, 40.0408078], [32.7655523, 40.0411583], [32.7654913, 40.0416376], [32.765481, 40.0417552], [32.7654846, 40.0418365], [32.7655129, 40.041934], [32.7656144, 40.0422783], [32.7656651, 40.0424787], [32.7657134, 40.0428903], [32.7657429, 40.043156], [32.7657642, 40.0433023], [32.7658031, 40.0434812], [32.7658387, 40.0435689], [32.7658668, 40.0436383], [32.765927, 40.0437846], [32.7659553, 40.0438686], [32.765973, 40.0439743], [32.7659801, 40.0440664], [32.7659836, 40.0443671], [32.7659978, 40.0447519], [32.7660119, 40.044863], [32.766031, 40.0449315], [32.7660473, 40.0449903], [32.7661039, 40.0450906], [32.7662101, 40.0451962], [32.7664083, 40.0453588], [32.7665859, 40.045532], [32.7668013, 40.0457685], [32.7669477, 40.0459552], [32.767029, 40.046114], [32.7670941, 40.0462976], [32.7671266, 40.0464407], [32.7671306, 40.0465466], [32.7671239, 40.0466301]]]}}, {"type": "Feature", "properties": {"pipe_code": "YMH-OSM-P-0729", "pipe_type": "main_line", "diameter_mm": 250, "material": "çelik", "pressure_level": "medium", "operating_pressure_bar": 4.0, "status": "aktif", "install_year": 2005, "district": "Yenimahalle", "source": "synthetic_demo_yenimahalle_osm_20260721", "osm_highway": "secondary", "road_name": "3585. Cadde", "synthetic_notice": "Gerçek altyapı değildir; eğitim ve demo amaçlı sentetik veridir."}, "geometry": {"type": "MultiLineString", "coordinates": [[[32.7663917, 40.0377883], [32.7663643, 40.037577], [32.7663225, 40.0372082], [32.7663259, 40.0369439], [32.7663334, 40.0368418]]]}}, {"type": "Feature", "properties": {"pipe_code": "YMH-OSM-P-0730", "pipe_type": "main_line", "diameter_mm": 315, "material": "çelik", "pressure_level": "medium", "operating_pressure_bar": 4.0, "status": "aktif", "install_year": 2012, "district": "Yenimahalle", "source": "synthetic_demo_yenimahalle_osm_20260721", "osm_highway": "secondary", "road_name": "İvedik Caddesi", "synthetic_notice": "Gerçek altyapı değildir; eğitim ve demo amaçlı sentetik veridir."}, "geometry": {"type": "MultiLineString", "coordinates": [[[32.7792038, 40.0009037], [32.7790956, 40.0007569]]]}}, {"type": "Feature", "properties": {"pipe_code": "YMH-OSM-P-0731", "pipe_type": "main_line", "diameter_mm": 400, "material": "çelik", "pressure_level": "medium", "operating_pressure_bar": 4.0, "status": "aktif", "install_year": 2019, "district": "Yenimahalle", "source": "synthetic_demo_yenimahalle_osm_20260721", "osm_highway": "secondary", "road_name": "İvedik Caddesi", "synthetic_notice": "Gerçek altyapı değildir; eğitim ve demo amaçlı sentetik veridir."}, "geometry": {"type": "MultiLineString", "coordinates": [[[32.7809603, 40.0051533], [32.7809799, 40.0048601], [32.7810158, 40.0046378], [32.7809937, 40.0043979], [32.7809591, 40.004172], [32.7808881, 40.0039347], [32.780815, 40.0037695], [32.7807252, 40.0035692], [32.7806218, 40.0033544], [32.7803289, 40.0029577], [32.7802038, 40.0027827], [32.7800869, 40.0026076], [32.7800177, 40.0024857], [32.779976, 40.0024124], [32.7797063, 40.0020121], [32.7796422, 40.0018415], [32.7794423, 40.0012935], [32.7793568, 40.0011305], [32.7792648, 40.0009864], [32.7792038, 40.0009037]]]}}, {"type": "Feature", "properties": {"pipe_code": "YMH-OSM-P-0732", "pipe_type": "main_line", "diameter_mm": 250, "material": "çelik", "pressure_level": "medium", "operating_pressure_bar": 4.0, "status": "aktif", "install_year": 1998, "district": "Yenimahalle", "source": "synthetic_demo_yenimahalle_osm_20260721", "osm_highway": "secondary", "road_name": "İvedik Caddesi", "synthetic_notice": "Gerçek altyapı değildir; eğitim ve demo amaçlı sentetik veridir."}, "geometry": {"type": "MultiLineString", "coordinates": [[[32.7808944, 40.0058036], [32.7809037, 40.0056196], [32.7809154, 40.0054918], [32.7809258, 40.0053264], [32.7809603, 40.0051533]]]}}, {"type": "Feature", "properties": {"pipe_code": "YMH-OSM-P-0733", "pipe_type": "main_line", "diameter_mm": 315, "material": "çelik", "pressure_level": "medium", "operating_pressure_bar": 4.0, "status": "aktif", "install_year": 2005, "district": "Yenimahalle", "source": "synthetic_demo_yenimahalle_osm_20260721", "osm_highway": "secondary", "road_name": "İvedik Caddesi", "synthetic_notice": "Gerçek altyapı değildir; eğitim ve demo amaçlı sentetik veridir."}, "geometry": {"type": "MultiLineString", "coordinates": [[[32.7809603, 40.0051533], [32.7809755, 40.0052412], [32.7809823, 40.0053208], [32.7810019, 40.0054864], [32.7810276, 40.0056259], [32.7810551, 40.0057751]]]}}, {"type": "Feature", "properties": {"pipe_code": "YMH-OSM-P-0734", "pipe_type": "main_line", "diameter_mm": 400, "material": "çelik", "pressure_level": "medium", "operating_pressure_bar": 4.0, "status": "aktif", "install_year": 2012, "district": "Yenimahalle", "source": "synthetic_demo_yenimahalle_osm_20260721", "osm_highway": "secondary", "road_name": "İvedik Caddesi", "synthetic_notice": "Gerçek altyapı değildir; eğitim ve demo amaçlı sentetik veridir."}, "geometry": {"type": "MultiLineString", "coordinates": [[[32.7810551, 40.0057751], [32.7810795, 40.0058226], [32.781108, 40.0058773], [32.7811579, 40.0059689], [32.7811827, 40.0060152], [32.7811974, 40.0060492], [32.7812039, 40.0060652], [32.7812114, 40.0060838]]]}}, {"type": "Feature", "properties": {"pipe_code": "YMH-OSM-P-0735", "pipe_type": "main_line", "diameter_mm": 250, "material": "çelik", "pressure_level": "medium", "operating_pressure_bar": 4.0, "status": "aktif", "install_year": 2019, "district": "Yenimahalle", "source": "synthetic_demo_yenimahalle_osm_20260721", "osm_highway": "secondary", "road_name": "İvedik Caddesi", "synthetic_notice": "Gerçek altyapı değildir; eğitim ve demo amaçlı sentetik veridir."}, "geometry": {"type": "MultiLineString", "coordinates": [[[32.7812114, 40.0060838], [32.781457, 40.006423], [32.7815702, 40.0066056], [32.7816065, 40.0066954], [32.7816383, 40.0068059]]]}}, {"type": "Feature", "properties": {"pipe_code": "YMH-OSM-P-0736", "pipe_type": "main_line", "diameter_mm": 315, "material": "çelik", "pressure_level": "medium", "operating_pressure_bar": 4.0, "status": "aktif", "install_year": 1998, "district": "Yenimahalle", "source": "synthetic_demo_yenimahalle_osm_20260721", "osm_highway": "secondary", "road_name": "İvedik Caddesi", "synthetic_notice": "Gerçek altyapı değildir; eğitim ve demo amaçlı sentetik veridir."}, "geometry": {"type": "MultiLineString", "coordinates": [[[32.781798, 40.010786], [32.7818299, 40.0106397], [32.7818531, 40.0105056], [32.7818664, 40.0104246], [32.7818688, 40.0103345], [32.7818338, 40.010227], [32.7817856, 40.0101358], [32.7817118, 40.0100301], [32.7816443, 40.009924], [32.7815999, 40.0098346], [32.7815742, 40.0097362], [32.7815579, 40.0096289], [32.7815632, 40.0094703], [32.7815774, 40.0093687], [32.7815931, 40.0092735], [32.7816209, 40.0091694], [32.7816649, 40.0090184], [32.7817388, 40.0088178], [32.7818046, 40.0086488], [32.7818498, 40.0084986], [32.7818766, 40.0083806], [32.7818911, 40.0082615], [32.7818885, 40.0081831], [32.7818835, 40.008093], [32.7818748, 40.0080071], [32.7818478, 40.0078587], [32.7817159, 40.0071392], [32.7816901, 40.0070289], [32.7816383, 40.0068059]]]}}, {"type": "Feature", "properties": {"pipe_code": "YMH-OSM-P-0737", "pipe_type": "main_line", "diameter_mm": 400, "material": "çelik", "pressure_level": "medium", "operating_pressure_bar": 4.0, "status": "pasif", "install_year": 2005, "district": "Yenimahalle", "source": "synthetic_demo_yenimahalle_osm_20260721", "osm_highway": "secondary", "road_name": "İvedik Caddesi", "synthetic_notice": "Gerçek altyapı değildir; eğitim ve demo amaçlı sentetik veridir."}, "geometry": {"type": "MultiLineString", "coordinates": [[[32.7816383, 40.0068059], [32.7815193, 40.0066359], [32.7814325, 40.0065008], [32.7813686, 40.006415], [32.7812915, 40.0063363], [32.781194, 40.0062436], [32.7810574, 40.0061236]]]}}, {"type": "Feature", "properties": {"pipe_code": "YMH-OSM-P-0738", "pipe_type": "main_line", "diameter_mm": 250, "material": "çelik", "pressure_level": "medium", "operating_pressure_bar": 4.0, "status": "bakımda", "install_year": 2012, "district": "Yenimahalle", "source": "synthetic_demo_yenimahalle_osm_20260721", "osm_highway": "secondary", "road_name": "Adsız yol", "synthetic_notice": "Gerçek altyapı değildir; eğitim ve demo amaçlı sentetik veridir."}, "geometry": {"type": "MultiLineString", "coordinates": [[[32.7816339, 40.0112934], [32.7816718, 40.0111402], [32.7817315, 40.0109773], [32.781798, 40.010786]]]}}, {"type": "Feature", "properties": {"pipe_code": "YMH-OSM-P-0739", "pipe_type": "main_line", "diameter_mm": 315, "material": "çelik", "pressure_level": "medium", "operating_pressure_bar": 4.0, "status": "aktif", "install_year": 2019, "district": "Yenimahalle", "source": "synthetic_demo_yenimahalle_osm_20260721", "osm_highway": "secondary", "road_name": "Adsız yol", "synthetic_notice": "Gerçek altyapı değildir; eğitim ve demo amaçlı sentetik veridir."}, "geometry": {"type": "MultiLineString", "coordinates": [[[32.781798, 40.010786], [32.7817889, 40.0110617], [32.7817328, 40.0113021]]]}}, {"type": "Feature", "properties": {"pipe_code": "YMH-OSM-P-0740", "pipe_type": "main_line", "diameter_mm": 400, "material": "çelik", "pressure_level": "medium", "operating_pressure_bar": 4.0, "status": "aktif", "install_year": 1998, "district": "Yenimahalle", "source": "synthetic_demo_yenimahalle_osm_20260721", "osm_highway": "secondary", "road_name": "İvedik Caddesi", "synthetic_notice": "Gerçek altyapı değildir; eğitim ve demo amaçlı sentetik veridir."}, "geometry": {"type": "MultiLineString", "coordinates": [[[32.7810131, 40.006083], [32.7808924, 40.0058791], [32.780887, 40.0058529], [32.7808944, 40.0058036]]]}}, {"type": "Feature", "properties": {"pipe_code": "YMH-OSM-P-0741", "pipe_type": "main_line", "diameter_mm": 250, "material": "çelik", "pressure_level": "medium", "operating_pressure_bar": 4.0, "status": "aktif", "install_year": 2005, "district": "Yenimahalle", "source": "synthetic_demo_yenimahalle_osm_20260721", "osm_highway": "secondary", "road_name": "İvedik Caddesi", "synthetic_notice": "Gerçek altyapı değildir; eğitim ve demo amaçlı sentetik veridir."}, "geometry": {"type": "MultiLineString", "coordinates": [[[32.7812114, 40.0060838], [32.7811773, 40.0061021], [32.7811365, 40.0061178], [32.7810574, 40.0061236], [32.7810469, 40.006114], [32.7810131, 40.006083]]]}}, {"type": "Feature", "properties": {"pipe_code": "YMH-OSM-P-0742", "pipe_type": "main_line", "diameter_mm": 315, "material": "çelik", "pressure_level": "medium", "operating_pressure_bar": 4.0, "status": "aktif", "install_year": 2012, "district": "Yenimahalle", "source": "synthetic_demo_yenimahalle_osm_20260721", "osm_highway": "secondary", "road_name": "Serhat Caddesi", "synthetic_notice": "Gerçek altyapı değildir; eğitim ve demo amaçlı sentetik veridir."}, "geometry": {"type": "MultiLineString", "coordinates": [[[32.7658912, 39.9859906], [32.7660022, 39.9858453]]]}}, {"type": "Feature", "properties": {"pipe_code": "YMH-OSM-P-0743", "pipe_type": "main_line", "diameter_mm": 400, "material": "çelik", "pressure_level": "medium", "operating_pressure_bar": 4.0, "status": "aktif", "install_year": 2019, "district": "Yenimahalle", "source": "synthetic_demo_yenimahalle_osm_20260721", "osm_highway": "secondary", "road_name": "İvedik Caddesi", "synthetic_notice": "Gerçek altyapı değildir; eğitim ve demo amaçlı sentetik veridir."}, "geometry": {"type": "MultiLineString", "coordinates": [[[32.7979056, 39.9648885], [32.7979017, 39.9647202]]]}}, {"type": "Feature", "properties": {"pipe_code": "YMH-OSM-P-0744", "pipe_type": "main_line", "diameter_mm": 250, "material": "çelik", "pressure_level": "medium", "operating_pressure_bar": 4.0, "status": "aktif", "install_year": 1998, "district": "Yenimahalle", "source": "synthetic_demo_yenimahalle_osm_20260721", "osm_highway": "secondary", "road_name": "Suadiye Caddesi", "synthetic_notice": "Gerçek altyapı değildir; eğitim ve demo amaçlı sentetik veridir."}, "geometry": {"type": "MultiLineString", "coordinates": [[[32.7987629, 39.9685714], [32.7986779, 39.9683182], [32.798401, 39.9671738], [32.798395, 39.9671372], [32.7979983, 39.9653418], [32.7979939, 39.9653202], [32.7979408, 39.9650606], [32.7979056, 39.9648885]]]}}, {"type": "Feature", "properties": {"pipe_code": "YMH-OSM-P-0745", "pipe_type": "main_line", "diameter_mm": 315, "material": "çelik", "pressure_level": "medium", "operating_pressure_bar": 4.0, "status": "aktif", "install_year": 2005, "district": "Yenimahalle", "source": "synthetic_demo_yenimahalle_osm_20260721", "osm_highway": "secondary", "road_name": "Barış Caddesi", "synthetic_notice": "Gerçek altyapı değildir; eğitim ve demo amaçlı sentetik veridir."}, "geometry": {"type": "MultiLineString", "coordinates": [[[32.7983821, 39.9686377], [32.7987629, 39.9685714]]]}}, {"type": "Feature", "properties": {"pipe_code": "YMH-OSM-P-0746", "pipe_type": "main_line", "diameter_mm": 400, "material": "çelik", "pressure_level": "medium", "operating_pressure_bar": 4.0, "status": "aktif", "install_year": 2012, "district": "Yenimahalle", "source": "synthetic_demo_yenimahalle_osm_20260721", "osm_highway": "secondary", "road_name": "Barış Caddesi", "synthetic_notice": "Gerçek altyapı değildir; eğitim ve demo amaçlı sentetik veridir."}, "geometry": {"type": "MultiLineString", "coordinates": [[[32.7987766, 39.9686795], [32.7983821, 39.9686377]]]}}, {"type": "Feature", "properties": {"pipe_code": "YMH-OSM-P-0747", "pipe_type": "main_line", "diameter_mm": 250, "material": "çelik", "pressure_level": "medium", "operating_pressure_bar": 4.0, "status": "aktif", "install_year": 2019, "district": "Yenimahalle", "source": "synthetic_demo_yenimahalle_osm_20260721", "osm_highway": "secondary", "road_name": "Suadiye Caddesi", "synthetic_notice": "Gerçek altyapı değildir; eğitim ve demo amaçlı sentetik veridir."}, "geometry": {"type": "MultiLineString", "coordinates": [[[32.7987766, 39.9686795], [32.7987629, 39.9685714], [32.7989783, 39.968528]]]}}, {"type": "Feature", "properties": {"pipe_code": "YMH-OSM-P-0748", "pipe_type": "main_line", "diameter_mm": 315, "material": "çelik", "pressure_level": "medium", "operating_pressure_bar": 4.0, "status": "aktif", "install_year": 1998, "district": "Yenimahalle", "source": "synthetic_demo_yenimahalle_osm_20260721", "osm_highway": "secondary", "road_name": "Suadiye Caddesi", "synthetic_notice": "Gerçek altyapı değildir; eğitim ve demo amaçlı sentetik veridir."}, "geometry": {"type": "MultiLineString", "coordinates": [[[32.7981236, 39.9648079], [32.7980997, 39.9650483], [32.7981441, 39.9653076], [32.7983171, 39.966146], [32.7983623, 39.9663647], [32.7985456, 39.9671536], [32.7985737, 39.9672746], [32.7986298, 39.9675159], [32.7987697, 39.968208], [32.7988488, 39.9683758], [32.7989783, 39.968528]]]}}, {"type": "Feature", "properties": {"pipe_code": "YMH-OSM-P-0749", "pipe_type": "main_line", "diameter_mm": 400, "material": "çelik", "pressure_level": "medium", "operating_pressure_bar": 4.0, "status": "aktif", "install_year": 2005, "district": "Yenimahalle", "source": "synthetic_demo_yenimahalle_osm_20260721", "osm_highway": "secondary", "road_name": "Suadiye Caddesi", "synthetic_notice": "Gerçek altyapı değildir; eğitim ve demo amaçlı sentetik veridir."}, "geometry": {"type": "MultiLineString", "coordinates": [[[32.7988352, 39.9689204], [32.7988161, 39.9688052], [32.7987766, 39.9686795]]]}}, {"type": "Feature", "properties": {"pipe_code": "YMH-OSM-P-0750", "pipe_type": "main_line", "diameter_mm": 250, "material": "çelik", "pressure_level": "medium", "operating_pressure_bar": 4.0, "status": "aktif", "install_year": 2012, "district": "Yenimahalle", "source": "synthetic_demo_yenimahalle_osm_20260721", "osm_highway": "secondary", "road_name": "Suadiye Caddesi", "synthetic_notice": "Gerçek altyapı değildir; eğitim ve demo amaçlı sentetik veridir."}, "geometry": {"type": "MultiLineString", "coordinates": [[[32.7990501, 39.9690905], [32.7989796, 39.9690832], [32.7989207, 39.9690676], [32.7988821, 39.9690417], [32.7988352, 39.9689204]]]}}, {"type": "Feature", "properties": {"pipe_code": "YMH-OSM-P-0751", "pipe_type": "main_line", "diameter_mm": 315, "material": "çelik", "pressure_level": "medium", "operating_pressure_bar": 4.0, "status": "aktif", "install_year": 2019, "district": "Yenimahalle", "source": "synthetic_demo_yenimahalle_osm_20260721", "osm_highway": "secondary", "road_name": "Suadiye Caddesi", "synthetic_notice": "Gerçek altyapı değildir; eğitim ve demo amaçlı sentetik veridir."}, "geometry": {"type": "MultiLineString", "coordinates": [[[32.7990501, 39.9690905], [32.7991016, 39.9694424], [32.7992436, 39.970021], [32.7993548, 39.970289], [32.7995597, 39.9705152], [32.7997805, 39.9707207], [32.800146, 39.9709645], [32.8004298, 39.9710667], [32.8008641, 39.971093], [32.8016622, 39.9711056], [32.8035158, 39.9710645], [32.8040262, 39.9710497], [32.8045582, 39.9710342], [32.8048761, 39.971037], [32.8058307, 39.9711359], [32.8067698, 39.9712579], [32.8078236, 39.9714328], [32.8082671, 39.9715091], [32.8089558, 39.971629], [32.8095245, 39.9717422], [32.8097983, 39.9717931], [32.8105748, 39.9719061]]]}}, {"type": "Feature", "properties": {"pipe_code": "YMH-OSM-P-0752", "pipe_type": "main_line", "diameter_mm": 400, "material": "çelik", "pressure_level": "medium", "operating_pressure_bar": 4.0, "status": "aktif", "install_year": 1998, "district": "Yenimahalle", "source": "synthetic_demo_yenimahalle_osm_20260721", "osm_highway": "secondary", "road_name": "Suadiye Caddesi", "synthetic_notice": "Gerçek altyapı değildir; eğitim ve demo amaçlı sentetik veridir."}, "geometry": {"type": "MultiLineString", "coordinates": [[[32.7990798, 39.9686697], [32.7991358, 39.9688034], [32.79917, 39.9689582], [32.7991322, 39.9690381], [32.799092, 39.9690768], [32.7990501, 39.9690905]]]}}, {"type": "Feature", "properties": {"pipe_code": "YMH-OSM-P-0753", "pipe_type": "main_line", "diameter_mm": 250, "material": "çelik", "pressure_level": "medium", "operating_pressure_bar": 4.0, "status": "aktif", "install_year": 2005, "district": "Yenimahalle", "source": "synthetic_demo_yenimahalle_osm_20260721", "osm_highway": "secondary", "road_name": "Ragıp Tüzün Caddesi", "synthetic_notice": "Gerçek altyapı değildir; eğitim ve demo amaçlı sentetik veridir."}, "geometry": {"type": "MultiLineString", "coordinates": [[[32.7992328, 39.9684416], [32.7991943, 39.9685478], [32.7990798, 39.9686697]]]}}, {"type": "Feature", "properties": {"pipe_code": "YMH-OSM-P-0754", "pipe_type": "main_line", "diameter_mm": 315, "material": "çelik", "pressure_level": "medium", "operating_pressure_bar": 4.0, "status": "aktif", "install_year": 2012, "district": "Yenimahalle", "source": "synthetic_demo_yenimahalle_osm_20260721", "osm_highway": "secondary", "road_name": "Ragıp Tüzün Caddesi", "synthetic_notice": "Gerçek altyapı değildir; eğitim ve demo amaçlı sentetik veridir."}, "geometry": {"type": "MultiLineString", "coordinates": [[[32.7989783, 39.968528], [32.7992328, 39.9684416]]]}}, {"type": "Feature", "properties": {"pipe_code": "YMH-OSM-P-0755", "pipe_type": "main_line", "diameter_mm": 400, "material": "çelik", "pressure_level": "medium", "operating_pressure_bar": 4.0, "status": "aktif", "install_year": 2019, "district": "Yenimahalle", "source": "synthetic_demo_yenimahalle_osm_20260721", "osm_highway": "secondary", "road_name": "Uzayçağı Caddesi", "synthetic_notice": "Gerçek altyapı değildir; eğitim ve demo amaçlı sentetik veridir."}, "geometry": {"type": "MultiLineString", "coordinates": [[[32.7498387, 39.9715166], [32.749867, 39.9716799]]]}}, {"type": "Feature", "properties": {"pipe_code": "YMH-OSM-P-0756", "pipe_type": "main_line", "diameter_mm": 250, "material": "çelik", "pressure_level": "medium", "operating_pressure_bar": 4.0, "status": "aktif", "install_year": 1998, "district": "Yenimahalle", "source": "synthetic_demo_yenimahalle_osm_20260721", "osm_highway": "secondary", "road_name": "Uzayçağı Caddesi", "synthetic_notice": "Gerçek altyapı değildir; eğitim ve demo amaçlı sentetik veridir."}, "geometry": {"type": "MultiLineString", "coordinates": [[[32.7498387, 39.9715166], [32.7499425, 39.9708537], [32.7500232, 39.9707844], [32.7501634, 39.970781], [32.7517354, 39.9709416]]]}}, {"type": "Feature", "properties": {"pipe_code": "YMH-OSM-P-0757", "pipe_type": "main_line", "diameter_mm": 315, "material": "çelik", "pressure_level": "medium", "operating_pressure_bar": 4.0, "status": "aktif", "install_year": 2005, "district": "Yenimahalle", "source": "synthetic_demo_yenimahalle_osm_20260721", "osm_highway": "secondary", "road_name": "Suadiye Caddesi", "synthetic_notice": "Gerçek altyapı değildir; eğitim ve demo amaçlı sentetik veridir."}, "geometry": {"type": "MultiLineString", "coordinates": [[[32.7989783, 39.968528], [32.7990798, 39.9686697]]]}}, {"type": "Feature", "properties": {"pipe_code": "YMH-OSM-P-0758", "pipe_type": "main_line", "diameter_mm": 400, "material": "çelik", "pressure_level": "medium", "operating_pressure_bar": 4.0, "status": "aktif", "install_year": 2012, "district": "Yenimahalle", "source": "synthetic_demo_yenimahalle_osm_20260721", "osm_highway": "secondary", "road_name": "Adsız yol", "synthetic_notice": "Gerçek altyapı değildir; eğitim ve demo amaçlı sentetik veridir."}, "geometry": {"type": "MultiLineString", "coordinates": [[[32.7411828, 39.9826639], [32.7411408, 39.9826664], [32.7410997, 39.9826591], [32.7410634, 39.9826427], [32.7410418, 39.9826241], [32.7410354, 39.9826186], [32.7410276, 39.9826052], [32.7410181, 39.9825891]]]}}, {"type": "Feature", "properties": {"pipe_code": "YMH-OSM-P-0759", "pipe_type": "main_line", "diameter_mm": 250, "material": "çelik", "pressure_level": "medium", "operating_pressure_bar": 4.0, "status": "aktif", "install_year": 2019, "district": "Yenimahalle", "source": "synthetic_demo_yenimahalle_osm_20260721", "osm_highway": "secondary", "road_name": "Adsız yol", "synthetic_notice": "Gerçek altyapı değildir; eğitim ve demo amaçlı sentetik veridir."}, "geometry": {"type": "MultiLineString", "coordinates": [[[32.745468, 39.9860427], [32.7453048, 39.9861431]]]}}, {"type": "Feature", "properties": {"pipe_code": "YMH-OSM-P-0760", "pipe_type": "main_line", "diameter_mm": 315, "material": "çelik", "pressure_level": "medium", "operating_pressure_bar": 4.0, "status": "aktif", "install_year": 1998, "district": "Yenimahalle", "source": "synthetic_demo_yenimahalle_osm_20260721", "osm_highway": "secondary", "road_name": "Adsız yol", "synthetic_notice": "Gerçek altyapı değildir; eğitim ve demo amaçlı sentetik veridir."}, "geometry": {"type": "MultiLineString", "coordinates": [[[32.7638698, 39.961894], [32.7638788, 39.9620523]]]}}, {"type": "Feature", "properties": {"pipe_code": "YMH-OSM-P-0761", "pipe_type": "main_line", "diameter_mm": 400, "material": "çelik", "pressure_level": "medium", "operating_pressure_bar": 4.0, "status": "aktif", "install_year": 2005, "district": "Yenimahalle", "source": "synthetic_demo_yenimahalle_osm_20260721", "osm_highway": "secondary", "road_name": "Vatan Caddesi", "synthetic_notice": "Gerçek altyapı değildir; eğitim ve demo amaçlı sentetik veridir."}, "geometry": {"type": "MultiLineString", "coordinates": [[[32.7778811, 39.9706686], [32.7778675, 39.9706314], [32.7778683, 39.9705973], [32.7778736, 39.9705838], [32.7778811, 39.9705647], [32.7778968, 39.9705439], [32.7779174, 39.9705258]]]}}, {"type": "Feature", "properties": {"pipe_code": "YMH-OSM-P-0762", "pipe_type": "main_line", "diameter_mm": 250, "material": "çelik", "pressure_level": "medium", "operating_pressure_bar": 4.0, "status": "aktif", "install_year": 2012, "district": "Yenimahalle", "source": "synthetic_demo_yenimahalle_osm_20260721", "osm_highway": "secondary", "road_name": "Mehmet Akif Ersoy Caddesi", "synthetic_notice": "Gerçek altyapı değildir; eğitim ve demo amaçlı sentetik veridir."}, "geometry": {"type": "MultiLineString", "coordinates": [[[32.7663663, 39.9749074], [32.7665642, 39.9748993]]]}}, {"type": "Feature", "properties": {"pipe_code": "YMH-OSM-P-0763", "pipe_type": "main_line", "diameter_mm": 315, "material": "çelik", "pressure_level": "medium", "operating_pressure_bar": 4.0, "status": "aktif", "install_year": 2019, "district": "Yenimahalle", "source": "synthetic_demo_yenimahalle_osm_20260721", "osm_highway": "secondary", "road_name": "3891. Cadde", "synthetic_notice": "Gerçek altyapı değildir; eğitim ve demo amaçlı sentetik veridir."}, "geometry": {"type": "MultiLineString", "coordinates": [[[32.7721499, 40.0338478], [32.7722175, 40.0337081]]]}}, {"type": "Feature", "properties": {"pipe_code": "YMH-OSM-P-0764", "pipe_type": "main_line", "diameter_mm": 400, "material": "çelik", "pressure_level": "medium", "operating_pressure_bar": 4.0, "status": "aktif", "install_year": 1998, "district": "Yenimahalle", "source": "synthetic_demo_yenimahalle_osm_20260721", "osm_highway": "secondary", "road_name": "Adsız yol", "synthetic_notice": "Gerçek altyapı değildir; eğitim ve demo amaçlı sentetik veridir."}, "geometry": {"type": "MultiLineString", "coordinates": [[[32.7397643, 39.9835813], [32.7399185, 39.9836668]]]}}, {"type": "Feature", "properties": {"pipe_code": "YMH-OSM-P-0765", "pipe_type": "main_line", "diameter_mm": 250, "material": "çelik", "pressure_level": "medium", "operating_pressure_bar": 4.0, "status": "aktif", "install_year": 2005, "district": "Yenimahalle", "source": "synthetic_demo_yenimahalle_osm_20260721", "osm_highway": "secondary", "road_name": "1467. Cadde", "synthetic_notice": "Gerçek altyapı değildir; eğitim ve demo amaçlı sentetik veridir."}, "geometry": {"type": "MultiLineString", "coordinates": [[[32.7348979, 39.9855233], [32.7350375, 39.9854573], [32.7365387, 39.9848658], [32.7365877, 39.9848482], [32.7379867, 39.9843445], [32.7394209, 39.9837419], [32.7395325, 39.9836897], [32.7397643, 39.9835813]]]}}, {"type": "Feature", "properties": {"pipe_code": "YMH-OSM-P-0766", "pipe_type": "main_line", "diameter_mm": 315, "material": "çelik", "pressure_level": "medium", "operating_pressure_bar": 4.0, "status": "aktif", "install_year": 2012, "district": "Yenimahalle", "source": "synthetic_demo_yenimahalle_osm_20260721", "osm_highway": "secondary", "road_name": "1467. Cadde", "synthetic_notice": "Gerçek altyapı değildir; eğitim ve demo amaçlı sentetik veridir."}, "geometry": {"type": "MultiLineString", "coordinates": [[[32.7397643, 39.9835813], [32.7398862, 39.983514], [32.7401576, 39.98334], [32.7405039, 39.9830879], [32.7407438, 39.9828608], [32.7409193, 39.9826972], [32.7410276, 39.9826052]]]}}, {"type": "Feature", "properties": {"pipe_code": "YMH-OSM-P-0767", "pipe_type": "main_line", "diameter_mm": 400, "material": "çelik", "pressure_level": "medium", "operating_pressure_bar": 4.0, "status": "aktif", "install_year": 2019, "district": "Yenimahalle", "source": "synthetic_demo_yenimahalle_osm_20260721", "osm_highway": "secondary", "road_name": "Adsız yol", "synthetic_notice": "Gerçek altyapı değildir; eğitim ve demo amaçlı sentetik veridir."}, "geometry": {"type": "MultiLineString", "coordinates": [[[32.7397785, 39.9837386], [32.7397643, 39.9835813]]]}}, {"type": "Feature", "properties": {"pipe_code": "YMH-OSM-P-0768", "pipe_type": "main_line", "diameter_mm": 250, "material": "çelik", "pressure_level": "medium", "operating_pressure_bar": 4.0, "status": "aktif", "install_year": 1998, "district": "Yenimahalle", "source": "synthetic_demo_yenimahalle_osm_20260721", "osm_highway": "secondary", "road_name": "1467. Cadde", "synthetic_notice": "Gerçek altyapı değildir; eğitim ve demo amaçlı sentetik veridir."}, "geometry": {"type": "MultiLineString", "coordinates": [[[32.7397785, 39.9837386], [32.7396703, 39.9837928], [32.7393944, 39.9839312], [32.7381436, 39.9844507], [32.7380585, 39.984486], [32.7368516, 39.9849187], [32.7367471, 39.9849562], [32.7360196, 39.985226], [32.7352376, 39.9855791], [32.7350268, 39.9856743]]]}}, {"type": "Feature", "properties": {"pipe_code": "YMH-OSM-P-0769", "pipe_type": "main_line", "diameter_mm": 315, "material": "çelik", "pressure_level": "medium", "operating_pressure_bar": 4.0, "status": "aktif", "install_year": 2005, "district": "Yenimahalle", "source": "synthetic_demo_yenimahalle_osm_20260721", "osm_highway": "primary", "road_name": "1467. Cadde", "synthetic_notice": "Gerçek altyapı değildir; eğitim ve demo amaçlı sentetik veridir."}, "geometry": {"type": "MultiLineString", "coordinates": [[[32.7346537, 39.9856447], [32.7346589, 39.9856233], [32.7346811, 39.985584], [32.7347175, 39.9855514], [32.7347648, 39.9855285], [32.7348188, 39.9855173], [32.7348588, 39.9855171], [32.7348979, 39.9855233], [32.7349436, 39.9855402], [32.7349818, 39.9855658], [32.7350096, 39.9855984], [32.735025, 39.9856355], [32.7350268, 39.9856743]]]}}, {"type": "Feature", "properties": {"pipe_code": "YMH-OSM-P-0770", "pipe_type": "main_line", "diameter_mm": 400, "material": "çelik", "pressure_level": "medium", "operating_pressure_bar": 4.0, "status": "aktif", "install_year": 2012, "district": "Yenimahalle", "source": "synthetic_demo_yenimahalle_osm_20260721", "osm_highway": "primary", "road_name": "1467. Cadde", "synthetic_notice": "Gerçek altyapı değildir; eğitim ve demo amaçlı sentetik veridir."}, "geometry": {"type": "MultiLineString", "coordinates": [[[32.7350268, 39.9856743], [32.735019, 39.9857036], [32.7350036, 39.9857307], [32.7349812, 39.9857548], [32.734953, 39.9857749], [32.7349199, 39.9857902], [32.7348835, 39.9857999], [32.7348452, 39.9858037], [32.7348068, 39.9858015], [32.7347806, 39.9857963], [32.7347556, 39.9857884]]]}}, {"type": "Feature", "properties": {"pipe_code": "YMH-OSM-P-0771", "pipe_type": "main_line", "diameter_mm": 250, "material": "çelik", "pressure_level": "medium", "operating_pressure_bar": 4.0, "status": "aktif", "install_year": 2019, "district": "Yenimahalle", "source": "synthetic_demo_yenimahalle_osm_20260721", "osm_highway": "primary", "road_name": "1467. Cadde", "synthetic_notice": "Gerçek altyapı değildir; eğitim ve demo amaçlı sentetik veridir."}, "geometry": {"type": "MultiLineString", "coordinates": [[[32.7347556, 39.9857884], [32.734718, 39.9857691], [32.7346874, 39.9857434], [32.7346658, 39.985713], [32.7346543, 39.9856794], [32.7346537, 39.9856447]]]}}, {"type": "Feature", "properties": {"pipe_code": "YMH-OSM-P-0772", "pipe_type": "main_line", "diameter_mm": 315, "material": "çelik", "pressure_level": "medium", "operating_pressure_bar": 4.0, "status": "aktif", "install_year": 1998, "district": "Yenimahalle", "source": "synthetic_demo_yenimahalle_osm_20260721", "osm_highway": "secondary", "road_name": "1354. Cadde", "synthetic_notice": "Gerçek altyapı değildir; eğitim ve demo amaçlı sentetik veridir."}, "geometry": {"type": "MultiLineString", "coordinates": [[[32.7427616, 39.9863228], [32.7425775, 39.9861618], [32.7420726, 39.9857204], [32.7414937, 39.9852142], [32.741093, 39.9848638], [32.7406845, 39.9845067], [32.7402836, 39.9841561], [32.7398801, 39.9838226], [32.7397785, 39.9837386]]]}}, {"type": "Feature", "properties": {"pipe_code": "YMH-OSM-P-0773", "pipe_type": "main_line", "diameter_mm": 400, "material": "çelik", "pressure_level": "medium", "operating_pressure_bar": 4.0, "status": "aktif", "install_year": 2005, "district": "Yenimahalle", "source": "synthetic_demo_yenimahalle_osm_20260721", "osm_highway": "secondary", "road_name": "İvedik Caddesi", "synthetic_notice": "Gerçek altyapı değildir; eğitim ve demo amaçlı sentetik veridir."}, "geometry": {"type": "MultiLineString", "coordinates": [[[32.7980886, 39.9646647], [32.7981236, 39.9648079]]]}}, {"type": "Feature", "properties": {"pipe_code": "YMH-OSM-P-0774", "pipe_type": "main_line", "diameter_mm": 250, "material": "çelik", "pressure_level": "medium", "operating_pressure_bar": 4.0, "status": "aktif", "install_year": 2012, "district": "Yenimahalle", "source": "synthetic_demo_yenimahalle_osm_20260721", "osm_highway": "secondary", "road_name": "Uzayçağı Caddesi", "synthetic_notice": "Gerçek altyapı değildir; eğitim ve demo amaçlı sentetik veridir."}, "geometry": {"type": "MultiLineString", "coordinates": [[[32.7497299, 39.9716357], [32.7498387, 39.9715166]]]}}, {"type": "Feature", "properties": {"pipe_code": "YMH-OSM-P-0775", "pipe_type": "main_line", "diameter_mm": 315, "material": "çelik", "pressure_level": "medium", "operating_pressure_bar": 4.0, "status": "aktif", "install_year": 2019, "district": "Yenimahalle", "source": "synthetic_demo_yenimahalle_osm_20260721", "osm_highway": "secondary", "road_name": "Adsız yol", "synthetic_notice": "Gerçek altyapı değildir; eğitim ve demo amaçlı sentetik veridir."}, "geometry": {"type": "MultiLineString", "coordinates": [[[32.7410181, 39.9825891], [32.7410132, 39.9825603], [32.7410187, 39.9825316], [32.7410342, 39.9825051], [32.7410585, 39.9824829], [32.7410898, 39.9824666]]]}}, {"type": "Feature", "properties": {"pipe_code": "YMH-OSM-P-0776", "pipe_type": "main_line", "diameter_mm": 400, "material": "çelik", "pressure_level": "medium", "operating_pressure_bar": 4.0, "status": "aktif", "install_year": 1998, "district": "Yenimahalle", "source": "synthetic_demo_yenimahalle_osm_20260721", "osm_highway": "secondary", "road_name": "1620. Cadde", "synthetic_notice": "Gerçek altyapı değildir; eğitim ve demo amaçlı sentetik veridir."}, "geometry": {"type": "MultiLineString", "coordinates": [[[32.7378829, 39.9562217], [32.7377352, 39.9563122]]]}}, {"type": "Feature", "properties": {"pipe_code": "YMH-OSM-P-0777", "pipe_type": "main_line", "diameter_mm": 250, "material": "çelik", "pressure_level": "medium", "operating_pressure_bar": 4.0, "status": "aktif", "install_year": 2005, "district": "Yenimahalle", "source": "synthetic_demo_yenimahalle_osm_20260721", "osm_highway": "secondary", "road_name": "1620. Cadde", "synthetic_notice": "Gerçek altyapı değildir; eğitim ve demo amaçlı sentetik veridir."}, "geometry": {"type": "MultiLineString", "coordinates": [[[32.7377352, 39.9563122], [32.7375874, 39.9563879], [32.7374092, 39.9564632], [32.7372311, 39.9565298], [32.7370305, 39.956595], [32.7368349, 39.956648], [32.7366199, 39.956697], [32.7362042, 39.9567473], [32.7358007, 39.9567961], [32.7354045, 39.9568441], [32.7349829, 39.9568951], [32.7349475, 39.9568994], [32.7348309, 39.9569135]]]}}, {"type": "Feature", "properties": {"pipe_code": "YMH-OSM-P-0778", "pipe_type": "main_line", "diameter_mm": 315, "material": "çelik", "pressure_level": "medium", "operating_pressure_bar": 4.0, "status": "aktif", "install_year": 2012, "district": "Yenimahalle", "source": "synthetic_demo_yenimahalle_osm_20260721", "osm_highway": "secondary", "road_name": "Adsız yol", "synthetic_notice": "Gerçek altyapı değildir; eğitim ve demo amaçlı sentetik veridir."}, "geometry": {"type": "MultiLineString", "coordinates": [[[32.7674509, 39.9951358], [32.7674405, 39.9951128], [32.7674374, 39.9950885], [32.7674418, 39.9950644], [32.7674533, 39.9950416], [32.7674934, 39.9950061]]]}}, {"type": "Feature", "properties": {"pipe_code": "YMH-OSM-P-0779", "pipe_type": "main_line", "diameter_mm": 400, "material": "çelik", "pressure_level": "medium", "operating_pressure_bar": 4.0, "status": "bakımda", "install_year": 2019, "district": "Yenimahalle", "source": "synthetic_demo_yenimahalle_osm_20260721", "osm_highway": "secondary", "road_name": "Vatan Caddesi", "synthetic_notice": "Gerçek altyapı değildir; eğitim ve demo amaçlı sentetik veridir."}, "geometry": {"type": "MultiLineString", "coordinates": [[[32.7751249, 39.974443], [32.7751638, 39.9743847], [32.7751871, 39.9743519], [32.7752111, 39.9743174]]]}}, {"type": "Feature", "properties": {"pipe_code": "YMH-OSM-P-0780", "pipe_type": "main_line", "diameter_mm": 250, "material": "çelik", "pressure_level": "medium", "operating_pressure_bar": 4.0, "status": "aktif", "install_year": 1998, "district": "Yenimahalle", "source": "synthetic_demo_yenimahalle_osm_20260721", "osm_highway": "secondary", "road_name": "Vatan Caddesi", "synthetic_notice": "Gerçek altyapı değildir; eğitim ve demo amaçlı sentetik veridir."}, "geometry": {"type": "MultiLineString", "coordinates": [[[32.7779174, 39.9705258], [32.7779567, 39.9705048], [32.7779865, 39.9704961], [32.778005, 39.9704931], [32.7780426, 39.9704921], [32.7780888, 39.9705002]]]}}, {"type": "Feature", "properties": {"pipe_code": "YMH-OSM-P-0781", "pipe_type": "main_line", "diameter_mm": 315, "material": "çelik", "pressure_level": "medium", "operating_pressure_bar": 4.0, "status": "aktif", "install_year": 2005, "district": "Yenimahalle", "source": "synthetic_demo_yenimahalle_osm_20260721", "osm_highway": "secondary", "road_name": "Vatan Caddesi", "synthetic_notice": "Gerçek altyapı değildir; eğitim ve demo amaçlı sentetik veridir."}, "geometry": {"type": "MultiLineString", "coordinates": [[[32.7780888, 39.9705002], [32.7782381, 39.9704638], [32.7783206, 39.9704559], [32.778435, 39.970445], [32.7790939, 39.9703823], [32.7793074, 39.9703495]]]}}, {"type": "Feature", "properties": {"pipe_code": "YMH-OSM-P-0782", "pipe_type": "main_line", "diameter_mm": 400, "material": "çelik", "pressure_level": "medium", "operating_pressure_bar": 4.0, "status": "aktif", "install_year": 2012, "district": "Yenimahalle", "source": "synthetic_demo_yenimahalle_osm_20260721", "osm_highway": "secondary", "road_name": "Vatan Caddesi", "synthetic_notice": "Gerçek altyapı değildir; eğitim ve demo amaçlı sentetik veridir."}, "geometry": {"type": "MultiLineString", "coordinates": [[[32.7793074, 39.9703495], [32.779654, 39.9702964], [32.779818, 39.9702712], [32.7799556, 39.9702467], [32.7800941, 39.9702145], [32.7803304, 39.9701605], [32.7805173, 39.9700988], [32.780613, 39.9700667], [32.7809015, 39.9699854], [32.7812587, 39.9698851], [32.7816751, 39.9697626], [32.7818003, 39.9697415], [32.7818504, 39.9697435]]]}}, {"type": "Feature", "properties": {"pipe_code": "YMH-OSM-P-0783", "pipe_type": "main_line", "diameter_mm": 250, "material": "çelik", "pressure_level": "medium", "operating_pressure_bar": 4.0, "status": "aktif", "install_year": 2019, "district": "Yenimahalle", "source": "synthetic_demo_yenimahalle_osm_20260721", "osm_highway": "secondary", "road_name": "Vatan Caddesi", "synthetic_notice": "Gerçek altyapı değildir; eğitim ve demo amaçlı sentetik veridir."}, "geometry": {"type": "MultiLineString", "coordinates": [[[32.7818504, 39.9697435], [32.7818141, 39.9697742], [32.7817226, 39.9698433], [32.7816307, 39.9698912], [32.7815555, 39.9699224], [32.7809727, 39.9701246]]]}}, {"type": "Feature", "properties": {"pipe_code": "YMH-OSM-P-0784", "pipe_type": "main_line", "diameter_mm": 315, "material": "çelik", "pressure_level": "medium", "operating_pressure_bar": 4.0, "status": "aktif", "install_year": 1998, "district": "Yenimahalle", "source": "synthetic_demo_yenimahalle_osm_20260721", "osm_highway": "secondary", "road_name": "Sami Efendi Caddesi", "synthetic_notice": "Gerçek altyapı değildir; eğitim ve demo amaçlı sentetik veridir."}, "geometry": {"type": "MultiLineString", "coordinates": [[[32.7804964, 39.9693557], [32.7808261, 39.9698383], [32.7809015, 39.9699854], [32.7809217, 39.9700249], [32.7809727, 39.9701246]]]}}, {"type": "Feature", "properties": {"pipe_code": "YMH-OSM-P-0785", "pipe_type": "main_line", "diameter_mm": 400, "material": "çelik", "pressure_level": "medium", "operating_pressure_bar": 4.0, "status": "aktif", "install_year": 2005, "district": "Yenimahalle", "source": "synthetic_demo_yenimahalle_osm_20260721", "osm_highway": "secondary", "road_name": "Sami Efendi Caddesi", "synthetic_notice": "Gerçek altyapı değildir; eğitim ve demo amaçlı sentetik veridir."}, "geometry": {"type": "MultiLineString", "coordinates": [[[32.7806608, 39.9702172], [32.7806393, 39.9701333], [32.780613, 39.9700667], [32.7805899, 39.970008], [32.7805744, 39.9698356], [32.7804964, 39.9693557]]]}}, {"type": "Feature", "properties": {"pipe_code": "YMH-OSM-P-0786", "pipe_type": "main_line", "diameter_mm": 250, "material": "çelik", "pressure_level": "medium", "operating_pressure_bar": 4.0, "status": "aktif", "install_year": 2012, "district": "Yenimahalle", "source": "synthetic_demo_yenimahalle_osm_20260721", "osm_highway": "secondary", "road_name": "Vatan Caddesi", "synthetic_notice": "Gerçek altyapı değildir; eğitim ve demo amaçlı sentetik veridir."}, "geometry": {"type": "MultiLineString", "coordinates": [[[32.7818504, 39.9697435], [32.7826309, 39.9694802]]]}}, {"type": "Feature", "properties": {"pipe_code": "YMH-OSM-P-0787", "pipe_type": "main_line", "diameter_mm": 315, "material": "çelik", "pressure_level": "medium", "operating_pressure_bar": 4.0, "status": "aktif", "install_year": 2019, "district": "Yenimahalle", "source": "synthetic_demo_yenimahalle_osm_20260721", "osm_highway": "secondary", "road_name": "Vatan Caddesi", "synthetic_notice": "Gerçek altyapı değildir; eğitim ve demo amaçlı sentetik veridir."}, "geometry": {"type": "MultiLineString", "coordinates": [[[32.7809727, 39.9701246], [32.7808772, 39.9701559], [32.7807463, 39.9701932], [32.7806608, 39.9702172], [32.7805784, 39.9702444], [32.7804556, 39.9702785], [32.7802428, 39.9703198]]]}}, {"type": "Feature", "properties": {"pipe_code": "YMH-OSM-P-0788", "pipe_type": "main_line", "diameter_mm": 400, "material": "çelik", "pressure_level": "medium", "operating_pressure_bar": 4.0, "status": "aktif", "install_year": 1998, "district": "Yenimahalle", "source": "synthetic_demo_yenimahalle_osm_20260721", "osm_highway": "secondary", "road_name": "Vatan Caddesi", "synthetic_notice": "Gerçek altyapı değildir; eğitim ve demo amaçlı sentetik veridir."}, "geometry": {"type": "MultiLineString", "coordinates": [[[32.7802428, 39.9703198], [32.7800587, 39.970359], [32.7795284, 39.9704572], [32.7792489, 39.9705025], [32.7787577, 39.9705653], [32.7785817, 39.9705923], [32.7783993, 39.970629], [32.7783713, 39.9706358], [32.7782903, 39.9706555], [32.7782187, 39.9706766], [32.7781636, 39.9706875]]]}}, {"type": "Feature", "properties": {"pipe_code": "YMH-OSM-P-0789", "pipe_type": "main_line", "diameter_mm": 250, "material": "çelik", "pressure_level": "medium", "operating_pressure_bar": 4.0, "status": "aktif", "install_year": 2005, "district": "Yenimahalle", "source": "synthetic_demo_yenimahalle_osm_20260721", "osm_highway": "secondary", "road_name": "Vatan Caddesi", "synthetic_notice": "Gerçek altyapı değildir; eğitim ve demo amaçlı sentetik veridir."}, "geometry": {"type": "MultiLineString", "coordinates": [[[32.7780888, 39.9705002], [32.7781292, 39.9705178], [32.7781615, 39.9705433], [32.7781836, 39.9705761], [32.7781924, 39.9706169], [32.778185, 39.9706539], [32.7781636, 39.9706875]]]}}, {"type": "Feature", "properties": {"pipe_code": "YMH-OSM-P-0790", "pipe_type": "main_line", "diameter_mm": 315, "material": "çelik", "pressure_level": "medium", "operating_pressure_bar": 4.0, "status": "aktif", "install_year": 2012, "district": "Yenimahalle", "source": "synthetic_demo_yenimahalle_osm_20260721", "osm_highway": "secondary", "road_name": "Sami Efendi Caddesi", "synthetic_notice": "Gerçek altyapı değildir; eğitim ve demo amaçlı sentetik veridir."}, "geometry": {"type": "MultiLineString", "coordinates": [[[32.7804562, 39.9691613], [32.7804964, 39.9693557]]]}}, {"type": "Feature", "properties": {"pipe_code": "YMH-OSM-P-0791", "pipe_type": "main_line", "diameter_mm": 400, "material": "çelik", "pressure_level": "medium", "operating_pressure_bar": 4.0, "status": "aktif", "install_year": 2019, "district": "Yenimahalle", "source": "synthetic_demo_yenimahalle_osm_20260721", "osm_highway": "secondary", "road_name": "Sami Efendi Caddesi", "synthetic_notice": "Gerçek altyapı değildir; eğitim ve demo amaçlı sentetik veridir."}, "geometry": {"type": "MultiLineString", "coordinates": [[[32.7800562, 39.9667257], [32.7801875, 39.9679464], [32.7801987, 39.9680513], [32.7803597, 39.9690133], [32.7804562, 39.9691613]]]}}, {"type": "Feature", "properties": {"pipe_code": "YMH-OSM-P-0792", "pipe_type": "main_line", "diameter_mm": 250, "material": "çelik", "pressure_level": "medium", "operating_pressure_bar": 4.0, "status": "aktif", "install_year": 1998, "district": "Yenimahalle", "source": "synthetic_demo_yenimahalle_osm_20260721", "osm_highway": "secondary", "road_name": "Sami Efendi Caddesi", "synthetic_notice": "Gerçek altyapı değildir; eğitim ve demo amaçlı sentetik veridir."}, "geometry": {"type": "MultiLineString", "coordinates": [[[32.7816464, 39.9611467], [32.7813727, 39.9611796], [32.7806983, 39.9613122], [32.7804677, 39.9613575], [32.7803671, 39.9613773], [32.7801671, 39.9614166], [32.7799174, 39.9615016], [32.7798774, 39.9615152], [32.7796301, 39.9616949], [32.779673, 39.9619663], [32.7796716, 39.9620845], [32.7796623, 39.9628544], [32.7799198, 39.9649924], [32.7799651, 39.9652736], [32.780013, 39.9657243], [32.7800517, 39.9664821], [32.7800562, 39.9667257]]]}}, {"type": "Feature", "properties": {"pipe_code": "YMH-OSM-P-0793", "pipe_type": "main_line", "diameter_mm": 315, "material": "çelik", "pressure_level": "medium", "operating_pressure_bar": 4.0, "status": "aktif", "install_year": 2005, "district": "Yenimahalle", "source": "synthetic_demo_yenimahalle_osm_20260721", "osm_highway": "secondary", "road_name": "Yeşilay Caddesi", "synthetic_notice": "Gerçek altyapı değildir; eğitim ve demo amaçlı sentetik veridir."}, "geometry": {"type": "MultiLineString", "coordinates": [[[32.7800562, 39.9667257], [32.779892, 39.9667213], [32.7783472, 39.9667046], [32.7759646, 39.9666389]]]}}, {"type": "Feature", "properties": {"pipe_code": "YMH-OSM-P-0794", "pipe_type": "main_line", "diameter_mm": 400, "material": "çelik", "pressure_level": "medium", "operating_pressure_bar": 4.0, "status": "aktif", "install_year": 2012, "district": "Yenimahalle", "source": "synthetic_demo_yenimahalle_osm_20260721", "osm_highway": "secondary", "road_name": "Haydarcan Kılıçdoğan Caddesi", "synthetic_notice": "Gerçek altyapı değildir; eğitim ve demo amaçlı sentetik veridir."}, "geometry": {"type": "MultiLineString", "coordinates": [[[32.6985463, 39.9650414], [32.69854, 39.9651782]]]}}, {"type": "Feature", "properties": {"pipe_code": "YMH-OSM-P-0795", "pipe_type": "main_line", "diameter_mm": 250, "material": "çelik", "pressure_level": "medium", "operating_pressure_bar": 4.0, "status": "aktif", "install_year": 2019, "district": "Yenimahalle", "source": "synthetic_demo_yenimahalle_osm_20260721", "osm_highway": "secondary", "road_name": "3585. Cadde", "synthetic_notice": "Gerçek altyapı değildir; eğitim ve demo amaçlı sentetik veridir."}, "geometry": {"type": "MultiLineString", "coordinates": [[[32.7665718, 40.0367393], [32.7665908, 40.0367704], [32.7665942, 40.0368117], [32.7665857, 40.0368376], [32.7665625, 40.0368665]]]}}, {"type": "Feature", "properties": {"pipe_code": "YMH-OSM-P-0796", "pipe_type": "main_line", "diameter_mm": 315, "material": "çelik", "pressure_level": "medium", "operating_pressure_bar": 4.0, "status": "aktif", "install_year": 1998, "district": "Yenimahalle", "source": "synthetic_demo_yenimahalle_osm_20260721", "osm_highway": "secondary", "road_name": "Adsız yol", "synthetic_notice": "Gerçek altyapı değildir; eğitim ve demo amaçlı sentetik veridir."}, "geometry": {"type": "MultiLineString", "coordinates": [[[32.6869657, 39.9808105], [32.6870914, 39.9807146]]]}}, {"type": "Feature", "properties": {"pipe_code": "YMH-OSM-P-0797", "pipe_type": "main_line", "diameter_mm": 400, "material": "çelik", "pressure_level": "medium", "operating_pressure_bar": 4.0, "status": "aktif", "install_year": 2005, "district": "Yenimahalle", "source": "synthetic_demo_yenimahalle_osm_20260721", "osm_highway": "secondary", "road_name": "İvedik Caddesi", "synthetic_notice": "Gerçek altyapı değildir; eğitim ve demo amaçlı sentetik veridir."}, "geometry": {"type": "MultiLineString", "coordinates": [[[32.7808944, 40.0058036], [32.780944, 40.0057766], [32.7809645, 40.0057707], [32.7809901, 40.0057665], [32.7810223, 40.0057663], [32.7810551, 40.0057751]]]}}, {"type": "Feature", "properties": {"pipe_code": "YMH-OSM-P-0798", "pipe_type": "main_line", "diameter_mm": 250, "material": "çelik", "pressure_level": "medium", "operating_pressure_bar": 4.0, "status": "aktif", "install_year": 2012, "district": "Yenimahalle", "source": "synthetic_demo_yenimahalle_osm_20260721", "osm_highway": "secondary", "road_name": "Serhat Caddesi", "synthetic_notice": "Gerçek altyapı değildir; eğitim ve demo amaçlı sentetik veridir."}, "geometry": {"type": "MultiLineString", "coordinates": [[[32.7642976, 39.9810975], [32.764241, 39.9809703]]]}}, {"type": "Feature", "properties": {"pipe_code": "YMH-OSM-P-0799", "pipe_type": "main_line", "diameter_mm": 315, "material": "çelik", "pressure_level": "medium", "operating_pressure_bar": 4.0, "status": "aktif", "install_year": 2019, "district": "Yenimahalle", "source": "synthetic_demo_yenimahalle_osm_20260721", "osm_highway": "secondary", "road_name": "1354. Cadde", "synthetic_notice": "Gerçek altyapı değildir; eğitim ve demo amaçlı sentetik veridir."}, "geometry": {"type": "MultiLineString", "coordinates": [[[32.7429273, 39.9864471], [32.7428942, 39.9864507], [32.7428224, 39.9864362], [32.742776, 39.9864004]]]}}, {"type": "Feature", "properties": {"pipe_code": "YMH-OSM-P-0800", "pipe_type": "main_line", "diameter_mm": 400, "material": "çelik", "pressure_level": "medium", "operating_pressure_bar": 4.0, "status": "aktif", "install_year": 1998, "district": "Yenimahalle", "source": "synthetic_demo_yenimahalle_osm_20260721", "osm_highway": "secondary", "road_name": "Yeşilay Caddesi", "synthetic_notice": "Gerçek altyapı değildir; eğitim ve demo amaçlı sentetik veridir."}, "geometry": {"type": "MultiLineString", "coordinates": [[[32.7759646, 39.9666389], [32.7758076, 39.9666915]]]}}, {"type": "Feature", "properties": {"pipe_code": "YMH-OSM-P-0801", "pipe_type": "main_line", "diameter_mm": 250, "material": "çelik", "pressure_level": "medium", "operating_pressure_bar": 4.0, "status": "aktif", "install_year": 2005, "district": "Yenimahalle", "source": "synthetic_demo_yenimahalle_osm_20260721", "osm_highway": "secondary", "road_name": "1354. Cadde", "synthetic_notice": "Gerçek altyapı değildir; eğitim ve demo amaçlı sentetik veridir."}, "geometry": {"type": "MultiLineString", "coordinates": [[[32.7427616, 39.9863228], [32.7427842, 39.9862867], [32.7428302, 39.986257], [32.7428873, 39.9862458]]]}}, {"type": "Feature", "properties": {"pipe_code": "YMH-OSM-P-0802", "pipe_type": "main_line", "diameter_mm": 315, "material": "çelik", "pressure_level": "medium", "operating_pressure_bar": 4.0, "status": "aktif", "install_year": 2012, "district": "Yenimahalle", "source": "synthetic_demo_yenimahalle_osm_20260721", "osm_highway": "secondary", "road_name": "1467. Cadde", "synthetic_notice": "Gerçek altyapı değildir; eğitim ve demo amaçlı sentetik veridir."}, "geometry": {"type": "MultiLineString", "coordinates": [[[32.7399185, 39.9836668], [32.7397785, 39.9837386]]]}}, {"type": "Feature", "properties": {"pipe_code": "YMH-OSM-P-0803", "pipe_type": "main_line", "diameter_mm": 400, "material": "çelik", "pressure_level": "medium", "operating_pressure_bar": 4.0, "status": "aktif", "install_year": 2019, "district": "Yenimahalle", "source": "synthetic_demo_yenimahalle_osm_20260721", "osm_highway": "secondary", "road_name": "Yeşilay Caddesi", "synthetic_notice": "Gerçek altyapı değildir; eğitim ve demo amaçlı sentetik veridir."}, "geometry": {"type": "MultiLineString", "coordinates": [[[32.775805, 39.9666035], [32.7759646, 39.9666389]]]}}, {"type": "Feature", "properties": {"pipe_code": "YMH-OSM-P-0804", "pipe_type": "main_line", "diameter_mm": 250, "material": "çelik", "pressure_level": "medium", "operating_pressure_bar": 4.0, "status": "pasif", "install_year": 1998, "district": "Yenimahalle", "source": "synthetic_demo_yenimahalle_osm_20260721", "osm_highway": "secondary", "road_name": "Mehmet Akif Ersoy Caddesi", "synthetic_notice": "Gerçek altyapı değildir; eğitim ve demo amaçlı sentetik veridir."}, "geometry": {"type": "MultiLineString", "coordinates": [[[32.766574, 39.9749593], [32.7664118, 39.9749779]]]}}, {"type": "Feature", "properties": {"pipe_code": "YMH-OSM-P-0805", "pipe_type": "main_line", "diameter_mm": 315, "material": "çelik", "pressure_level": "medium", "operating_pressure_bar": 4.0, "status": "aktif", "install_year": 2005, "district": "Yenimahalle", "source": "synthetic_demo_yenimahalle_osm_20260721", "osm_highway": "secondary", "road_name": "Mehmet Akif Ersoy Caddesi", "synthetic_notice": "Gerçek altyapı değildir; eğitim ve demo amaçlı sentetik veridir."}, "geometry": {"type": "MultiLineString", "coordinates": [[[32.7664118, 39.9749779], [32.765828, 39.97502]]]}}, {"type": "Feature", "properties": {"pipe_code": "YMH-OSM-P-0806", "pipe_type": "main_line", "diameter_mm": 400, "material": "çelik", "pressure_level": "medium", "operating_pressure_bar": 4.0, "status": "aktif", "install_year": 2012, "district": "Yenimahalle", "source": "synthetic_demo_yenimahalle_osm_20260721", "osm_highway": "secondary", "road_name": "Mehmet Akif Ersoy Caddesi", "synthetic_notice": "Gerçek altyapı değildir; eğitim ve demo amaçlı sentetik veridir."}, "geometry": {"type": "MultiLineString", "coordinates": [[[32.765828, 39.97502], [32.7656669, 39.9750318]]]}}, {"type": "Feature", "properties": {"pipe_code": "YMH-OSM-P-0807", "pipe_type": "main_line", "diameter_mm": 250, "material": "çelik", "pressure_level": "medium", "operating_pressure_bar": 4.0, "status": "aktif", "install_year": 2019, "district": "Yenimahalle", "source": "synthetic_demo_yenimahalle_osm_20260721", "osm_highway": "secondary", "road_name": "Adsız yol", "synthetic_notice": "Gerçek altyapı değildir; eğitim ve demo amaçlı sentetik veridir."}, "geometry": {"type": "MultiLineString", "coordinates": [[[32.7351394, 39.9726551], [32.7349927, 39.9726031]]]}}, {"type": "Feature", "properties": {"pipe_code": "YMH-OSM-P-0808", "pipe_type": "main_line", "diameter_mm": 315, "material": "çelik", "pressure_level": "medium", "operating_pressure_bar": 4.0, "status": "aktif", "install_year": 1998, "district": "Yenimahalle", "source": "synthetic_demo_yenimahalle_osm_20260721", "osm_highway": "secondary", "road_name": "Adsız yol", "synthetic_notice": "Gerçek altyapı değildir; eğitim ve demo amaçlı sentetik veridir."}, "geometry": {"type": "MultiLineString", "coordinates": [[[32.7392477, 39.9735442], [32.7392783, 39.9735363], [32.7393106, 39.9735359], [32.7393415, 39.9735432], [32.739368, 39.9735573], [32.7393876, 39.973577]]]}}, {"type": "Feature", "properties": {"pipe_code": "YMH-OSM-P-0809", "pipe_type": "main_line", "diameter_mm": 400, "material": "çelik", "pressure_level": "medium", "operating_pressure_bar": 4.0, "status": "aktif", "install_year": 2005, "district": "Yenimahalle", "source": "synthetic_demo_yenimahalle_osm_20260721", "osm_highway": "secondary", "road_name": "1587. Cadde", "synthetic_notice": "Gerçek altyapı değildir; eğitim ve demo amaçlı sentetik veridir."}, "geometry": {"type": "MultiLineString", "coordinates": [[[32.7480324, 39.9599707], [32.7480443, 39.9599767], [32.7480573, 39.9599833], [32.7480796, 39.9600028], [32.7480938, 39.9600256], [32.7480967, 39.9600379], [32.7480995, 39.9600499], [32.7480968, 39.9600745]]]}}, {"type": "Feature", "properties": {"pipe_code": "YMH-OSM-P-0810", "pipe_type": "main_line", "diameter_mm": 250, "material": "çelik", "pressure_level": "medium", "operating_pressure_bar": 4.0, "status": "aktif", "install_year": 2012, "district": "Yenimahalle", "source": "synthetic_demo_yenimahalle_osm_20260721", "osm_highway": "secondary", "road_name": "Adsız yol", "synthetic_notice": "Gerçek altyapı değildir; eğitim ve demo amaçlı sentetik veridir."}, "geometry": {"type": "MultiLineString", "coordinates": [[[32.7471103, 39.9848815], [32.7470696, 39.9848743], [32.7470338, 39.9848579], [32.7470064, 39.9848338], [32.7469919, 39.9848094]]]}}, {"type": "Feature", "properties": {"pipe_code": "YMH-OSM-P-0811", "pipe_type": "main_line", "diameter_mm": 315, "material": "çelik", "pressure_level": "medium", "operating_pressure_bar": 4.0, "status": "aktif", "install_year": 2019, "district": "Yenimahalle", "source": "synthetic_demo_yenimahalle_osm_20260721", "osm_highway": "secondary", "road_name": "Abdulkadir Geylani Caddesi", "synthetic_notice": "Gerçek altyapı değildir; eğitim ve demo amaçlı sentetik veridir."}, "geometry": {"type": "MultiLineString", "coordinates": [[[32.7469919, 39.9848094], [32.7469262, 39.9847551], [32.7448396, 39.9839876], [32.7433077, 39.9834188], [32.7420426, 39.982949], [32.7412682, 39.9826841], [32.7412022, 39.9826576]]]}}, {"type": "Feature", "properties": {"pipe_code": "YMH-OSM-P-0812", "pipe_type": "main_line", "diameter_mm": 400, "material": "çelik", "pressure_level": "medium", "operating_pressure_bar": 4.0, "status": "aktif", "install_year": 1998, "district": "Yenimahalle", "source": "synthetic_demo_yenimahalle_osm_20260721", "osm_highway": "secondary", "road_name": "Adsız yol", "synthetic_notice": "Gerçek altyapı değildir; eğitim ve demo amaçlı sentetik veridir."}, "geometry": {"type": "MultiLineString", "coordinates": [[[32.7469919, 39.9848094], [32.746986, 39.9847799], [32.7469915, 39.9847504], [32.7470078, 39.9847233], [32.7470336, 39.984701], [32.7470668, 39.9846853], [32.7470955, 39.9846787]]]}}, {"type": "Feature", "properties": {"pipe_code": "YMH-OSM-P-0813", "pipe_type": "main_line", "diameter_mm": 250, "material": "çelik", "pressure_level": "medium", "operating_pressure_bar": 4.0, "status": "aktif", "install_year": 2005, "district": "Yenimahalle", "source": "synthetic_demo_yenimahalle_osm_20260721", "osm_highway": "secondary", "road_name": "Uzayçağı Caddesi", "synthetic_notice": "Gerçek altyapı değildir; eğitim ve demo amaçlı sentetik veridir."}, "geometry": {"type": "MultiLineString", "coordinates": [[[32.7470955, 39.9846787], [32.7473558, 39.9842149], [32.7477725, 39.9834745], [32.747964, 39.9831342], [32.7481442, 39.9828141], [32.748165, 39.9827772], [32.7482122, 39.9826933], [32.7482345, 39.9826536], [32.7482945, 39.9825553], [32.7483833, 39.9824046], [32.7487341, 39.9818091], [32.7491835, 39.9810386], [32.7495581, 39.9803897], [32.7495761, 39.9803427], [32.7496325, 39.9801667]]]}}, {"type": "Feature", "properties": {"pipe_code": "YMH-OSM-P-0814", "pipe_type": "main_line", "diameter_mm": 315, "material": "çelik", "pressure_level": "medium", "operating_pressure_bar": 4.0, "status": "aktif", "install_year": 2012, "district": "Yenimahalle", "source": "synthetic_demo_yenimahalle_osm_20260721", "osm_highway": "secondary", "road_name": "Adsız yol", "synthetic_notice": "Gerçek altyapı değildir; eğitim ve demo amaçlı sentetik veridir."}, "geometry": {"type": "MultiLineString", "coordinates": [[[32.7496325, 39.9801667], [32.749632, 39.9800739], [32.7496346, 39.9800405], [32.7496671, 39.9799436]]]}}, {"type": "Feature", "properties": {"pipe_code": "YMH-OSM-P-0815", "pipe_type": "main_line", "diameter_mm": 400, "material": "çelik", "pressure_level": "medium", "operating_pressure_bar": 4.0, "status": "aktif", "install_year": 2019, "district": "Yenimahalle", "source": "synthetic_demo_yenimahalle_osm_20260721", "osm_highway": "secondary", "road_name": "Uzayçağı Caddesi", "synthetic_notice": "Gerçek altyapı değildir; eğitim ve demo amaçlı sentetik veridir."}, "geometry": {"type": "MultiLineString", "coordinates": [[[32.7496671, 39.9799436], [32.7496546, 39.9797773], [32.749617, 39.979657], [32.7493589, 39.9792366], [32.7490696, 39.9788261], [32.7486789, 39.9781401]]]}}, {"type": "Feature", "properties": {"pipe_code": "YMH-OSM-P-0816", "pipe_type": "main_line", "diameter_mm": 250, "material": "çelik", "pressure_level": "medium", "operating_pressure_bar": 4.0, "status": "aktif", "install_year": 1998, "district": "Yenimahalle", "source": "synthetic_demo_yenimahalle_osm_20260721", "osm_highway": "secondary", "road_name": "Adsız yol", "synthetic_notice": "Gerçek altyapı değildir; eğitim ve demo amaçlı sentetik veridir."}, "geometry": {"type": "MultiLineString", "coordinates": [[[32.7498948, 39.9801643], [32.7496325, 39.9801667]]]}}, {"type": "Feature", "properties": {"pipe_code": "YMH-OSM-P-0817", "pipe_type": "main_line", "diameter_mm": 315, "material": "çelik", "pressure_level": "medium", "operating_pressure_bar": 4.0, "status": "aktif", "install_year": 2005, "district": "Yenimahalle", "source": "synthetic_demo_yenimahalle_osm_20260721", "osm_highway": "secondary", "road_name": "Uzayçağı Caddesi", "synthetic_notice": "Gerçek altyapı değildir; eğitim ve demo amaçlı sentetik veridir."}, "geometry": {"type": "MultiLineString", "coordinates": [[[32.7498948, 39.9801643], [32.7497356, 39.980343], [32.7496789, 39.9804412], [32.749333, 39.9810403], [32.7492125, 39.9812498], [32.7488662, 39.9818522], [32.7486612, 39.9821978], [32.7485046, 39.9824686], [32.7483938, 39.98266]]]}}, {"type": "Feature", "properties": {"pipe_code": "YMH-OSM-P-0818", "pipe_type": "main_line", "diameter_mm": 400, "material": "çelik", "pressure_level": "medium", "operating_pressure_bar": 4.0, "status": "aktif", "install_year": 2012, "district": "Yenimahalle", "source": "synthetic_demo_yenimahalle_osm_20260721", "osm_highway": "secondary", "road_name": "Uzayçağı Caddesi", "synthetic_notice": "Gerçek altyapı değildir; eğitim ve demo amaçlı sentetik veridir."}, "geometry": {"type": "MultiLineString", "coordinates": [[[32.7483938, 39.98266], [32.7483037, 39.9828185], [32.7482849, 39.9828515], [32.7480915, 39.9831917], [32.7475401, 39.9841645], [32.7474696, 39.9842818], [32.7472268, 39.9847183]]]}}, {"type": "Feature", "properties": {"pipe_code": "YMH-OSM-P-0819", "pipe_type": "main_line", "diameter_mm": 250, "material": "çelik", "pressure_level": "medium", "operating_pressure_bar": 4.0, "status": "aktif", "install_year": 2019, "district": "Yenimahalle", "source": "synthetic_demo_yenimahalle_osm_20260721", "osm_highway": "secondary", "road_name": "Mehmet Zahit Kotku Caddesi", "synthetic_notice": "Gerçek altyapı değildir; eğitim ve demo amaçlı sentetik veridir."}, "geometry": {"type": "MultiLineString", "coordinates": [[[32.7520467, 39.9803185], [32.7519301, 39.9802833], [32.7517697, 39.9802415], [32.751547, 39.9801888], [32.7508726, 39.9801531], [32.7503676, 39.9801173], [32.7502036, 39.9801318], [32.7501196, 39.9801357], [32.7498948, 39.9801643]]]}}, {"type": "Feature", "properties": {"pipe_code": "YMH-OSM-P-0820", "pipe_type": "main_line", "diameter_mm": 315, "material": "çelik", "pressure_level": "medium", "operating_pressure_bar": 4.0, "status": "bakımda", "install_year": 1998, "district": "Yenimahalle", "source": "synthetic_demo_yenimahalle_osm_20260721", "osm_highway": "secondary", "road_name": "Adsız yol", "synthetic_notice": "Gerçek altyapı değildir; eğitim ve demo amaçlı sentetik veridir."}, "geometry": {"type": "MultiLineString", "coordinates": [[[32.7499106, 39.9799322], [32.7499335, 39.9799943], [32.7499439, 39.9800343], [32.7499349, 39.9800934], [32.7498948, 39.9801643]]]}}, {"type": "Feature", "properties": {"pipe_code": "YMH-OSM-P-0821", "pipe_type": "main_line", "diameter_mm": 400, "material": "çelik", "pressure_level": "medium", "operating_pressure_bar": 4.0, "status": "aktif", "install_year": 2005, "district": "Yenimahalle", "source": "synthetic_demo_yenimahalle_osm_20260721", "osm_highway": "secondary", "road_name": "Uzayçağı Caddesi", "synthetic_notice": "Gerçek altyapı değildir; eğitim ve demo amaçlı sentetik veridir."}, "geometry": {"type": "MultiLineString", "coordinates": [[[32.7489006, 39.9780995], [32.7496434, 39.9793713], [32.7498532, 39.9797302], [32.7499106, 39.9799322]]]}}, {"type": "Feature", "properties": {"pipe_code": "YMH-OSM-P-0822", "pipe_type": "main_line", "diameter_mm": 250, "material": "çelik", "pressure_level": "medium", "operating_pressure_bar": 4.0, "status": "aktif", "install_year": 2012, "district": "Yenimahalle", "source": "synthetic_demo_yenimahalle_osm_20260721", "osm_highway": "secondary", "road_name": "Mehmet Zahit Kotku Caddesi", "synthetic_notice": "Gerçek altyapı değildir; eğitim ve demo amaçlı sentetik veridir."}, "geometry": {"type": "MultiLineString", "coordinates": [[[32.7499106, 39.9799322], [32.7500793, 39.9799372], [32.7501375, 39.9799406], [32.7503413, 39.9799591], [32.7507831, 39.9800012], [32.7511765, 39.9800307], [32.7520003, 39.9800856], [32.7521657, 39.9800949]]]}}, {"type": "Feature", "properties": {"pipe_code": "YMH-OSM-P-0823", "pipe_type": "main_line", "diameter_mm": 315, "material": "çelik", "pressure_level": "medium", "operating_pressure_bar": 4.0, "status": "aktif", "install_year": 2019, "district": "Yenimahalle", "source": "synthetic_demo_yenimahalle_osm_20260721", "osm_highway": "secondary", "road_name": "Adsız yol", "synthetic_notice": "Gerçek altyapı değildir; eğitim ve demo amaçlı sentetik veridir."}, "geometry": {"type": "MultiLineString", "coordinates": [[[32.7489006, 39.9780995], [32.7488653, 39.9781308], [32.7488186, 39.9781515], [32.7487656, 39.9781593], [32.7487122, 39.9781534], [32.7486789, 39.9781401], [32.7486643, 39.9781343], [32.7486511, 39.9781236], [32.7486272, 39.9781042]]]}}, {"type": "Feature", "properties": {"pipe_code": "YMH-OSM-P-0824", "pipe_type": "main_line", "diameter_mm": 400, "material": "çelik", "pressure_level": "medium", "operating_pressure_bar": 4.0, "status": "aktif", "install_year": 1998, "district": "Yenimahalle", "source": "synthetic_demo_yenimahalle_osm_20260721", "osm_highway": "secondary", "road_name": "Ahi Evran Caddesi", "synthetic_notice": "Gerçek altyapı değildir; eğitim ve demo amaçlı sentetik veridir."}, "geometry": {"type": "MultiLineString", "coordinates": [[[32.7486272, 39.9781042], [32.7475164, 39.9777223], [32.7446095, 39.9767131], [32.7443986, 39.9766503], [32.7410605, 39.9755103], [32.7409712, 39.9754701], [32.7408268, 39.975303], [32.7407049, 39.9751619], [32.740669, 39.9751203], [32.740292, 39.9746839], [32.7402046, 39.9745827], [32.7400889, 39.9744729], [32.7397125, 39.974116], [32.7392643, 39.9736908]]]}}, {"type": "Feature", "properties": {"pipe_code": "YMH-OSM-P-0825", "pipe_type": "main_line", "diameter_mm": 250, "material": "çelik", "pressure_level": "medium", "operating_pressure_bar": 4.0, "status": "aktif", "install_year": 2005, "district": "Yenimahalle", "source": "synthetic_demo_yenimahalle_osm_20260721", "osm_highway": "secondary", "road_name": "Enerji Caddesi", "synthetic_notice": "Gerçek altyapı değildir; eğitim ve demo amaçlı sentetik veridir."}, "geometry": {"type": "MultiLineString", "coordinates": [[[32.7392643, 39.9736908], [32.7377119, 39.9738506], [32.7375218, 39.9738878], [32.7374647, 39.9739311], [32.7373982, 39.9739815], [32.7372623, 39.9742049], [32.7367625, 39.9749592], [32.7363577, 39.975651]]]}}, {"type": "Feature", "properties": {"pipe_code": "YMH-OSM-P-0826", "pipe_type": "main_line", "diameter_mm": 315, "material": "çelik", "pressure_level": "medium", "operating_pressure_bar": 4.0, "status": "aktif", "install_year": 2012, "district": "Yenimahalle", "source": "synthetic_demo_yenimahalle_osm_20260721", "osm_highway": "secondary", "road_name": "Adsız yol", "synthetic_notice": "Gerçek altyapı değildir; eğitim ve demo amaçlı sentetik veridir."}, "geometry": {"type": "MultiLineString", "coordinates": [[[32.7472268, 39.9847183], [32.7472476, 39.9847501], [32.7472529, 39.9847865], [32.7472411, 39.984822], [32.7472137, 39.984852], [32.7471867, 39.9848662], [32.7471743, 39.9848728], [32.7471279, 39.9848816]]]}}, {"type": "Feature", "properties": {"pipe_code": "YMH-OSM-P-0827", "pipe_type": "main_line", "diameter_mm": 400, "material": "çelik", "pressure_level": "medium", "operating_pressure_bar": 4.0, "status": "aktif", "install_year": 2019, "district": "Yenimahalle", "source": "synthetic_demo_yenimahalle_osm_20260721", "osm_highway": "secondary", "road_name": "Adsız yol", "synthetic_notice": "Gerçek altyapı değildir; eğitim ve demo amaçlı sentetik veridir."}, "geometry": {"type": "MultiLineString", "coordinates": [[[32.7475112, 39.985051], [32.7473728, 39.984992], [32.7471279, 39.9848816]]]}}, {"type": "Feature", "properties": {"pipe_code": "YMH-OSM-P-0828", "pipe_type": "main_line", "diameter_mm": 250, "material": "çelik", "pressure_level": "medium", "operating_pressure_bar": 4.0, "status": "aktif", "install_year": 1998, "district": "Yenimahalle", "source": "synthetic_demo_yenimahalle_osm_20260721", "osm_highway": "secondary", "road_name": "Uzayçağı Caddesi", "synthetic_notice": "Gerçek altyapı değildir; eğitim ve demo amaçlı sentetik veridir."}, "geometry": {"type": "MultiLineString", "coordinates": [[[32.7472476, 39.9847501], [32.7475112, 39.985051]]]}}, {"type": "Feature", "properties": {"pipe_code": "YMH-OSM-P-0829", "pipe_type": "main_line", "diameter_mm": 315, "material": "çelik", "pressure_level": "medium", "operating_pressure_bar": 4.0, "status": "aktif", "install_year": 2005, "district": "Yenimahalle", "source": "synthetic_demo_yenimahalle_osm_20260721", "osm_highway": "secondary", "road_name": "Adsız yol", "synthetic_notice": "Gerçek altyapı değildir; eğitim ve demo amaçlı sentetik veridir."}, "geometry": {"type": "MultiLineString", "coordinates": [[[32.7486272, 39.9781042], [32.7486055, 39.9780675], [32.7486002, 39.9780274], [32.748612, 39.9779882], [32.7486396, 39.9779539], [32.7486594, 39.9779413], [32.74868, 39.9779281]]]}}, {"type": "Feature", "properties": {"pipe_code": "YMH-OSM-P-0830", "pipe_type": "main_line", "diameter_mm": 400, "material": "çelik", "pressure_level": "medium", "operating_pressure_bar": 4.0, "status": "aktif", "install_year": 2012, "district": "Yenimahalle", "source": "synthetic_demo_yenimahalle_osm_20260721", "osm_highway": "secondary", "road_name": "Uzayçağı Caddesi", "synthetic_notice": "Gerçek altyapı değildir; eğitim ve demo amaçlı sentetik veridir."}, "geometry": {"type": "MultiLineString", "coordinates": [[[32.74868, 39.9779281], [32.7490886, 39.9771613], [32.7495309, 39.9764041], [32.7499964, 39.9756072], [32.7504168, 39.9748666], [32.7508547, 39.9740963], [32.7511365, 39.9735805]]]}}, {"type": "Feature", "properties": {"pipe_code": "YMH-OSM-P-0831", "pipe_type": "main_line", "diameter_mm": 250, "material": "çelik", "pressure_level": "medium", "operating_pressure_bar": 4.0, "status": "aktif", "install_year": 2019, "district": "Yenimahalle", "source": "synthetic_demo_yenimahalle_osm_20260721", "osm_highway": "secondary", "road_name": "Uzayçağı Caddesi", "synthetic_notice": "Gerçek altyapı değildir; eğitim ve demo amaçlı sentetik veridir."}, "geometry": {"type": "MultiLineString", "coordinates": [[[32.7511365, 39.9735805], [32.7513001, 39.9732341], [32.751575, 39.9725413]]]}}, {"type": "Feature", "properties": {"pipe_code": "YMH-OSM-P-0832", "pipe_type": "main_line", "diameter_mm": 315, "material": "çelik", "pressure_level": "medium", "operating_pressure_bar": 4.0, "status": "aktif", "install_year": 1998, "district": "Yenimahalle", "source": "synthetic_demo_yenimahalle_osm_20260721", "osm_highway": "secondary", "road_name": "Uzayçağı Caddesi", "synthetic_notice": "Gerçek altyapı değildir; eğitim ve demo amaçlı sentetik veridir."}, "geometry": {"type": "MultiLineString", "coordinates": [[[32.751575, 39.9725413], [32.7516258, 39.9723449], [32.7516799, 39.9721424], [32.7517308, 39.9718026]]]}}, {"type": "Feature", "properties": {"pipe_code": "YMH-OSM-P-0833", "pipe_type": "main_line", "diameter_mm": 400, "material": "çelik", "pressure_level": "medium", "operating_pressure_bar": 4.0, "status": "aktif", "install_year": 2005, "district": "Yenimahalle", "source": "synthetic_demo_yenimahalle_osm_20260721", "osm_highway": "secondary", "road_name": "Uzayçağı Caddesi", "synthetic_notice": "Gerçek altyapı değildir; eğitim ve demo amaçlı sentetik veridir."}, "geometry": {"type": "MultiLineString", "coordinates": [[[32.7517308, 39.9718026], [32.7517667, 39.9715562], [32.7518588, 39.9707409], [32.751913, 39.9702355], [32.7519391, 39.9700616], [32.7520206, 39.9697313], [32.7520881, 39.9696315], [32.7521521, 39.9695367], [32.7522071, 39.9694553], [32.7527599, 39.968876], [32.7533781, 39.9682282], [32.7534616, 39.9681406], [32.754, 39.9675764], [32.7546071, 39.9668431], [32.7551786, 39.9661476], [32.7556942, 39.9655125], [32.7561629, 39.9649352], [32.7562572, 39.9647676], [32.7563097, 39.9645798], [32.7563143, 39.9644003], [32.7562618, 39.9642281], [32.756201, 39.9640722], [32.75611, 39.9638394], [32.7560895, 39.9637869], [32.7560305, 39.9636358]]]}}, {"type": "Feature", "properties": {"pipe_code": "YMH-OSM-P-0834", "pipe_type": "main_line", "diameter_mm": 250, "material": "çelik", "pressure_level": "medium", "operating_pressure_bar": 4.0, "status": "aktif", "install_year": 2012, "district": "Yenimahalle", "source": "synthetic_demo_yenimahalle_osm_20260721", "osm_highway": "secondary", "road_name": "Adsız yol", "synthetic_notice": "Gerçek altyapı değildir; eğitim ve demo amaçlı sentetik veridir."}, "geometry": {"type": "MultiLineString", "coordinates": [[[32.74868, 39.9779281], [32.7487296, 39.9779136], [32.7487826, 39.9779121], [32.7488335, 39.9779238], [32.7488766, 39.9779475], [32.7489075, 39.9779807], [32.7489227, 39.9780197]]]}}, {"type": "Feature", "properties": {"pipe_code": "YMH-OSM-P-0835", "pipe_type": "main_line", "diameter_mm": 315, "material": "çelik", "pressure_level": "medium", "operating_pressure_bar": 4.0, "status": "aktif", "install_year": 2019, "district": "Yenimahalle", "source": "synthetic_demo_yenimahalle_osm_20260721", "osm_highway": "secondary", "road_name": "Uzayçağı Caddesi", "synthetic_notice": "Gerçek altyapı değildir; eğitim ve demo amaçlı sentetik veridir."}, "geometry": {"type": "MultiLineString", "coordinates": [[[32.751263, 39.9735902], [32.7512358, 39.9736559], [32.7511653, 39.9737992], [32.7509588, 39.9741725], [32.7504683, 39.9750592], [32.7503293, 39.9753092], [32.750119, 39.9756874], [32.749701, 39.9764392], [32.749235, 39.9772619], [32.7489614, 39.9777231], [32.7489175, 39.9778463], [32.7489227, 39.9780197]]]}}, {"type": "Feature", "properties": {"pipe_code": "YMH-OSM-P-0836", "pipe_type": "main_line", "diameter_mm": 400, "material": "çelik", "pressure_level": "medium", "operating_pressure_bar": 4.0, "status": "aktif", "install_year": 1998, "district": "Yenimahalle", "source": "synthetic_demo_yenimahalle_osm_20260721", "osm_highway": "secondary", "road_name": "Uzayçağı Caddesi", "synthetic_notice": "Gerçek altyapı değildir; eğitim ve demo amaçlı sentetik veridir."}, "geometry": {"type": "MultiLineString", "coordinates": [[[32.75168, 39.9725431], [32.7514677, 39.9730707], [32.7514333, 39.9731564], [32.751263, 39.9735902]]]}}, {"type": "Feature", "properties": {"pipe_code": "YMH-OSM-P-0837", "pipe_type": "main_line", "diameter_mm": 250, "material": "çelik", "pressure_level": "medium", "operating_pressure_bar": 4.0, "status": "aktif", "install_year": 2005, "district": "Yenimahalle", "source": "synthetic_demo_yenimahalle_osm_20260721", "osm_highway": "secondary", "road_name": "Uzayçağı Caddesi", "synthetic_notice": "Gerçek altyapı değildir; eğitim ve demo amaçlı sentetik veridir."}, "geometry": {"type": "MultiLineString", "coordinates": [[[32.7518421, 39.9717894], [32.7517668, 39.9722627], [32.75168, 39.9725431]]]}}, {"type": "Feature", "properties": {"pipe_code": "YMH-OSM-P-0838", "pipe_type": "main_line", "diameter_mm": 315, "material": "çelik", "pressure_level": "medium", "operating_pressure_bar": 4.0, "status": "aktif", "install_year": 2012, "district": "Yenimahalle", "source": "synthetic_demo_yenimahalle_osm_20260721", "osm_highway": "secondary", "road_name": "Uzayçağı Caddesi", "synthetic_notice": "Gerçek altyapı değildir; eğitim ve demo amaçlı sentetik veridir."}, "geometry": {"type": "MultiLineString", "coordinates": [[[32.7562467, 39.9635847], [32.7563236, 39.963795], [32.7564031, 39.9640144], [32.7564089, 39.9640337], [32.7564992, 39.9643345], [32.7565117, 39.9645568], [32.7564085, 39.9647757], [32.7563722, 39.9648527], [32.7556751, 39.9657005], [32.7552709, 39.9662007], [32.7544968, 39.9671406], [32.7540638, 39.9676665], [32.7535704, 39.9681981], [32.7534898, 39.9682895], [32.7526573, 39.9691832], [32.7523391, 39.9695248], [32.7522284, 39.9697287], [32.7521526, 39.9697835], [32.7520759, 39.9700967], [32.7519914, 39.9707963], [32.7518421, 39.9717894]]]}}, {"type": "Feature", "properties": {"pipe_code": "YMH-OSM-P-0839", "pipe_type": "main_line", "diameter_mm": 400, "material": "çelik", "pressure_level": "medium", "operating_pressure_bar": 4.0, "status": "aktif", "install_year": 2019, "district": "Yenimahalle", "source": "synthetic_demo_yenimahalle_osm_20260721", "osm_highway": "secondary", "road_name": "Adsız yol", "synthetic_notice": "Gerçek altyapı değildir; eğitim ve demo amaçlı sentetik veridir."}, "geometry": {"type": "MultiLineString", "coordinates": [[[32.7496671, 39.9799436], [32.7497552, 39.9799331], [32.7498039, 39.9799287], [32.7499106, 39.9799322]]]}}, {"type": "Feature", "properties": {"pipe_code": "YMH-OSM-P-0840", "pipe_type": "main_line", "diameter_mm": 250, "material": "çelik", "pressure_level": "medium", "operating_pressure_bar": 4.0, "status": "aktif", "install_year": 1998, "district": "Yenimahalle", "source": "synthetic_demo_yenimahalle_osm_20260721", "osm_highway": "secondary", "road_name": "Adsız yol", "synthetic_notice": "Gerçek altyapı değildir; eğitim ve demo amaçlı sentetik veridir."}, "geometry": {"type": "MultiLineString", "coordinates": [[[32.7674934, 39.9950061], [32.7675413, 39.994989], [32.767594, 39.9949872], [32.7676437, 39.9950007]]]}}, {"type": "Feature", "properties": {"pipe_code": "YMH-OSM-P-0841", "pipe_type": "main_line", "diameter_mm": 315, "material": "çelik", "pressure_level": "medium", "operating_pressure_bar": 4.0, "status": "aktif", "install_year": 2005, "district": "Yenimahalle", "source": "synthetic_demo_yenimahalle_osm_20260721", "osm_highway": "secondary", "road_name": "Adsız yol", "synthetic_notice": "Gerçek altyapı değildir; eğitim ve demo amaçlı sentetik veridir."}, "geometry": {"type": "MultiLineString", "coordinates": [[[32.7001979, 39.9592831], [32.7003515, 39.9593082]]]}}, {"type": "Feature", "properties": {"pipe_code": "YMH-OSM-P-0842", "pipe_type": "main_line", "diameter_mm": 400, "material": "çelik", "pressure_level": "medium", "operating_pressure_bar": 4.0, "status": "aktif", "install_year": 2012, "district": "Yenimahalle", "source": "synthetic_demo_yenimahalle_osm_20260721", "osm_highway": "secondary", "road_name": "313. Cadde", "synthetic_notice": "Gerçek altyapı değildir; eğitim ve demo amaçlı sentetik veridir."}, "geometry": {"type": "MultiLineString", "coordinates": [[[32.7758076, 39.9666915], [32.7758111, 39.9668097]]]}}, {"type": "Feature", "properties": {"pipe_code": "YMH-OSM-P-0843", "pipe_type": "main_line", "diameter_mm": 250, "material": "çelik", "pressure_level": "medium", "operating_pressure_bar": 4.0, "status": "aktif", "install_year": 2019, "district": "Yenimahalle", "source": "synthetic_demo_yenimahalle_osm_20260721", "osm_highway": "secondary", "road_name": "Adsız yol", "synthetic_notice": "Gerçek altyapı değildir; eğitim ve demo amaçlı sentetik veridir."}, "geometry": {"type": "MultiLineString", "coordinates": [[[32.7663674, 39.9747994], [32.7664603, 39.9747059]]]}}, {"type": "Feature", "properties": {"pipe_code": "YMH-OSM-P-0844", "pipe_type": "main_line", "diameter_mm": 315, "material": "çelik", "pressure_level": "medium", "operating_pressure_bar": 4.0, "status": "aktif", "install_year": 1998, "district": "Yenimahalle", "source": "synthetic_demo_yenimahalle_osm_20260721", "osm_highway": "secondary", "road_name": "1354. Cadde", "synthetic_notice": "Gerçek altyapı değildir; eğitim ve demo amaçlı sentetik veridir."}, "geometry": {"type": "MultiLineString", "coordinates": [[[32.7430083, 39.9862869], [32.7430192, 39.9863186], [32.7430244, 39.9863398], [32.7430217, 39.9863707], [32.7430078, 39.9863985]]]}}, {"type": "Feature", "properties": {"pipe_code": "YMH-OSM-P-0845", "pipe_type": "main_line", "diameter_mm": 400, "material": "çelik", "pressure_level": "medium", "operating_pressure_bar": 4.0, "status": "aktif", "install_year": 2005, "district": "Yenimahalle", "source": "synthetic_demo_yenimahalle_osm_20260721", "osm_highway": "secondary", "road_name": "313. Cadde", "synthetic_notice": "Gerçek altyapı değildir; eğitim ve demo amaçlı sentetik veridir."}, "geometry": {"type": "MultiLineString", "coordinates": [[[32.7757187, 39.9668061], [32.775721, 39.9666916]]]}}, {"type": "Feature", "properties": {"pipe_code": "YMH-OSM-P-0846", "pipe_type": "main_line", "diameter_mm": 250, "material": "çelik", "pressure_level": "medium", "operating_pressure_bar": 4.0, "status": "aktif", "install_year": 2012, "district": "Yenimahalle", "source": "synthetic_demo_yenimahalle_osm_20260721", "osm_highway": "secondary", "road_name": "Alınteri Bulvarı", "synthetic_notice": "Gerçek altyapı değildir; eğitim ve demo amaçlı sentetik veridir."}, "geometry": {"type": "MultiLineString", "coordinates": [[[32.7497299, 39.9716357], [32.749867, 39.9716799]]]}}, {"type": "Feature", "properties": {"pipe_code": "YMH-OSM-P-0847", "pipe_type": "main_line", "diameter_mm": 315, "material": "çelik", "pressure_level": "medium", "operating_pressure_bar": 4.0, "status": "aktif", "install_year": 2019, "district": "Yenimahalle", "source": "synthetic_demo_yenimahalle_osm_20260721", "osm_highway": "secondary", "road_name": "266. Cadde", "synthetic_notice": "Gerçek altyapı değildir; eğitim ve demo amaçlı sentetik veridir."}, "geometry": {"type": "MultiLineString", "coordinates": [[[32.7757472, 39.9664989], [32.775805, 39.9666035]]]}}, {"type": "Feature", "properties": {"pipe_code": "YMH-OSM-P-0848", "pipe_type": "main_line", "diameter_mm": 400, "material": "çelik", "pressure_level": "medium", "operating_pressure_bar": 4.0, "status": "aktif", "install_year": 1998, "district": "Yenimahalle", "source": "synthetic_demo_yenimahalle_osm_20260721", "osm_highway": "secondary", "road_name": "266. Cadde", "synthetic_notice": "Gerçek altyapı değildir; eğitim ve demo amaçlı sentetik veridir."}, "geometry": {"type": "MultiLineString", "coordinates": [[[32.7759317, 39.9661], [32.7758649, 39.9662331], [32.7757693, 39.9664238], [32.7757601, 39.9664551], [32.7757472, 39.9664989]]]}}, {"type": "Feature", "properties": {"pipe_code": "YMH-OSM-P-0849", "pipe_type": "main_line", "diameter_mm": 250, "material": "çelik", "pressure_level": "medium", "operating_pressure_bar": 4.0, "status": "aktif", "install_year": 2005, "district": "Yenimahalle", "source": "synthetic_demo_yenimahalle_osm_20260721", "osm_highway": "secondary", "road_name": "266. Cadde", "synthetic_notice": "Gerçek altyapı değildir; eğitim ve demo amaçlı sentetik veridir."}, "geometry": {"type": "MultiLineString", "coordinates": [[[32.7761887, 39.9656072], [32.7761907, 39.9656678], [32.7761233, 39.9657981], [32.7759878, 39.9660603], [32.7759317, 39.9661]]]}}, {"type": "Feature", "properties": {"pipe_code": "YMH-OSM-P-0850", "pipe_type": "main_line", "diameter_mm": 315, "material": "çelik", "pressure_level": "medium", "operating_pressure_bar": 4.0, "status": "aktif", "install_year": 2012, "district": "Yenimahalle", "source": "synthetic_demo_yenimahalle_osm_20260721", "osm_highway": "secondary", "road_name": "266. Cadde", "synthetic_notice": "Gerçek altyapı değildir; eğitim ve demo amaçlı sentetik veridir."}, "geometry": {"type": "MultiLineString", "coordinates": [[[32.776923, 39.9619395], [32.7769348, 39.9619919], [32.7769437, 39.9620313], [32.7769651, 39.9621527], [32.7769705, 39.9621793], [32.7771953, 39.9633413], [32.7772105, 39.9634931], [32.7771947, 39.9635616], [32.7771417, 39.9636882], [32.7769155, 39.9641719], [32.7768628, 39.9642845], [32.7767365, 39.9645277], [32.776699, 39.9645999], [32.7766787, 39.9646352], [32.7766125, 39.9647544], [32.7761887, 39.9656072]]]}}]}